phase,frame_ms,skin_ms,step_ms,graph_ms,path_ms,groups
1 · Chia phần giữ A,16.6749,5.9488,0.0000,235.7378,1.3754,1
1 · Chia phần giữ A,266.5983,5.8966,5.3132,0.0000,0.0000,1
1 · Chia phần giữ A,32.4388,5.8283,1.3676,0.0000,0.0000,1
1 · Chia phần giữ A,17.4305,5.8714,0.7184,0.0000,0.0000,1
1 · Chia phần giữ A,16.6676,6.0558,0.7128,0.0000,0.0000,1
1 · Chia phần giữ A,16.6905,5.9909,0.7159,0.0000,0.0000,1
1 · Chia phần giữ A,16.6664,6.0051,0.7177,0.0000,0.0000,1
1 · Chia phần giữ A,16.6676,5.7297,0.7060,0.0000,0.0000,1
1 · Chia phần giữ A,16.6663,5.6235,0.7195,0.0000,0.0000,1
1 · Chia phần giữ A,16.7074,6.1159,0.7103,0.0000,0.0000,1
1 · Chia phần giữ A,16.6663,6.0611,0.7052,0.0000,0.0000,1
1 · Chia phần giữ A,16.6674,5.9548,0.7169,0.0000,0.0000,1
1 · Chia phần giữ A,16.6668,6.0731,0.8448,0.0000,0.0000,1
1 · Chia phần giữ A,16.6666,6.0942,0.7785,0.0000,0.0000,1
1 · Chia phần giữ A,16.6663,6.2424,0.7334,0.0000,0.0000,1
1 · Chia phần giữ A,16.6671,6.0545,0.7103,0.0000,0.0000,1
1 · Chia phần giữ A,16.6661,5.9783,0.7207,0.0000,0.0000,1
1 · Chia phần giữ A,16.6666,6.3425,0.7385,0.0000,0.0000,1
1 · Chia phần giữ A,16.6682,6.4547,0.7184,0.0000,0.0000,1
1 · Chia phần giữ A,16.6658,6.3523,0.7593,0.0000,0.0000,1
1 · Chia phần giữ A,16.6678,6.5412,0.7571,0.0000,0.0000,1
1 · Chia phần giữ A,16.6670,6.4868,0.7336,0.0000,0.0000,1
1 · Chia phần giữ A,16.6660,6.5174,0.7773,0.0000,0.0000,1
1 · Chia phần giữ A,16.6667,6.4856,0.7429,0.0000,0.0000,1
1 · Chia phần giữ A,16.6695,6.3966,0.7552,0.0000,0.0000,1
1 · Chia phần giữ A,16.6645,6.3683,0.7774,0.0000,0.0000,1
1 · Chia phần giữ A,16.6689,6.2641,0.7684,0.0000,0.0000,1
1 · Chia phần giữ A,16.6643,6.5237,0.8163,0.0000,0.0000,1
1 · Chia phần giữ A,16.6679,6.3394,0.9240,0.0000,0.0000,1
1 · Chia phần giữ A,16.6667,6.1928,0.8442,0.0000,0.0000,1
1 · Chia phần giữ A,16.6654,6.3024,0.7312,0.0000,0.0000,1
1 · Chia phần giữ A,16.6663,6.2648,0.7338,0.0000,0.0000,1
1 · Chia phần giữ A,16.6670,6.2898,0.7779,0.0000,0.0000,1
1 · Chia phần giữ A,16.6665,6.2952,0.7218,0.0000,0.0000,1
1 · Chia phần giữ A,16.6670,6.4795,0.7427,0.0000,0.0000,1
1 · Chia phần giữ A,16.6666,6.3887,0.7222,0.0000,0.0000,1
1 · Chia phần giữ A,16.6675,6.2858,0.7308,0.0000,0.0000,1
1 · Chia phần giữ A,16.6659,6.4066,0.7261,0.0000,0.0000,1
1 · Chia phần giữ A,16.6676,6.4432,0.7305,0.0000,0.0000,1
1 · Chia phần giữ A,16.6669,6.3535,0.7125,0.0000,0.0000,1
1 · Chia phần giữ A,16.6664,6.3703,0.7545,0.0000,0.0000,1
1 · Chia phần giữ A,16.6662,6.4894,0.7262,0.0000,0.0000,1
1 · Chia phần giữ A,16.6677,6.4556,0.7294,0.0000,0.0000,1
1 · Chia phần giữ A,16.6668,6.3301,0.7412,0.0000,0.0000,1
1 · Chia phần giữ A,16.6664,6.5135,0.7947,0.0000,0.0000,1
1 · Chia phần giữ A,16.6669,6.4847,0.8030,0.0000,0.0000,1
1 · Chia phần giữ A,16.6671,6.4974,0.7944,0.0000,0.0000,1
1 · Chia phần giữ A,16.6658,6.3812,0.7798,0.0000,0.0000,1
1 · Chia phần giữ A,16.6678,6.4272,0.7950,0.0000,0.0000,1
1 · Chia phần giữ A,16.6660,6.2782,0.7275,0.0000,0.0000,1
1 · Chia phần giữ A,16.6677,6.3151,0.7209,0.0000,0.0000,1
1 · Chia phần giữ A,16.6653,6.4006,0.7378,0.0000,0.0000,1
1 · Chia phần giữ A,16.6679,6.2818,0.7459,0.0000,0.0000,1
1 · Chia phần giữ A,16.6668,6.4495,0.7707,0.0000,0.0000,1
1 · Chia phần giữ A,16.6667,6.5527,0.7392,0.0000,0.0000,1
1 · Chia phần giữ A,16.6678,6.5024,0.8213,0.0000,0.0000,1
1 · Chia phần giữ A,16.6673,6.5728,0.8121,0.0000,0.0000,1
1 · Chia phần giữ A,16.6656,6.5069,0.8113,0.0000,0.0000,1
1 · Chia phần giữ A,16.6658,6.6279,0.8348,0.0000,0.0000,1
1 · Chia phần giữ A,16.6673,6.1556,0.8146,0.0000,0.0000,1
1 · Chia phần giữ A,16.6679,6.3218,0.8035,0.0000,0.0000,1
1 · Chia phần giữ A,16.6660,6.3441,0.8446,0.0000,0.0000,1
1 · Chia phần giữ A,16.6666,6.4837,0.8250,0.0000,0.0000,1
1 · Chia phần giữ A,16.6671,6.1200,0.8334,0.0000,0.0000,1
1 · Chia phần giữ A,16.6675,6.3894,0.8161,0.0000,0.0000,1
1 · Chia phần giữ A,16.6651,6.2131,0.8189,0.0000,0.0000,1
1 · Chia phần giữ A,16.6671,6.2363,0.8267,0.0000,0.0000,1
1 · Chia phần giữ A,16.6681,6.0106,0.8265,0.0000,0.0000,1
1 · Chia phần giữ A,16.6661,6.1624,0.7944,0.0000,0.0000,1
1 · Chia phần giữ A,16.6652,6.1092,0.7407,0.0000,0.0000,1
1 · Chia phần giữ A,16.6670,6.0869,0.7292,0.0000,0.0000,1
1 · Chia phần giữ A,16.6766,6.2128,0.7248,0.0000,0.0000,1
1 · Chia phần giữ A,16.6661,6.1162,1.5521,0.0000,0.0000,1
1 · Chia phần giữ A,16.6688,6.2508,0.8881,0.0000,0.0000,1
1 · Chia phần giữ A,16.6640,6.2880,0.7756,0.0000,0.0000,1
1 · Chia phần giữ A,16.6670,6.1357,0.8089,0.0000,0.0000,1
1 · Chia phần giữ A,16.6673,6.0964,0.7924,0.0000,0.0000,1
1 · Chia phần giữ A,16.6663,6.4650,0.7827,0.0000,0.0000,1
1 · Chia phần giữ A,16.6669,6.4222,0.8842,0.0000,0.0000,1
1 · Chia phần giữ A,16.6698,7.0537,0.9384,0.0000,0.0000,1
1 · Chia phần giữ A,16.6654,6.2426,0.9504,0.0000,0.0000,1
1 · Chia phần giữ A,16.6650,6.0233,0.8019,0.0000,0.0000,1
1 · Chia phần giữ A,16.6668,6.0803,0.8563,0.0000,0.0000,1
1 · Chia phần giữ A,16.6667,6.0209,0.8155,0.0000,0.0000,1
1 · Chia phần giữ A,16.6667,6.0881,0.8067,0.0000,0.0000,1
1 · Chia phần giữ A,16.6668,5.9605,0.8389,0.0000,0.0000,1
1 · Chia phần giữ A,16.6676,6.3315,0.8220,0.0000,0.0000,1
1 · Chia phần giữ A,16.6665,6.1636,0.8866,0.0000,0.0000,1
1 · Chia phần giữ A,16.6670,6.1021,0.8319,0.0000,0.0000,1
1 · Chia phần giữ A,16.6660,6.0177,0.8589,0.0000,0.0000,1
1 · Chia phần giữ A,16.6674,6.0285,0.8375,0.0000,0.0000,1
1 · Chia phần giữ A,16.6680,6.0721,0.8638,0.0000,0.0000,1
1 · Chia phần giữ A,16.6657,6.0078,0.8726,0.0000,0.0000,1
1 · Chia phần giữ A,16.6691,6.0214,0.9658,0.0000,0.0000,1
1 · Chia phần giữ A,16.6648,6.0935,1.0135,0.0000,0.0000,1
1 · Chia phần giữ A,16.6662,5.8686,0.8862,0.0000,0.0000,1
1 · Chia phần giữ A,16.6667,5.7804,1.1418,0.0000,0.0000,1
1 · Chia phần giữ A,16.6704,5.5900,0.9248,0.0000,0.0000,1
1 · Chia phần giữ A,16.6635,5.8165,0.8411,0.0000,0.0000,1
1 · Chia phần giữ A,16.6692,5.7115,0.9745,0.0000,0.0000,1
1 · Chia phần giữ A,16.6648,6.0350,0.8596,0.0000,0.0000,1
1 · Chia phần giữ A,16.6684,6.0642,0.8398,0.0000,0.0000,1
1 · Chia phần giữ A,16.6660,6.1513,1.0253,0.0000,0.0000,1
1 · Chia phần giữ A,16.6649,6.0619,0.7929,0.0000,0.0000,1
1 · Chia phần giữ A,16.6664,5.8902,0.7804,0.0000,0.0000,1
1 · Chia phần giữ A,16.6665,5.9523,0.7564,0.0000,0.0000,1
1 · Chia phần giữ A,16.6674,6.0533,0.7405,0.0000,0.0000,1
1 · Chia phần giữ A,16.6667,5.9973,0.7445,0.0000,0.0000,1
1 · Chia phần giữ A,16.6669,5.6420,0.8424,0.0000,0.0000,1
1 · Chia phần giữ A,16.6660,5.6429,0.7640,0.0000,0.0000,1
1 · Chia phần giữ A,16.6665,5.7572,0.7429,0.0000,0.0000,1
1 · Chia phần giữ A,16.6676,5.6808,0.7697,0.0000,0.0000,1
1 · Chia phần giữ A,16.6665,5.6624,0.8008,0.0000,0.0000,1
1 · Chia phần giữ A,16.6679,5.6065,0.8051,0.0000,0.0000,1
1 · Chia phần giữ A,16.6660,5.7439,0.8194,0.0000,0.0000,1
1 · Chia phần giữ A,16.6680,5.4666,0.8121,235.6272,0.7263,1
1 · Chia phần giữ A,249.4686,6.0379,4.3829,0.0000,0.0000,1
1 · Chia phần giữ A,16.6667,5.6692,0.7159,0.0000,0.0000,1
1 · Chia phần giữ A,16.6674,5.7306,0.7380,0.0000,0.0000,1
1 · Chia phần giữ A,17.2503,5.9661,0.8035,0.0000,0.0000,1
1 · Chia phần giữ A,16.6658,6.1725,0.7809,0.0000,0.0000,1
1 · Chia phần giữ A,16.6665,6.1837,0.7430,0.0000,0.0000,1
1 · Chia phần giữ A,16.6676,5.7770,0.7548,0.0000,0.0000,1
1 · Chia phần giữ A,16.6666,5.7737,0.7567,0.0000,0.0000,1
1 · Chia phần giữ A,16.6674,5.5683,0.8052,0.0000,0.0000,1
1 · Chia phần giữ A,16.6662,6.0530,0.7991,0.0000,0.0000,1
1 · Chia phần giữ A,16.6672,6.2077,0.7795,0.0000,0.0000,1
1 · Chia phần giữ A,16.6662,6.5250,0.7947,0.0000,0.0000,1
1 · Chia phần giữ A,16.6673,6.2287,0.7648,0.0000,0.0000,1
1 · Chia phần giữ A,16.6660,6.2511,0.7965,0.0000,0.0000,1
1 · Chia phần giữ A,16.6669,6.3890,0.8048,0.0000,0.0000,1
1 · Chia phần giữ A,16.6667,6.3031,0.7758,0.0000,0.0000,1
1 · Chia phần giữ A,16.6673,6.4825,0.8451,0.0000,0.0000,1
1 · Chia phần giữ A,16.6670,6.2330,0.7997,0.0000,0.0000,1
1 · Chia phần giữ A,16.6666,6.4569,0.8616,0.0000,0.0000,1
1 · Chia phần giữ A,16.6680,6.2513,0.9120,0.0000,0.0000,1
1 · Chia phần giữ A,16.6656,6.3276,0.8210,0.0000,0.0000,1
1 · Chia phần giữ A,16.6655,6.1529,0.7521,0.0000,0.0000,1
1 · Chia phần giữ A,16.6676,6.1926,0.7885,0.0000,0.0000,1
1 · Chia phần giữ A,16.6688,6.2778,0.8379,0.0000,0.0000,1
1 · Chia phần giữ A,16.6789,6.1283,0.8570,0.0000,0.0000,1
1 · Chia phần giữ A,16.6628,6.0517,0.7717,0.0000,0.0000,1
1 · Chia phần giữ A,16.6664,6.2430,0.7880,0.0000,0.0000,1
1 · Chia phần giữ A,16.6668,6.1972,0.7638,0.0000,0.0000,1
1 · Chia phần giữ A,16.6665,6.1464,0.7575,0.0000,0.0000,1
1 · Chia phần giữ A,16.6660,5.9880,0.7636,0.0000,0.0000,1
1 · Chia phần giữ A,16.6672,5.9292,0.7944,0.0000,0.0000,1
1 · Chia phần giữ A,16.6670,6.0601,0.7555,0.0000,0.0000,1
1 · Chia phần giữ A,16.6783,6.3442,0.7716,0.0000,0.0000,1
1 · Chia phần giữ A,16.6651,6.0407,0.7597,0.0000,0.0000,1
1 · Chia phần giữ A,16.6667,6.0403,0.7744,0.0000,0.0000,1
1 · Chia phần giữ A,16.6677,6.1558,0.7654,0.0000,0.0000,1
1 · Chia phần giữ A,16.6660,6.3072,0.7544,0.0000,0.0000,1
1 · Chia phần giữ A,16.6674,6.3014,0.7895,0.0000,0.0000,1
1 · Chia phần giữ A,16.6676,6.0321,0.9742,0.0000,0.0000,1
1 · Chia phần giữ A,16.6654,6.1547,0.7700,0.0000,0.0000,1
1 · Chia phần giữ A,16.6668,6.1578,0.7760,0.0000,0.0000,1
1 · Chia phần giữ A,16.6666,6.1442,0.7675,0.0000,0.0000,1
1 · Chia phần giữ A,16.6672,6.1769,0.7762,0.0000,0.0000,1
1 · Chia phần giữ A,16.6666,6.1323,0.7582,0.0000,0.0000,1
1 · Chia phần giữ A,16.6669,6.3827,0.7789,0.0000,0.0000,1
1 · Chia phần giữ A,16.6665,6.1431,0.7563,0.0000,0.0000,1
1 · Chia phần giữ A,16.6671,6.2638,0.7651,0.0000,0.0000,1
1 · Chia phần giữ A,16.6672,6.1772,0.7883,0.0000,0.0000,1
1 · Chia phần giữ A,16.6663,6.2539,0.7717,0.0000,0.0000,1
1 · Chia phần giữ A,16.6668,6.0711,0.7696,0.0000,0.0000,1
1 · Chia phần giữ A,16.6676,6.5259,0.7543,0.0000,0.0000,1
1 · Chia phần giữ A,16.6650,6.4928,0.7470,0.0000,0.0000,1
1 · Chia phần giữ A,16.6675,6.6323,0.7640,0.0000,0.0000,1
1 · Chia phần giữ A,16.6664,6.4603,0.7507,0.0000,0.0000,1
1 · Chia phần giữ A,16.6670,6.3160,0.7416,0.0000,0.0000,1
1 · Chia phần giữ A,16.6660,6.4952,0.7282,0.0000,0.0000,1
1 · Chia phần giữ A,16.6678,6.4865,0.7267,0.0000,0.0000,1
1 · Chia phần giữ A,16.6760,6.3692,0.7495,0.0000,0.0000,1
1 · Chia phần giữ A,16.6657,6.5705,0.7520,0.0000,0.0000,1
1 · Chia phần giữ A,16.6661,6.5311,0.7525,0.0000,0.0000,1
1 · Chia phần giữ A,16.6673,6.4031,0.7403,0.0000,0.0000,1
1 · Chia phần giữ A,16.6668,6.4927,0.8061,0.0000,0.0000,1
1 · Chia phần giữ A,16.6670,6.5214,0.8201,0.0000,0.0000,1
1 · Chia phần giữ A,16.6664,6.4791,0.8161,0.0000,0.0000,1
1 · Chia phần giữ A,16.6675,6.3719,0.8056,0.0000,0.0000,1
1 · Chia phần giữ A,16.6663,6.5548,0.7956,0.0000,0.0000,1
1 · Chia phần giữ A,16.6671,6.6681,0.8074,0.0000,0.0000,1
1 · Chia phần giữ A,16.6664,6.5216,0.8094,0.0000,0.0000,1
1 · Chia phần giữ A,16.6670,6.5308,0.8266,0.0000,0.0000,1
1 · Chia phần giữ A,16.6667,6.6256,0.8328,0.0000,0.0000,1
1 · Chia phần giữ A,16.6666,6.6550,0.8866,0.0000,0.0000,1
1 · Chia phần giữ A,16.6669,6.5205,0.8879,0.0000,0.0000,1
1 · Chia phần giữ A,16.6668,6.5895,0.8221,0.0000,0.0000,1
1 · Chia phần giữ A,16.6669,6.5026,0.8060,0.0000,0.0000,1
1 · Chia phần giữ A,16.6662,6.4045,0.8224,0.0000,0.0000,1
1 · Chia phần giữ A,16.6671,6.1511,0.8006,0.0000,0.0000,1
1 · Chia phần giữ A,16.6674,6.1194,0.8020,0.0000,0.0000,1
1 · Chia phần giữ A,16.6661,6.0997,0.8127,0.0000,0.0000,1
1 · Chia phần giữ A,16.6670,6.0367,0.7965,0.0000,0.0000,1
1 · Chia phần giữ A,16.6663,5.9391,0.8201,0.0000,0.0000,1
1 · Chia phần giữ A,16.6668,6.1291,0.8015,0.0000,0.0000,1
1 · Chia phần giữ A,16.6663,6.1256,0.7902,0.0000,0.0000,1
1 · Chia phần giữ A,16.6668,5.7313,0.7993,0.0000,0.0000,1
1 · Chia phần giữ A,16.6670,5.9798,0.8626,0.0000,0.0000,1
1 · Chia phần giữ A,16.6684,5.8212,0.8714,0.0000,0.0000,1
1 · Chia phần giữ A,16.6649,5.9446,0.8027,0.0000,0.0000,1
1 · Chia phần giữ A,16.6678,5.9467,0.9209,0.0000,0.0000,1
1 · Chia phần giữ A,16.6671,5.9962,0.8302,0.0000,0.0000,1
1 · Chia phần giữ A,16.6671,6.0171,0.8450,0.0000,0.0000,1
1 · Chia phần giữ A,16.6654,5.8534,0.8237,0.0000,0.0000,1
1 · Chia phần giữ A,16.6878,5.7966,0.9576,0.0000,0.0000,1
1 · Chia phần giữ A,16.6485,5.9685,0.9985,0.0000,0.0000,1
1 · Chia phần giữ A,16.7449,5.5587,0.9394,0.0000,0.0000,1
1 · Chia phần giữ A,16.6662,5.5027,0.9838,0.0000,0.0000,1
1 · Chia phần giữ A,16.6665,5.5778,0.9388,0.0000,0.0000,1
1 · Chia phần giữ A,16.6669,5.7736,0.8746,0.0000,0.0000,1
1 · Chia phần giữ A,16.6666,5.5695,0.8219,0.0000,0.0000,1
1 · Chia phần giữ A,16.6660,5.5604,0.9337,0.0000,0.0000,1
1 · Chia phần giữ A,16.6874,5.5558,0.9614,0.0000,0.0000,1
1 · Chia phần giữ A,16.6643,5.6375,0.8692,0.0000,0.0000,1
1 · Chia phần giữ A,16.6665,5.7864,0.8368,0.0000,0.0000,1
1 · Chia phần giữ A,16.6671,5.6202,0.8769,0.0000,0.0000,1
1 · Chia phần giữ A,16.6675,5.4992,0.8920,0.0000,0.0000,1
1 · Chia phần giữ A,16.6660,5.4643,0.8516,0.0000,0.0000,1
1 · Chia phần giữ A,16.6677,5.2542,0.8086,0.0000,0.0000,1
1 · Chia phần giữ A,16.6663,5.4198,0.7919,0.0000,0.0000,1
1 · Chia phần giữ A,16.6709,5.2955,0.8078,0.0000,0.0000,1
1 · Chia phần giữ A,16.6659,5.3497,0.7946,0.0000,0.0000,1
1 · Chia phần giữ A,16.6663,5.3519,0.7986,0.0000,0.0000,1
1 · Chia phần giữ A,16.6673,5.1910,0.7996,0.0000,0.0000,1
1 · Chia phần giữ A,16.6671,5.2077,0.8154,0.0000,0.0000,1
1 · Chia phần giữ A,16.6665,5.2742,0.8013,0.0000,0.0000,1
1 · Chia phần giữ A,16.6670,5.2810,0.8135,0.0000,0.0000,1
1 · Chia phần giữ A,16.6666,5.4602,0.7833,0.0000,0.0000,1
1 · Chia phần giữ A,16.6712,5.3013,0.8016,0.0000,0.0000,1
1 · Chia phần giữ A,16.6654,5.5780,0.8288,0.0000,0.0000,1
1 · Chia phần giữ A,16.6671,5.7943,0.7883,0.0000,0.0000,1
1 · Chia phần giữ A,16.6661,5.6967,0.7972,0.0000,0.0000,1
1 · Chia phần giữ A,16.6669,5.6543,0.8347,0.0000,0.0000,1
1 · Chia phần giữ A,16.6675,5.6897,0.8116,0.0000,0.0000,1
1 · Chia phần giữ A,16.6971,5.6636,0.9211,0.0000,0.0000,1
1 · Chia phần giữ A,16.6663,5.7700,0.8751,0.0000,0.0000,1
1 · Chia phần giữ A,16.6660,5.6888,0.8928,0.0000,0.0000,1
1 · Chia phần giữ A,16.6672,5.8393,0.8774,0.0000,0.0000,1
1 · Chia phần giữ A,16.6659,5.9073,0.8712,0.0000,0.0000,1
1 · Chia phần giữ A,16.6668,5.8725,0.8579,0.0000,0.0000,1
1 · Chia phần giữ A,16.6993,5.9909,1.0663,0.0000,0.0000,1
1 · Chia phần giữ A,16.6671,6.2820,0.9923,0.0000,0.0000,1
1 · Chia phần giữ A,16.6662,6.0156,0.8949,0.0000,0.0000,1
1 · Chia phần giữ A,16.6690,6.4202,0.9851,0.0000,0.0000,1
1 · Chia phần giữ A,16.6721,5.6681,0.9828,0.0000,0.0000,1
1 · Chia phần giữ A,16.6660,5.8253,1.3737,0.0000,0.0000,1
1 · Chia phần giữ A,16.6674,5.9250,1.9035,0.0000,0.0000,2
1 · Chia phần giữ A,16.6676,6.3069,0.7801,0.0000,0.0000,2
1 · Chia phần giữ A,16.6659,6.1978,0.6633,0.0000,0.0000,2
1 · Chia phần giữ A,16.6666,6.2242,0.6373,0.0000,0.0000,2
1 · Chia phần giữ A,16.6662,6.5166,0.5735,0.0000,0.0000,2
1 · Chia phần giữ A,16.6893,6.5727,0.6025,0.0000,0.0000,2
1 · Chia phần giữ A,16.6899,6.6477,0.6385,0.0000,0.0000,2
1 · Chia phần giữ A,16.6650,6.5519,0.6615,0.0000,0.0000,2
1 · Chia phần giữ A,16.6664,6.7087,0.6154,0.0000,0.0000,2
1 · Chia phần giữ A,16.6668,6.9144,0.6497,0.0000,0.0000,2
1 · Chia phần giữ A,16.6668,6.3058,0.5736,0.0000,0.0000,2
1 · Chia phần giữ A,16.6674,6.5718,0.7270,0.0000,0.0000,2
1 · Chia phần giữ A,16.6667,6.4473,0.7740,0.0000,0.0000,2
1 · Chia phần giữ A,16.6652,7.4844,0.6629,0.0000,0.0000,2
1 · Chia phần giữ A,16.6880,6.9301,0.6338,0.0000,0.0000,2
1 · Chia phần giữ A,16.7303,7.0627,0.7023,0.0000,0.0000,2
1 · Chia phần giữ A,16.6722,7.4246,0.6151,0.0000,0.0000,2
1 · Chia phần giữ A,16.7170,8.0619,0.6367,0.0000,0.0000,2
1 · Chia phần giữ A,16.6841,7.5307,0.6599,0.0000,0.0000,2
1 · Chia phần giữ A,16.6783,7.6738,0.6728,0.0000,0.0000,2
1 · Chia phần giữ A,16.6899,7.6158,0.5724,0.0000,0.0000,2
1 · Chia phần giữ A,16.6727,7.8372,0.6570,0.0000,0.0000,2
1 · Chia phần giữ A,16.6855,7.6725,0.5922,0.0000,0.0000,2
1 · Chia phần giữ A,16.6850,7.6438,0.5597,0.0000,0.0000,2
1 · Chia phần giữ A,16.6657,7.8983,0.5732,0.0000,0.0000,2
1 · Chia phần giữ A,16.6998,7.7847,0.5637,0.0000,0.0000,2
1 · Chia phần giữ A,16.7540,7.7253,0.5891,0.0000,0.0000,2
1 · Chia phần giữ A,16.6688,7.6958,0.6273,0.0000,0.0000,2
1 · Chia phần giữ A,16.7569,7.3612,0.6151,0.0000,0.0000,2
1 · Chia phần giữ A,16.8441,7.5460,0.8275,0.0000,0.0000,2
2 · Phần nhỏ giữ A,16.7810,7.4695,0.5754,287.6651,1.0374,2
2 · Phần nhỏ giữ A,315.6896,7.9217,3.4447,0.0000,0.0000,2
2 · Phần nhỏ giữ A,16.6913,7.6371,0.7432,0.0000,0.0000,2
2 · Phần nhỏ giữ A,16.6653,7.6236,0.8582,0.0000,0.0000,2
2 · Phần nhỏ giữ A,16.6896,7.7715,0.6931,0.0000,0.0000,2
2 · Phần nhỏ giữ A,16.6683,8.1148,0.6929,0.0000,0.0000,2
2 · Phần nhỏ giữ A,16.6660,8.5343,0.6130,0.0000,0.0000,2
2 · Phần nhỏ giữ A,16.6655,8.3020,0.6237,0.0000,0.0000,2
2 · Phần nhỏ giữ A,16.6680,8.9492,0.6251,0.0000,0.0000,2
2 · Phần nhỏ giữ A,16.6660,8.5035,0.6156,0.0000,0.0000,2
2 · Phần nhỏ giữ A,16.6677,8.5401,0.6573,0.0000,0.0000,2
2 · Phần nhỏ giữ A,16.6655,8.6240,0.6437,0.0000,0.0000,2
2 · Phần nhỏ giữ A,16.6673,8.7097,0.7106,0.0000,0.0000,2
2 · Phần nhỏ giữ A,16.6660,8.9967,0.5874,0.0000,0.0000,2
2 · Phần nhỏ giữ A,16.6668,8.8777,0.5858,0.0000,0.0000,2
2 · Phần nhỏ giữ A,16.6679,8.9159,0.5937,0.0000,0.0000,2
2 · Phần nhỏ giữ A,16.6652,8.7000,0.7680,0.0000,0.0000,2
2 · Phần nhỏ giữ A,16.7018,8.7532,0.8359,0.0000,0.0000,2
2 · Phần nhỏ giữ A,16.6660,8.7700,0.6233,0.0000,0.0000,2
2 · Phần nhỏ giữ A,16.6721,8.8756,0.6801,0.0000,0.0000,2
2 · Phần nhỏ giữ A,16.6904,8.7432,0.6243,0.0000,0.0000,2
2 · Phần nhỏ giữ A,16.6660,8.7341,0.7208,0.0000,0.0000,2
2 · Phần nhỏ giữ A,16.6701,8.8652,0.6577,0.0000,0.0000,2
2 · Phần nhỏ giữ A,16.6640,8.8734,0.6469,0.0000,0.0000,2
2 · Phần nhỏ giữ A,16.6673,8.8795,0.6113,0.0000,0.0000,2
2 · Phần nhỏ giữ A,16.6659,8.5008,0.6563,0.0000,0.0000,2
2 · Phần nhỏ giữ A,16.6666,8.7768,0.6502,0.0000,0.0000,2
2 · Phần nhỏ giữ A,16.6867,9.4303,0.6296,0.0000,0.0000,2
2 · Phần nhỏ giữ A,16.6656,8.9007,0.5874,0.0000,0.0000,2
2 · Phần nhỏ giữ A,16.6948,8.7360,0.6560,0.0000,0.0000,2
2 · Phần nhỏ giữ A,16.6778,8.6915,0.6555,0.0000,0.0000,2
2 · Phần nhỏ giữ A,16.6825,8.8247,0.6969,0.0000,0.0000,2
2 · Phần nhỏ giữ A,16.6660,8.8834,0.6700,0.0000,0.0000,2
2 · Phần nhỏ giữ A,16.6664,8.7629,0.5758,0.0000,0.0000,2
2 · Phần nhỏ giữ A,16.6680,8.6837,0.6890,0.0000,0.0000,2
2 · Phần nhỏ giữ A,16.6655,8.7323,0.9005,0.0000,0.0000,2
2 · Phần nhỏ giữ A,16.6674,8.7455,0.7494,0.0000,0.0000,2
2 · Phần nhỏ giữ A,16.6660,8.5587,0.5851,0.0000,0.0000,2
2 · Phần nhỏ giữ A,16.6676,8.7790,0.6172,0.0000,0.0000,2
2 · Phần nhỏ giữ A,16.6703,8.7331,0.7729,0.0000,0.0000,2
2 · Phần nhỏ giữ A,16.6668,8.7097,0.6422,0.0000,0.0000,2
2 · Phần nhỏ giữ A,16.6943,8.6570,0.6111,0.0000,0.0000,2
2 · Phần nhỏ giữ A,16.6666,8.6153,0.7838,0.0000,0.0000,2
2 · Phần nhỏ giữ A,16.6670,8.6082,0.6504,0.0000,0.0000,2
2 · Phần nhỏ giữ A,16.6680,8.4990,0.6627,0.0000,0.0000,2
2 · Phần nhỏ giữ A,16.6690,8.8734,0.6132,0.0000,0.0000,2
2 · Phần nhỏ giữ A,16.6728,8.7457,0.6702,0.0000,0.0000,2
2 · Phần nhỏ giữ A,16.7070,8.5888,0.6756,0.0000,0.0000,2
2 · Phần nhỏ giữ A,16.7233,8.6908,0.7053,0.0000,0.0000,2
2 · Phần nhỏ giữ A,16.6648,8.6564,0.5939,0.0000,0.0000,2
2 · Phần nhỏ giữ A,16.6665,8.5952,0.6969,0.0000,0.0000,2
2 · Phần nhỏ giữ A,16.6730,8.8206,0.7152,0.0000,0.0000,2
2 · Phần nhỏ giữ A,16.6831,8.8807,0.6299,0.0000,0.0000,2
2 · Phần nhỏ giữ A,16.6832,8.7023,0.6070,0.0000,0.0000,2
2 · Phần nhỏ giữ A,16.6716,8.5132,0.6180,0.0000,0.0000,2
2 · Phần nhỏ giữ A,16.6918,8.5758,0.6383,0.0000,0.0000,2
2 · Phần nhỏ giữ A,16.6764,8.5835,0.5869,0.0000,0.0000,2
2 · Phần nhỏ giữ A,16.6750,8.7325,0.6075,0.0000,0.0000,2
2 · Phần nhỏ giữ A,16.6815,8.4657,0.6121,0.0000,0.0000,2
2 · Phần nhỏ giữ A,16.6727,8.8828,0.5975,0.0000,0.0000,2
2 · Phần nhỏ giữ A,16.6953,8.4959,0.6006,0.0000,0.0000,2
2 · Phần nhỏ giữ A,16.7418,8.7011,0.6577,0.0000,0.0000,2
2 · Phần nhỏ giữ A,16.6941,8.5126,0.6297,0.0000,0.0000,2
2 · Phần nhỏ giữ A,16.6925,8.3830,0.6374,0.0000,0.0000,2
2 · Phần nhỏ giữ A,16.7033,8.4650,0.5958,0.0000,0.0000,2
2 · Phần nhỏ giữ A,16.7064,8.5603,0.6664,0.0000,0.0000,2
2 · Phần nhỏ giữ A,16.7185,8.4539,0.6188,0.0000,0.0000,2
2 · Phần nhỏ giữ A,16.7683,8.4471,0.6360,0.0000,0.0000,2
2 · Phần nhỏ giữ A,16.7793,8.2743,0.6017,0.0000,0.0000,2
2 · Phần nhỏ giữ A,16.7793,8.3766,0.6033,0.0000,0.0000,2
2 · Phần nhỏ giữ A,16.7663,8.3075,0.6279,0.0000,0.0000,2
2 · Phần nhỏ giữ A,16.7830,8.1988,0.6143,0.0000,0.0000,2
2 · Phần nhỏ giữ A,16.8083,8.3023,1.0385,0.0000,0.0000,2
2 · Phần nhỏ giữ A,16.8382,8.3917,0.9206,0.0000,0.0000,2
2 · Phần nhỏ giữ A,16.8488,7.9027,0.8691,0.0000,0.0000,2
2 · Phần nhỏ giữ A,16.8768,7.9955,0.7901,0.0000,0.0000,2
2 · Phần nhỏ giữ A,16.8984,7.9769,0.7907,0.0000,0.0000,2
2 · Phần nhỏ giữ A,16.9190,7.9421,0.7279,0.0000,0.0000,2
2 · Phần nhỏ giữ A,16.6705,8.1950,0.9466,0.0000,0.0000,2
2 · Phần nhỏ giữ A,16.9882,8.0034,0.8432,0.0000,0.0000,2
2 · Phần nhỏ giữ A,17.0058,8.0450,0.6621,0.0000,0.0000,2
2 · Phần nhỏ giữ A,17.0873,7.4866,1.0340,0.0000,0.0000,2
2 · Phần nhỏ giữ A,17.1004,7.4608,0.6478,0.0000,0.0000,2
2 · Phần nhỏ giữ A,17.1663,7.7981,0.6495,0.0000,0.0000,2
2 · Phần nhỏ giữ A,17.2440,7.8830,0.7468,0.0000,0.0000,2
2 · Phần nhỏ giữ A,27.5235,8.3654,1.1483,0.0000,0.0000,2
2 · Phần nhỏ giữ A,16.9257,8.1461,0.6597,0.0000,0.0000,2
2 · Phần nhỏ giữ A,16.7204,8.0317,0.7247,0.0000,0.0000,2
2 · Phần nhỏ giữ A,16.6663,8.0498,0.6806,0.0000,0.0000,2
2 · Phần nhỏ giữ A,16.7042,7.9596,0.6934,0.0000,0.0000,2
2 · Phần nhỏ giữ A,16.7140,7.9066,0.7184,0.0000,0.0000,2
2 · Phần nhỏ giữ A,16.6671,8.1405,0.7466,0.0000,0.0000,2
2 · Phần nhỏ giữ A,16.6662,8.1153,0.7566,0.0000,0.0000,2
2 · Phần nhỏ giữ A,16.6664,7.4854,0.6907,0.0000,0.0000,2
2 · Phần nhỏ giữ A,16.7780,7.5577,0.8754,0.0000,0.0000,2
2 · Phần nhỏ giữ A,17.6524,7.4176,0.7654,0.0000,0.0000,2
2 · Phần nhỏ giữ A,16.6656,7.2986,0.7024,0.0000,0.0000,2
2 · Phần nhỏ giữ A,16.7149,7.6570,0.7608,0.0000,0.0000,2
2 · Phần nhỏ giữ A,16.7241,7.6302,0.7308,0.0000,0.0000,2
2 · Phần nhỏ giữ A,16.7341,7.4698,0.8886,0.0000,0.0000,2
2 · Phần nhỏ giữ A,16.7653,7.6073,0.6482,0.0000,0.0000,2
2 · Phần nhỏ giữ A,16.7546,7.0399,0.7570,0.0000,0.0000,2
2 · Phần nhỏ giữ A,16.8089,7.8006,0.7702,0.0000,0.0000,2
2 · Phần nhỏ giữ A,16.7998,7.9583,0.6732,0.0000,0.0000,2
2 · Phần nhỏ giữ A,16.7972,7.9631,0.6428,0.0000,0.0000,2
2 · Phần nhỏ giữ A,16.8157,8.0145,0.6559,0.0000,0.0000,2
2 · Phần nhỏ giữ A,16.8456,7.7733,0.8439,0.0000,0.0000,2
3 · Phần lớn qua ống,16.8658,7.4745,0.7781,236.3734,2.9091,2
3 · Phần lớn qua ống,263.6841,7.9263,4.6787,0.0000,0.0000,2
3 · Phần lớn qua ống,33.5619,7.4726,1.6114,0.0000,0.0000,2
3 · Phần lớn qua ống,16.8171,7.1998,0.9134,0.0000,0.0000,2
3 · Phần lớn qua ống,16.9949,7.3485,0.8528,0.0000,0.0000,2
3 · Phần lớn qua ống,16.6655,7.8377,0.7834,0.0000,0.0000,2
3 · Phần lớn qua ống,16.6688,7.7845,0.9884,0.0000,0.0000,2
3 · Phần lớn qua ống,16.6660,7.9517,0.8345,0.0000,0.0000,2
3 · Phần lớn qua ống,16.6692,7.7755,0.8892,0.0000,0.0000,2
3 · Phần lớn qua ống,16.6646,8.2792,0.8153,0.0000,0.0000,2
3 · Phần lớn qua ống,16.6694,7.7870,1.3872,0.0000,0.0000,2
3 · Phần lớn qua ống,16.6642,8.2856,0.8267,0.0000,0.0000,2
3 · Phần lớn qua ống,16.6664,8.1249,0.8546,0.0000,0.0000,2
3 · Phần lớn qua ống,16.6673,8.2132,0.8688,0.0000,0.0000,2
3 · Phần lớn qua ống,16.6670,8.1192,0.9692,0.0000,0.0000,2
3 · Phần lớn qua ống,16.6665,7.7757,0.9394,0.0000,0.0000,2
3 · Phần lớn qua ống,16.6689,7.8319,0.8498,0.0000,0.0000,2
3 · Phần lớn qua ống,16.6729,7.6945,0.8618,0.0000,0.0000,2
3 · Phần lớn qua ống,16.6659,7.8357,0.8714,0.0000,0.0000,2
3 · Phần lớn qua ống,16.6653,7.7965,0.8697,0.0000,0.0000,2
3 · Phần lớn qua ống,16.6666,7.9846,0.8558,0.0000,0.0000,2
3 · Phần lớn qua ống,16.6672,8.1210,0.8119,0.0000,0.0000,2
3 · Phần lớn qua ống,16.6664,8.0031,0.8257,0.0000,0.0000,2
3 · Phần lớn qua ống,16.6681,7.5491,0.8620,0.0000,0.0000,2
3 · Phần lớn qua ống,16.6650,7.7041,0.8702,0.0000,0.0000,2
3 · Phần lớn qua ống,16.6671,7.3566,0.8759,0.0000,0.0000,2
3 · Phần lớn qua ống,16.6676,7.4998,0.8912,0.0000,0.0000,2
3 · Phần lớn qua ống,16.6666,7.6896,0.8693,0.0000,0.0000,2
3 · Phần lớn qua ống,16.6677,7.7207,0.9243,0.0000,0.0000,2
3 · Phần lớn qua ống,16.6682,7.7639,0.9348,0.0000,0.0000,2
3 · Phần lớn qua ống,16.6645,7.6837,0.8522,0.0000,0.0000,2
3 · Phần lớn qua ống,16.6663,7.7400,0.8617,0.0000,0.0000,2
3 · Phần lớn qua ống,16.6667,8.0824,0.8676,0.0000,0.0000,2
3 · Phần lớn qua ống,16.6662,7.8585,0.8528,0.0000,0.0000,2
3 · Phần lớn qua ống,16.6679,7.9671,0.9541,0.0000,0.0000,2
3 · Phần lớn qua ống,16.6666,7.6170,0.8641,0.0000,0.0000,2
3 · Phần lớn qua ống,16.6670,7.7051,0.8062,0.0000,0.0000,2
3 · Phần lớn qua ống,16.6660,7.6701,0.8636,0.0000,0.0000,2
3 · Phần lớn qua ống,16.6664,7.5709,1.0540,0.0000,0.0000,2
3 · Phần lớn qua ống,16.6673,8.1456,0.9719,0.0000,0.0000,2
3 · Phần lớn qua ống,16.6665,8.0363,0.8368,0.0000,0.0000,2
3 · Phần lớn qua ống,16.6672,8.0825,0.8519,0.0000,0.0000,2
3 · Phần lớn qua ống,16.6665,8.2323,0.8118,0.0000,0.0000,2
3 · Phần lớn qua ống,16.6666,8.1328,0.7958,0.0000,0.0000,2
3 · Phần lớn qua ống,16.6673,8.4972,1.1003,0.0000,0.0000,2
3 · Phần lớn qua ống,16.6695,8.3169,0.8943,0.0000,0.0000,2
3 · Phần lớn qua ống,16.6645,8.6308,0.8951,0.0000,0.0000,2
3 · Phần lớn qua ống,16.6660,8.4404,1.1276,0.0000,0.0000,2
3 · Phần lớn qua ống,16.6678,8.4776,0.9191,0.0000,0.0000,2
3 · Phần lớn qua ống,16.6656,8.9350,0.9913,0.0000,0.0000,2
3 · Phần lớn qua ống,16.6661,8.8423,0.8050,0.0000,0.0000,2
3 · Phần lớn qua ống,16.6672,8.7515,0.8806,0.0000,0.0000,2
3 · Phần lớn qua ống,16.6670,8.5834,1.0469,0.0000,0.0000,2
3 · Phần lớn qua ống,16.6670,8.6795,0.9251,0.0000,0.0000,2
3 · Phần lớn qua ống,16.6676,8.6056,0.8476,0.0000,0.0000,2
3 · Phần lớn qua ống,16.6652,8.7735,0.8638,0.0000,0.0000,2
3 · Phần lớn qua ống,16.6680,8.2549,0.7958,0.0000,0.0000,2
3 · Phần lớn qua ống,16.6707,8.4364,0.9666,0.0000,0.0000,2
3 · Phần lớn qua ống,16.6647,8.5247,0.7884,0.0000,0.0000,2
3 · Phần lớn qua ống,16.6679,8.3458,0.8441,0.0000,0.0000,2
3 · Phần lớn qua ống,16.6666,8.5070,0.9054,0.0000,0.0000,2
3 · Phần lớn qua ống,16.6683,8.6162,0.9270,0.0000,0.0000,2
3 · Phần lớn qua ống,16.6650,8.3668,0.8148,0.0000,0.0000,2
3 · Phần lớn qua ống,16.6663,8.2617,0.8002,0.0000,0.0000,2
3 · Phần lớn qua ống,16.6666,7.9870,0.9432,0.0000,0.0000,2
3 · Phần lớn qua ống,16.6665,8.2128,0.7593,0.0000,0.0000,2
3 · Phần lớn qua ống,16.6663,8.0014,0.7614,0.0000,0.0000,2
3 · Phần lớn qua ống,16.6683,8.1812,0.9935,0.0000,0.0000,2
3 · Phần lớn qua ống,16.6656,8.2564,0.8729,0.0000,0.0000,2
3 · Phần lớn qua ống,16.6695,8.2604,0.9314,0.0000,0.0000,2
3 · Phần lớn qua ống,16.6645,8.3197,0.8216,0.0000,0.0000,2
3 · Phần lớn qua ống,16.6661,8.4317,0.7955,0.0000,0.0000,2
3 · Phần lớn qua ống,16.6941,8.2985,0.8284,0.0000,0.0000,2
3 · Phần lớn qua ống,16.6402,8.6132,0.9967,0.0000,0.0000,2
3 · Phần lớn qua ống,16.6659,8.4372,0.7588,0.0000,0.0000,2
3 · Phần lớn qua ống,16.6667,8.1381,0.9285,0.0000,0.0000,2
3 · Phần lớn qua ống,16.6680,8.2465,0.7860,0.0000,0.0000,2
3 · Phần lớn qua ống,16.6671,8.3605,0.7848,0.0000,0.0000,2
3 · Phần lớn qua ống,16.6651,8.1282,0.7688,0.0000,0.0000,2
3 · Phần lớn qua ống,16.6671,8.3034,0.7947,0.0000,0.0000,2
3 · Phần lớn qua ống,16.6663,8.2006,0.7763,0.0000,0.0000,2
3 · Phần lớn qua ống,16.6663,8.4468,0.7708,0.0000,0.0000,2
3 · Phần lớn qua ống,16.6675,8.1556,0.7344,0.0000,0.0000,2
3 · Phần lớn qua ống,16.6689,8.2477,0.9826,0.0000,0.0000,2
3 · Phần lớn qua ống,16.6653,8.2326,0.8080,0.0000,0.0000,2
3 · Phần lớn qua ống,16.6657,8.1957,0.8815,0.0000,0.0000,2
3 · Phần lớn qua ống,16.6724,8.1167,0.8114,0.0000,0.0000,2
3 · Phần lớn qua ống,16.6646,8.0975,0.8582,0.0000,0.0000,2
3 · Phần lớn qua ống,16.6672,7.7360,0.8482,0.0000,0.0000,2
3 · Phần lớn qua ống,16.6638,8.1980,0.9187,0.0000,0.0000,2
3 · Phần lớn qua ống,16.6696,8.1262,0.7676,0.0000,0.0000,2
3 · Phần lớn qua ống,16.6640,8.1248,0.8651,0.0000,0.0000,2
3 · Phần lớn qua ống,16.6666,8.1451,0.7995,0.0000,0.0000,2
3 · Phần lớn qua ống,16.6667,8.2286,0.7680,0.0000,0.0000,2
3 · Phần lớn qua ống,16.6666,8.3524,0.7466,0.0000,0.0000,2
3 · Phần lớn qua ống,16.6674,8.3755,0.8336,0.0000,0.0000,2
3 · Phần lớn qua ống,16.6659,8.3516,0.7235,0.0000,0.0000,2
3 · Phần lớn qua ống,16.6673,8.2754,0.8581,0.0000,0.0000,2
3 · Phần lớn qua ống,16.6665,8.0908,0.7541,0.0000,0.0000,2
3 · Phần lớn qua ống,16.6663,8.0706,0.8495,0.0000,0.0000,2
3 · Phần lớn qua ống,16.6665,8.0064,0.7410,0.0000,0.0000,2
3 · Phần lớn qua ống,16.6673,7.9455,0.8858,0.0000,0.0000,2
3 · Phần lớn qua ống,16.6670,8.0785,0.8055,0.0000,0.0000,2
3 · Phần lớn qua ống,16.6677,8.1189,0.9190,0.0000,0.0000,2
3 · Phần lớn qua ống,16.6655,7.4797,0.7695,0.0000,0.0000,2
3 · Phần lớn qua ống,16.6665,7.3096,0.7485,0.0000,0.0000,2
3 · Phần lớn qua ống,16.6673,7.3315,0.8848,0.0000,0.0000,2
3 · Phần lớn qua ống,16.6664,7.2185,0.7570,0.0000,0.0000,2
3 · Phần lớn qua ống,16.6669,7.1293,0.8940,0.0000,0.0000,2
3 · Phần lớn qua ống,16.6663,7.1682,0.8657,0.0000,0.0000,2
3 · Phần lớn qua ống,16.6673,7.2711,0.8756,0.0000,0.0000,2
3 · Phần lớn qua ống,16.6663,7.2801,0.8787,0.0000,0.0000,2
3 · Phần lớn qua ống,16.6670,7.2890,0.8859,0.0000,0.0000,2
3 · Phần lớn qua ống,16.6682,7.3238,0.8755,0.0000,0.0000,2
3 · Phần lớn qua ống,16.6649,7.5026,0.8231,0.0000,0.0000,2
3 · Phần lớn qua ống,16.6701,7.4514,0.8408,0.0000,0.0000,2
3 · Phần lớn qua ống,16.6635,7.0378,0.7481,0.0000,0.0000,2
3 · Phần lớn qua ống,16.6675,7.0774,0.9036,0.0000,0.0000,2
3 · Phần lớn qua ống,16.6662,7.2402,0.7078,0.0000,0.0000,2
3 · Phần lớn qua ống,16.6674,7.0503,0.8965,0.0000,0.0000,2
3 · Phần lớn qua ống,16.6666,7.1520,0.8294,0.0000,0.0000,2
3 · Phần lớn qua ống,16.6664,8.6183,0.8562,0.0000,0.0000,2
3 · Phần lớn qua ống,16.6665,7.6267,0.7921,0.0000,0.0000,2
3 · Phần lớn qua ống,16.6679,7.4197,0.8497,0.0000,0.0000,2
3 · Phần lớn qua ống,16.6659,7.4563,0.8312,0.0000,0.0000,2
3 · Phần lớn qua ống,16.6670,7.0502,0.8482,0.0000,0.0000,2
3 · Phần lớn qua ống,16.6674,7.2934,0.8794,0.0000,0.0000,2
3 · Phần lớn qua ống,16.6658,7.3983,0.9317,0.0000,0.0000,2
3 · Phần lớn qua ống,16.6663,7.8994,0.7700,0.0000,0.0000,2
3 · Phần lớn qua ống,16.6670,7.4935,0.7249,0.0000,0.0000,2
3 · Phần lớn qua ống,16.6670,7.4898,0.7409,0.0000,0.0000,2
3 · Phần lớn qua ống,16.6665,7.4033,0.7651,0.0000,0.0000,2
3 · Phần lớn qua ống,16.6669,7.6833,0.8105,0.0000,0.0000,2
3 · Phần lớn qua ống,16.6679,8.6225,0.9132,0.0000,0.0000,2
3 · Phần lớn qua ống,16.6658,8.6299,0.8829,0.0000,0.0000,2
3 · Phần lớn qua ống,16.6664,8.5470,0.7705,0.0000,0.0000,2
3 · Phần lớn qua ống,16.6665,8.1131,0.8476,0.0000,0.0000,2
3 · Phần lớn qua ống,16.6678,8.4228,0.7884,0.0000,0.0000,2
3 · Phần lớn qua ống,16.6674,8.0442,0.8542,0.0000,0.0000,2
3 · Phần lớn qua ống,16.6660,7.6348,0.8119,0.0000,0.0000,2
3 · Phần lớn qua ống,16.6674,7.7086,0.8464,0.0000,0.0000,2
3 · Phần lớn qua ống,16.6657,7.4461,0.7971,0.0000,0.0000,2
3 · Phần lớn qua ống,16.6669,7.7808,0.7427,0.0000,0.0000,2
3 · Phần lớn qua ống,16.6660,7.5845,0.7925,0.0000,0.0000,2
3 · Phần lớn qua ống,16.6667,7.9260,0.9410,0.0000,0.0000,2
3 · Phần lớn qua ống,16.6677,7.8196,0.7941,0.0000,0.0000,2
3 · Phần lớn qua ống,16.6660,7.8671,0.8282,0.0000,0.0000,2
3 · Phần lớn qua ống,16.6672,8.1589,0.7922,0.0000,0.0000,2
3 · Phần lớn qua ống,16.6663,7.8471,0.8896,0.0000,0.0000,2
3 · Phần lớn qua ống,16.6669,8.3667,0.8037,0.0000,0.0000,2
3 · Phần lớn qua ống,16.6668,8.3607,0.7527,0.0000,0.0000,2
3 · Phần lớn qua ống,16.6686,8.0768,0.8414,0.0000,0.0000,2
3 · Phần lớn qua ống,16.6665,8.2419,0.8044,0.0000,0.0000,2
3 · Phần lớn qua ống,16.6651,7.6707,0.7900,0.0000,0.0000,2
3 · Phần lớn qua ống,16.6669,7.7532,0.8561,0.0000,0.0000,2
3 · Phần lớn qua ống,16.6726,7.6635,0.9017,0.0000,0.0000,2
3 · Phần lớn qua ống,16.6722,7.6407,0.9059,0.0000,0.0000,2
3 · Phần lớn qua ống,16.6727,7.6620,0.9198,0.0000,0.0000,2
3 · Phần lớn qua ống,16.6669,8.3749,0.9451,0.0000,0.0000,2
3 · Phần lớn qua ống,16.6674,8.5209,0.8262,0.0000,0.0000,2
3 · Phần lớn qua ống,16.6658,8.3482,0.8100,0.0000,0.0000,2
3 · Phần lớn qua ống,16.6690,8.4397,0.8621,0.0000,0.0000,2
3 · Phần lớn qua ống,16.6654,8.3340,0.8687,0.0000,0.0000,2
3 · Phần lớn qua ống,16.6664,8.2688,0.8633,0.0000,0.0000,2
3 · Phần lớn qua ống,16.6657,8.6380,0.8544,0.0000,0.0000,2
3 · Phần lớn qua ống,16.6680,8.2854,0.8919,0.0000,0.0000,2
3 · Phần lớn qua ống,16.6668,7.8207,0.8754,0.0000,0.0000,2
3 · Phần lớn qua ống,16.6670,7.8215,0.8162,0.0000,0.0000,2
3 · Phần lớn qua ống,16.6666,7.8841,0.9186,0.0000,0.0000,2
3 · Phần lớn qua ống,16.6685,7.8072,0.8164,0.0000,0.0000,2
3 · Phần lớn qua ống,16.6648,7.8041,0.7881,0.0000,0.0000,2
3 · Phần lớn qua ống,16.6677,7.9081,0.8388,0.0000,0.0000,2
3 · Phần lớn qua ống,16.6651,8.2127,0.8971,0.0000,0.0000,2
3 · Phần lớn qua ống,16.6668,8.1601,0.8247,0.0000,0.0000,2
3 · Phần lớn qua ống,16.6664,8.3619,0.8140,0.0000,0.0000,2
3 · Phần lớn qua ống,16.6673,8.4801,0.9441,0.0000,0.0000,2
3 · Phần lớn qua ống,16.6663,8.5740,0.9010,0.0000,0.0000,2
3 · Phần lớn qua ống,16.6663,8.3955,0.7457,0.0000,0.0000,2
3 · Phần lớn qua ống,16.6682,8.7326,0.8423,0.0000,0.0000,2
3 · Phần lớn qua ống,16.6678,9.0229,0.8978,0.0000,0.0000,2
3 · Phần lớn qua ống,16.6665,8.9977,0.8542,0.0000,0.0000,2
3 · Phần lớn qua ống,16.6673,8.8816,0.8041,0.0000,0.0000,2
3 · Phần lớn qua ống,16.6653,8.7628,0.8252,0.0000,0.0000,2
3 · Phần lớn qua ống,16.6670,8.8196,0.9393,0.0000,0.0000,2
3 · Phần lớn qua ống,16.6658,9.1560,0.8255,0.0000,0.0000,2
3 · Phần lớn qua ống,16.6680,9.1122,0.8258,0.0000,0.0000,2
3 · Phần lớn qua ống,16.6660,8.9922,0.7893,0.0000,0.0000,2
3 · Phần lớn qua ống,16.6662,10.2354,0.9400,0.0000,0.0000,2
3 · Phần lớn qua ống,16.6663,8.7832,0.8584,0.0000,0.0000,2
3 · Phần lớn qua ống,16.6673,9.3961,0.8042,0.0000,0.0000,2
3 · Phần lớn qua ống,16.6672,9.1693,1.3849,0.0000,0.0000,2
3 · Phần lớn qua ống,16.6659,9.0786,1.1555,0.0000,0.0000,2
3 · Phần lớn qua ống,16.6676,9.2544,0.8415,0.0000,0.0000,2
3 · Phần lớn qua ống,16.6678,9.0554,0.8680,0.0000,0.0000,2
3 · Phần lớn qua ống,16.6755,9.5792,0.8383,0.0000,0.0000,2
3 · Phần lớn qua ống,16.6648,9.3855,0.7927,0.0000,0.0000,2
3 · Phần lớn qua ống,16.6668,7.7535,0.8204,0.0000,0.0000,2
3 · Phần lớn qua ống,16.6675,7.8294,2.7037,0.0000,0.0000,2
3 · Phần lớn qua ống,16.6666,7.7012,1.1394,0.0000,0.0000,2
3 · Phần lớn qua ống,16.6690,7.7098,0.8005,0.0000,0.0000,2
3 · Phần lớn qua ống,16.6641,7.3122,0.8332,0.0000,0.0000,2
3 · Phần lớn qua ống,16.6665,7.4306,0.6751,0.0000,0.0000,2
3 · Phần lớn qua ống,16.6741,7.7619,0.7356,0.0000,0.0000,2
3 · Phần lớn qua ống,16.6688,7.6671,0.9080,0.0000,0.0000,2
3 · Phần lớn qua ống,16.6672,7.6818,0.9068,0.0000,0.0000,2
3 · Phần lớn qua ống,16.6654,7.7542,0.7367,0.0000,0.0000,2
3 · Phần lớn qua ống,16.6670,7.3549,1.2268,0.0000,0.0000,2
3 · Phần lớn qua ống,16.6651,7.8602,0.7494,0.0000,0.0000,2
3 · Phần lớn qua ống,16.6659,7.8193,0.6521,0.0000,0.0000,2
3 · Phần lớn qua ống,16.6670,7.9263,0.8508,0.0000,0.0000,2
3 · Phần lớn qua ống,16.6670,7.8087,0.6928,0.0000,0.0000,2
3 · Phần lớn qua ống,16.6669,7.8324,0.7029,0.0000,0.0000,2
3 · Phần lớn qua ống,16.6663,7.1612,0.8230,0.0000,0.0000,2
3 · Phần lớn qua ống,16.6674,7.3891,0.8203,0.0000,0.0000,2
3 · Phần lớn qua ống,16.6668,7.5051,0.6808,0.0000,0.0000,2
3 · Phần lớn qua ống,16.6695,7.4868,0.7408,0.0000,0.0000,2
3 · Phần lớn qua ống,16.6692,7.0361,0.7853,0.0000,0.0000,2
3 · Phần lớn qua ống,16.6666,7.4191,0.6679,0.0000,0.0000,2
3 · Phần lớn qua ống,16.6663,7.5711,0.7091,0.0000,0.0000,2
3 · Phần lớn qua ống,16.6674,7.4593,0.6742,0.0000,0.0000,2
3 · Phần lớn qua ống,16.6662,7.4490,0.6739,0.0000,0.0000,2
3 · Phần lớn qua ống,16.6667,7.5511,0.6642,0.0000,0.0000,2
3 · Phần lớn qua ống,16.6668,7.4574,0.6416,0.0000,0.0000,2
3 · Phần lớn qua ống,16.6764,7.8745,0.7409,0.0000,0.0000,2
3 · Phần lớn qua ống,16.6595,7.5707,0.8474,0.0000,0.0000,2
3 · Phần lớn qua ống,16.6648,7.7557,0.7803,0.0000,0.0000,2
3 · Phần lớn qua ống,17.5212,7.4842,0.9954,0.0000,0.0000,2
3 · Phần lớn qua ống,16.7629,7.4330,0.6925,0.0000,0.0000,2
3 · Phần lớn qua ống,16.7195,7.6874,0.6909,0.0000,0.0000,2
3 · Phần lớn qua ống,16.7328,7.4631,0.7020,0.0000,0.0000,2
3 · Phần lớn qua ống,16.7288,7.1955,0.6671,0.0000,0.0000,2
3 · Phần lớn qua ống,16.7494,7.2563,0.6870,0.0000,0.0000,2
3 · Phần lớn qua ống,16.7494,7.1662,0.8357,0.0000,0.0000,2
3 · Phần lớn qua ống,16.7590,7.6985,0.6691,0.0000,0.0000,2
3 · Phần lớn qua ống,16.6810,6.9591,0.6688,0.0000,0.0000,2
3 · Phần lớn qua ống,16.7712,7.1541,1.0041,0.0000,0.0000,2
3 · Phần lớn qua ống,16.8372,6.8636,0.6420,0.0000,0.0000,2
3 · Phần lớn qua ống,16.8840,7.1036,0.8901,0.0000,0.0000,2
3 · Phần lớn qua ống,16.9042,7.2519,0.7228,0.0000,0.0000,2
3 · Phần lớn qua ống,16.8762,6.9175,0.6605,0.0000,0.0000,2
3 · Phần lớn qua ống,16.9473,7.2550,0.6975,0.0000,0.0000,2
3 · Phần lớn qua ống,16.9490,8.0010,1.2803,0.0000,0.0000,2
3 · Phần lớn qua ống,17.0173,7.7569,0.6668,0.0000,0.0000,2
3 · Phần lớn qua ống,17.0357,8.5071,0.6423,0.0000,0.0000,2
3 · Phần lớn qua ống,17.1092,7.5790,0.6706,0.0000,0.0000,2
3 · Phần lớn qua ống,16.6660,8.4635,0.7632,0.0000,0.0000,2
3 · Phần lớn qua ống,29.2020,7.9396,1.1858,0.0000,0.0000,2
3 · Phần lớn qua ống,16.6678,7.6223,0.6922,0.0000,0.0000,2
3 · Phần lớn qua ống,16.6674,7.9495,0.7748,0.0000,0.0000,2
3 · Phần lớn qua ống,16.6686,7.7023,0.6807,0.0000,0.0000,2
3 · Phần lớn qua ống,16.6626,8.0696,0.7603,0.0000,0.0000,2
3 · Phần lớn qua ống,16.6725,7.8431,0.8981,0.0000,0.0000,2
3 · Phần lớn qua ống,16.6612,7.8650,0.6817,0.0000,0.0000,2
3 · Phần lớn qua ống,16.6701,8.2258,0.7146,0.0000,0.0000,2
3 · Phần lớn qua ống,16.6637,8.2320,0.6768,0.0000,0.0000,2
3 · Phần lớn qua ống,16.6672,8.0230,0.6838,0.0000,0.0000,2
3 · Phần lớn qua ống,16.6662,8.1461,0.6994,0.0000,0.0000,2
3 · Phần lớn qua ống,16.6671,8.2826,0.6936,0.0000,0.0000,2
3 · Phần lớn qua ống,16.6945,8.0383,0.8538,0.0000,0.0000,2
3 · Phần lớn qua ống,16.6650,8.0455,0.8138,0.0000,0.0000,2
3 · Phần lớn qua ống,16.6670,8.1079,0.7193,0.0000,0.0000,2
3 · Phần lớn qua ống,16.6677,8.3235,0.6879,0.0000,0.0000,2
3 · Phần lớn qua ống,16.6660,7.9530,0.8316,0.0000,0.0000,2
3 · Phần lớn qua ống,16.6686,8.3488,0.7373,0.0000,0.0000,2
3 · Phần lớn qua ống,16.6652,8.2340,0.7973,0.0000,0.0000,2
3 · Phần lớn qua ống,16.6664,8.3521,0.6248,0.0000,0.0000,2
3 · Phần lớn qua ống,16.6660,8.5419,0.6500,0.0000,0.0000,2
3 · Phần lớn qua ống,16.6685,8.1267,0.6966,0.0000,0.0000,2
3 · Phần lớn qua ống,16.6658,8.5673,0.6830,0.0000,0.0000,2
3 · Phần lớn qua ống,16.6720,8.3362,1.0469,0.0000,0.0000,2
3 · Phần lớn qua ống,16.6623,8.3638,0.7964,0.0000,0.0000,2
3 · Phần lớn qua ống,16.6657,8.8982,0.6752,0.0000,0.0000,2
3 · Phần lớn qua ống,16.6679,8.3271,0.7489,0.0000,0.0000,2
3 · Phần lớn qua ống,16.6677,8.3790,0.8177,0.0000,0.0000,2
3 · Phần lớn qua ống,16.6647,7.9173,0.7057,0.0000,0.0000,2
3 · Phần lớn qua ống,16.6682,7.9337,0.8820,0.0000,0.0000,2
3 · Phần lớn qua ống,16.6660,8.0793,0.7077,0.0000,0.0000,2
3 · Phần lớn qua ống,16.6660,8.1312,0.6418,0.0000,0.0000,2
3 · Phần lớn qua ống,16.6670,8.1560,0.6820,0.0000,0.0000,2
3 · Phần lớn qua ống,16.6687,8.1195,0.7980,0.0000,0.0000,2
3 · Phần lớn qua ống,16.6656,8.0332,0.8305,0.0000,0.0000,2
3 · Phần lớn qua ống,16.6684,8.0042,0.6930,0.0000,0.0000,2
3 · Phần lớn qua ống,16.6635,8.1903,0.6698,0.0000,0.0000,2
3 · Phần lớn qua ống,16.6677,8.0519,0.6503,0.0000,0.0000,2
3 · Phần lớn qua ống,16.6665,7.9358,0.9033,0.0000,0.0000,2
3 · Phần lớn qua ống,16.6670,7.9147,0.6891,0.0000,0.0000,2
3 · Phần lớn qua ống,16.6676,8.1128,0.6738,0.0000,0.0000,2
3 · Phần lớn qua ống,16.6656,8.1458,0.6792,0.0000,0.0000,2
3 · Phần lớn qua ống,16.6677,7.7934,0.7033,0.0000,0.0000,2
3 · Phần lớn qua ống,16.6657,7.9957,0.6746,0.0000,0.0000,2
3 · Phần lớn qua ống,16.6668,7.9577,0.6432,0.0000,0.0000,2
3 · Phần lớn qua ống,16.6666,8.3721,0.6696,0.0000,0.0000,2
3 · Phần lớn qua ống,16.6711,7.8775,0.7745,0.0000,0.0000,2
3 · Phần lớn qua ống,16.6632,7.8012,0.6389,0.0000,0.0000,2
3 · Phần lớn qua ống,16.6681,7.8746,0.7916,0.0000,0.0000,2
3 · Phần lớn qua ống,16.6650,7.9912,0.7005,0.0000,0.0000,2
3 · Phần lớn qua ống,16.6670,7.8639,1.0186,0.0000,0.0000,2
3 · Phần lớn qua ống,16.6665,7.7052,0.6668,0.0000,0.0000,2
3 · Phần lớn qua ống,16.6673,7.7903,0.8781,0.0000,0.0000,2
3 · Phần lớn qua ống,16.6672,7.7128,1.0547,0.0000,0.0000,2
3 · Phần lớn qua ống,16.6776,7.6264,0.9288,0.0000,0.0000,2
3 · Phần lớn qua ống,16.6677,7.6427,0.6843,0.0000,0.0000,2
3 · Phần lớn qua ống,16.6691,7.7889,0.7073,0.0000,0.0000,2
3 · Phần lớn qua ống,16.6641,7.4451,0.9748,0.0000,0.0000,2
3 · Phần lớn qua ống,16.7198,7.4766,1.0915,0.0000,0.0000,2
3 · Phần lớn qua ống,16.6653,7.7697,0.6596,0.0000,0.0000,2
3 · Phần lớn qua ống,16.6668,7.8062,0.6587,0.0000,0.0000,2
3 · Phần lớn qua ống,16.6657,8.0839,0.6931,0.0000,0.0000,2
3 · Phần lớn qua ống,16.6683,7.9594,0.6336,0.0000,0.0000,2
3 · Phần lớn qua ống,16.6682,7.9299,0.8173,0.0000,0.0000,2
3 · Phần lớn qua ống,16.6690,8.0055,0.8307,0.0000,0.0000,2
3 · Phần lớn qua ống,16.6630,8.3749,0.6685,0.0000,0.0000,2
3 · Phần lớn qua ống,16.6673,7.8746,0.6637,0.0000,0.0000,2
3 · Phần lớn qua ống,16.6663,7.9499,0.7580,0.0000,0.0000,2
3 · Phần lớn qua ống,16.6657,7.8316,0.6768,0.0000,0.0000,2
3 · Phần lớn qua ống,16.6685,7.6273,0.6754,0.0000,0.0000,2
3 · Phần lớn qua ống,16.6663,7.5889,0.6690,0.0000,0.0000,2
3 · Phần lớn qua ống,16.6660,7.5837,0.7821,0.0000,0.0000,2
3 · Phần lớn qua ống,16.6664,7.6254,0.6563,0.0000,0.0000,2
3 · Phần lớn qua ống,16.6668,7.5632,0.6848,0.0000,0.0000,2
3 · Phần lớn qua ống,16.6678,7.7234,0.9644,0.0000,0.0000,2
3 · Phần lớn qua ống,16.6718,7.4629,0.8029,0.0000,0.0000,2
3 · Phần lớn qua ống,16.6649,7.6391,0.6671,0.0000,0.0000,2
3 · Phần lớn qua ống,16.6685,7.3050,0.7156,0.0000,0.0000,2
3 · Phần lớn qua ống,16.6695,7.4179,1.0332,0.0000,0.0000,2
3 · Phần lớn qua ống,16.6635,7.1967,0.9429,0.0000,0.0000,2
3 · Phần lớn qua ống,16.6676,7.0085,0.7016,0.0000,0.0000,2
3 · Phần lớn qua ống,16.6649,7.0542,0.6388,0.0000,0.0000,2
3 · Phần lớn qua ống,16.6672,7.0158,0.6449,0.0000,0.0000,2
3 · Phần lớn qua ống,16.6676,6.4545,0.7935,0.0000,0.0000,2
3 · Phần lớn qua ống,16.6663,6.6823,0.6440,0.0000,0.0000,2
3 · Phần lớn qua ống,16.6657,7.1371,0.8601,237.3069,2.8017,2
3 · Phần lớn qua ống,266.7290,7.2216,4.4538,0.0000,0.0000,2
3 · Phần lớn qua ống,33.3960,7.5278,1.4083,0.0000,0.0000,2
3 · Phần lớn qua ống,16.6678,8.5201,0.8598,0.0000,0.0000,2
3 · Phần lớn qua ống,16.6655,8.6160,0.8114,0.0000,0.0000,2
3 · Phần lớn qua ống,16.6668,8.5932,0.7192,0.0000,0.0000,2
3 · Phần lớn qua ống,16.6670,8.5595,0.7647,0.0000,0.0000,2
3 · Phần lớn qua ống,16.6665,8.7261,0.7516,0.0000,0.0000,2
3 · Phần lớn qua ống,16.6666,8.4549,0.7453,0.0000,0.0000,2
3 · Phần lớn qua ống,16.6666,8.6639,0.7989,0.0000,0.0000,2
3 · Phần lớn qua ống,16.6676,8.4169,0.8301,0.0000,0.0000,2
3 · Phần lớn qua ống,16.6657,8.5816,0.7525,0.0000,0.0000,2
3 · Phần lớn qua ống,16.6673,8.6270,0.7349,0.0000,0.0000,2
3 · Phần lớn qua ống,16.6667,8.9020,0.7489,0.0000,0.0000,2
3 · Phần lớn qua ống,16.6713,8.8362,0.9628,0.0000,0.0000,2
3 · Phần lớn qua ống,16.6624,8.8142,0.7244,0.0000,0.0000,2
3 · Phần lớn qua ống,16.6665,8.6012,0.7354,0.0000,0.0000,2
3 · Phần lớn qua ống,16.6664,8.8394,0.8838,0.0000,0.0000,2
3 · Phần lớn qua ống,16.6694,9.2431,0.8838,0.0000,0.0000,2
3 · Phần lớn qua ống,16.6653,8.8651,0.9323,0.0000,0.0000,2
3 · Phần lớn qua ống,16.6663,8.8972,0.8913,0.0000,0.0000,2
3 · Phần lớn qua ống,16.6670,8.8152,0.8200,0.0000,0.0000,2
3 · Phần lớn qua ống,16.6698,8.6762,0.7491,0.0000,0.0000,2
3 · Phần lớn qua ống,16.6631,8.3175,0.7173,0.0000,0.0000,2
3 · Phần lớn qua ống,16.6692,8.7927,0.9231,0.0000,0.0000,2
3 · Phần lớn qua ống,16.6640,8.5581,0.7808,0.0000,0.0000,2
3 · Phần lớn qua ống,16.6668,8.6540,0.7673,0.0000,0.0000,2
3 · Phần lớn qua ống,16.6670,8.4883,0.7522,0.0000,0.0000,2
3 · Phần lớn qua ống,16.6668,8.9934,0.7162,0.0000,0.0000,2
3 · Phần lớn qua ống,16.6678,8.8966,0.8421,0.0000,0.0000,2
3 · Phần lớn qua ống,16.6658,8.4858,0.8991,0.0000,0.0000,2
3 · Phần lớn qua ống,16.6660,9.0940,0.8757,0.0000,0.0000,2
3 · Phần lớn qua ống,16.6670,8.8142,0.8700,0.0000,0.0000,2
3 · Phần lớn qua ống,16.6676,8.8606,0.8055,0.0000,0.0000,2
3 · Phần lớn qua ống,16.6697,8.8828,0.8750,0.0000,0.0000,2
3 · Phần lớn qua ống,16.6683,9.0012,1.1086,0.0000,0.0000,2
3 · Phần lớn qua ống,16.6703,9.1755,0.7402,0.0000,0.0000,2
3 · Phần lớn qua ống,16.6663,8.6325,0.8295,0.0000,0.0000,2
3 · Phần lớn qua ống,16.6672,8.8808,0.7847,0.0000,0.0000,2
3 · Phần lớn qua ống,16.6687,8.8498,0.9700,0.0000,0.0000,2
3 · Phần lớn qua ống,16.6655,8.8688,0.7321,0.0000,0.0000,2
3 · Phần lớn qua ống,16.6666,8.8304,0.7368,0.0000,0.0000,2
3 · Phần lớn qua ống,16.6675,8.7837,0.7506,0.0000,0.0000,2
3 · Phần lớn qua ống,16.6676,8.7157,0.8123,0.0000,0.0000,2
3 · Phần lớn qua ống,16.6662,9.0846,0.8149,0.0000,0.0000,2
3 · Phần lớn qua ống,16.6660,9.0240,0.9203,0.0000,0.0000,2
3 · Phần lớn qua ống,16.6662,8.9049,0.9067,0.0000,0.0000,2
3 · Phần lớn qua ống,16.6671,8.4619,0.8506,0.0000,0.0000,2
3 · Phần lớn qua ống,16.6666,8.6170,0.9086,0.0000,0.0000,2
3 · Phần lớn qua ống,16.6665,8.6348,0.7320,0.0000,0.0000,2
3 · Phần lớn qua ống,16.6670,8.7593,0.7592,0.0000,0.0000,2
3 · Phần lớn qua ống,16.6665,8.9898,0.7255,0.0000,0.0000,2
3 · Phần lớn qua ống,16.6797,8.6877,0.9218,0.0000,0.0000,2
3 · Phần lớn qua ống,16.6540,8.6024,0.7951,0.0000,0.0000,2
3 · Phần lớn qua ống,16.6685,8.6598,0.9733,0.0000,0.0000,2
3 · Phần lớn qua ống,16.6656,8.3403,0.7401,0.0000,0.0000,2
3 · Phần lớn qua ống,16.6659,8.3266,0.7294,0.0000,0.0000,2
3 · Phần lớn qua ống,16.6702,8.3521,0.7711,0.0000,0.0000,2
3 · Phần lớn qua ống,16.6659,8.5802,0.9282,0.0000,0.0000,2
3 · Phần lớn qua ống,16.6649,8.2833,0.8852,0.0000,0.0000,2
3 · Phần lớn qua ống,16.6664,8.6712,0.8750,0.0000,0.0000,2
3 · Phần lớn qua ống,16.6662,8.3670,0.7136,0.0000,0.0000,2
3 · Phần lớn qua ống,16.6683,8.5431,0.8536,0.0000,0.0000,2
3 · Phần lớn qua ống,16.6660,8.6424,0.7804,0.0000,0.0000,2
3 · Phần lớn qua ống,16.6773,8.8348,1.0279,0.0000,0.0000,2
3 · Phần lớn qua ống,16.6711,8.9825,0.9345,0.0000,0.0000,2
3 · Phần lớn qua ống,16.6735,9.0350,0.9875,0.0000,0.0000,2
3 · Phần lớn qua ống,16.6654,8.8666,0.8761,0.0000,0.0000,2
3 · Phần lớn qua ống,16.6676,8.9500,0.8534,0.0000,0.0000,2
3 · Phần lớn qua ống,16.6654,8.9690,0.7576,0.0000,0.0000,2
3 · Phần lớn qua ống,16.6676,8.9958,0.7777,0.0000,0.0000,2
3 · Phần lớn qua ống,16.6678,8.9017,0.8590,0.0000,0.0000,2
3 · Phần lớn qua ống,16.6692,8.9490,0.8214,0.0000,0.0000,2
3 · Phần lớn qua ống,16.6633,8.9827,0.8361,0.0000,0.0000,2
3 · Phần lớn qua ống,16.6668,9.0052,1.1944,0.0000,0.0000,2
3 · Phần lớn qua ống,16.6697,8.7952,0.8426,0.0000,0.0000,2
3 · Phần lớn qua ống,16.6646,8.9940,0.7876,0.0000,0.0000,2
3 · Phần lớn qua ống,16.6658,9.0587,0.7806,0.0000,0.0000,2
3 · Phần lớn qua ống,16.6674,9.1081,0.7800,0.0000,0.0000,2
3 · Phần lớn qua ống,16.6858,8.7234,0.8642,0.0000,0.0000,2
3 · Phần lớn qua ống,16.6665,8.6933,0.7971,0.0000,0.0000,2
3 · Phần lớn qua ống,16.6673,8.5182,0.7782,0.0000,0.0000,2
3 · Phần lớn qua ống,16.6829,8.6422,0.8135,0.0000,0.0000,2
3 · Phần lớn qua ống,16.6556,8.5722,1.0870,0.0000,0.0000,2
3 · Phần lớn qua ống,16.6646,9.1738,0.8819,0.0000,0.0000,2
3 · Phần lớn qua ống,16.6659,9.1110,0.7613,0.0000,0.0000,2
3 · Phần lớn qua ống,16.7102,8.3243,0.7755,0.0000,0.0000,2
3 · Phần lớn qua ống,16.6428,7.8891,0.8617,0.0000,0.0000,2
3 · Phần lớn qua ống,16.6680,7.9862,0.8205,0.0000,0.0000,2
3 · Phần lớn qua ống,16.6662,7.8534,0.9411,0.0000,0.0000,2
3 · Phần lớn qua ống,16.6665,7.8276,0.8211,0.0000,0.0000,2
3 · Phần lớn qua ống,16.6906,7.9586,0.8376,0.0000,0.0000,2
3 · Phần lớn qua ống,16.6870,8.0266,0.8273,0.0000,0.0000,2
3 · Phần lớn qua ống,16.6766,7.9870,0.7883,0.0000,0.0000,2
3 · Phần lớn qua ống,16.6664,8.1323,0.8331,0.0000,0.0000,2
3 · Phần lớn qua ống,16.6669,7.3024,0.8503,0.0000,0.0000,2
3 · Phần lớn qua ống,16.6663,7.3602,0.7789,0.0000,0.0000,2
3 · Phần lớn qua ống,16.6665,7.6511,0.8080,0.0000,0.0000,2
3 · Phần lớn qua ống,16.6676,7.7299,1.3323,0.0000,0.0000,2
3 · Phần lớn qua ống,16.6657,7.7026,1.3895,0.0000,0.0000,2
3 · Phần lớn qua ống,16.6692,7.6283,1.0444,0.0000,0.0000,2
3 · Phần lớn qua ống,16.6652,7.7407,0.8444,0.0000,0.0000,2
3 · Phần lớn qua ống,16.6673,7.6898,0.8802,0.0000,0.0000,2
3 · Phần lớn qua ống,16.6663,7.7801,0.9749,0.0000,0.0000,2
3 · Phần lớn qua ống,16.7214,7.6003,1.1762,0.0000,0.0000,2
3 · Phần lớn qua ống,16.6670,7.9221,0.7787,0.0000,0.0000,2
3 · Phần lớn qua ống,16.7075,7.2222,0.8045,0.0000,0.0000,2
3 · Phần lớn qua ống,16.6650,7.5961,0.9075,0.0000,0.0000,2
3 · Phần lớn qua ống,16.7154,7.3477,1.0930,0.0000,0.0000,2
3 · Phần lớn qua ống,16.7404,7.7629,0.8598,0.0000,0.0000,2
3 · Phần lớn qua ống,16.6697,7.8269,0.8339,0.0000,0.0000,2
3 · Phần lớn qua ống,16.6670,7.8500,0.9563,0.0000,0.0000,2
3 · Phần lớn qua ống,16.6753,7.8869,0.9967,0.0000,0.0000,2
3 · Phần lớn qua ống,16.6946,8.2738,0.9436,0.0000,0.0000,2
3 · Phần lớn qua ống,16.6835,8.2256,1.1838,0.0000,0.0000,2
3 · Phần lớn qua ống,16.6799,8.3363,0.9108,0.0000,0.0000,2
3 · Phần lớn qua ống,16.7181,8.1219,1.0223,0.0000,0.0000,2
3 · Phần lớn qua ống,16.7090,8.0226,1.2845,0.0000,0.0000,2
3 · Phần lớn qua ống,16.7245,8.0812,0.9044,0.0000,0.0000,2
3 · Phần lớn qua ống,16.7015,8.0500,0.9673,0.0000,0.0000,2
3 · Phần lớn qua ống,16.7052,8.0450,0.9668,0.0000,0.0000,2
3 · Phần lớn qua ống,16.7402,8.0479,0.9716,0.0000,0.0000,2
3 · Phần lớn qua ống,16.7379,7.9655,0.8826,0.0000,0.0000,2
3 · Phần lớn qua ống,16.7147,8.1465,1.0662,0.0000,0.0000,2
3 · Phần lớn qua ống,16.7456,8.1483,1.0208,0.0000,0.0000,2
3 · Phần lớn qua ống,16.7512,8.0929,1.1238,0.0000,0.0000,2
3 · Phần lớn qua ống,16.7786,8.6129,0.8808,0.0000,0.0000,2
3 · Phần lớn qua ống,16.7842,8.6020,0.9112,0.0000,0.0000,2
3 · Phần lớn qua ống,16.6925,8.3939,0.8338,0.0000,0.0000,2
3 · Phần lớn qua ống,16.8007,8.3744,0.9138,0.0000,0.0000,2
3 · Phần lớn qua ống,16.8218,8.5633,0.8178,0.0000,0.0000,2
3 · Phần lớn qua ống,16.8364,8.5092,0.8125,0.0000,0.0000,2
3 · Phần lớn qua ống,16.8778,8.2982,1.0570,0.0000,0.0000,2
3 · Phần lớn qua ống,16.9272,8.4874,0.8304,0.0000,0.0000,2
3 · Phần lớn qua ống,16.9266,8.2353,0.9116,0.0000,0.0000,2
3 · Phần lớn qua ống,16.9727,7.7789,0.7998,0.0000,0.0000,2
3 · Phần lớn qua ống,16.9992,7.8544,0.8305,0.0000,0.0000,2
3 · Phần lớn qua ống,17.0485,7.7615,1.0179,0.0000,0.0000,2
3 · Phần lớn qua ống,17.1020,7.8543,0.8976,0.0000,0.0000,2
3 · Phần lớn qua ống,17.1732,7.8670,0.8026,0.0000,0.0000,2
3 · Phần lớn qua ống,17.2310,7.8505,0.8204,0.0000,0.0000,2
3 · Phần lớn qua ống,27.7218,7.9275,1.2969,0.0000,0.0000,2
3 · Phần lớn qua ống,16.9553,7.6396,0.8403,0.0000,0.0000,2
3 · Phần lớn qua ống,16.7491,7.4131,1.0622,0.0000,0.0000,2
3 · Phần lớn qua ống,16.6660,7.6187,0.9562,0.0000,0.0000,2
3 · Phần lớn qua ống,16.6782,7.8674,0.9399,0.0000,0.0000,2
3 · Phần lớn qua ống,16.6554,7.5607,0.9524,0.0000,0.0000,2
3 · Phần lớn qua ống,16.6672,7.6255,1.0391,0.0000,0.0000,2
3 · Phần lớn qua ống,16.6640,7.4920,0.7904,0.0000,0.0000,2
3 · Phần lớn qua ống,16.6679,7.5226,0.7897,0.0000,0.0000,2
3 · Phần lớn qua ống,16.6653,7.6191,0.7896,0.0000,0.0000,2
3 · Phần lớn qua ống,16.6747,7.6609,0.8311,0.0000,0.0000,2
3 · Phần lớn qua ống,16.6666,7.7237,0.8546,0.0000,0.0000,2
3 · Phần lớn qua ống,16.6652,7.5673,0.7971,0.0000,0.0000,2
3 · Phần lớn qua ống,16.6661,8.3925,0.8793,0.0000,0.0000,2
3 · Phần lớn qua ống,16.6677,8.5695,0.8435,0.0000,0.0000,2
3 · Phần lớn qua ống,16.6666,8.5868,0.8500,0.0000,0.0000,2
3 · Phần lớn qua ống,16.6679,8.4061,0.9568,0.0000,0.0000,2
3 · Phần lớn qua ống,16.6657,8.3584,0.9099,0.0000,0.0000,2
3 · Phần lớn qua ống,16.6662,8.1931,0.8051,0.0000,0.0000,2
3 · Phần lớn qua ống,16.6665,8.5500,0.8509,0.0000,0.0000,2
3 · Phần lớn qua ống,16.6680,8.3860,0.9612,0.0000,0.0000,2
3 · Phần lớn qua ống,16.6663,8.2215,0.8223,0.0000,0.0000,2
3 · Phần lớn qua ống,16.6680,8.3175,0.8757,0.0000,0.0000,2
4 · Nâng bánh răng G,16.6669,9.0032,0.8218,236.0380,1.3717,2
4 · Nâng bánh răng G,266.8555,8.5363,4.7464,0.0000,0.0000,2
4 · Nâng bánh răng G,33.4398,8.3725,1.6556,0.0000,0.0000,2
4 · Nâng bánh răng G,16.6670,8.3909,0.8683,0.0000,0.0000,2
4 · Nâng bánh răng G,16.6660,8.3936,0.8489,0.0000,0.0000,2
4 · Nâng bánh răng G,16.6674,8.5614,0.8690,0.0000,0.0000,2
4 · Nâng bánh răng G,16.6655,8.3776,0.9019,0.0000,0.0000,2
4 · Nâng bánh răng G,16.6746,8.3137,0.8871,0.0000,0.0000,2
4 · Nâng bánh răng G,16.6648,8.5336,0.8022,0.0000,0.0000,2
4 · Nâng bánh răng G,16.6670,8.5569,0.8508,0.0000,0.0000,2
4 · Nâng bánh răng G,16.6836,8.7320,0.8545,0.0000,0.0000,2
4 · Nâng bánh răng G,16.6678,8.4599,0.8159,0.0000,0.0000,2
4 · Nâng bánh răng G,16.6673,8.7780,0.8694,0.0000,0.0000,2
4 · Nâng bánh răng G,16.6713,8.4937,0.8799,0.0000,0.0000,2
4 · Nâng bánh răng G,16.6648,8.3742,0.8541,0.0000,0.0000,2
4 · Nâng bánh răng G,16.6670,8.3977,0.8620,0.0000,0.0000,2
4 · Nâng bánh răng G,16.6670,8.3543,0.8762,0.0000,0.0000,2
4 · Nâng bánh răng G,16.6658,8.4104,0.8431,0.0000,0.0000,2
4 · Nâng bánh răng G,16.6679,8.9788,0.8538,0.0000,0.0000,2
4 · Nâng bánh răng G,16.6668,8.6330,0.9164,0.0000,0.0000,2
4 · Nâng bánh răng G,16.6755,8.9543,0.8235,0.0000,0.0000,2
4 · Nâng bánh răng G,16.6674,8.8328,1.1232,0.0000,0.0000,2
4 · Nâng bánh răng G,16.6669,8.7332,0.9121,0.0000,0.0000,2
4 · Nâng bánh răng G,16.6663,8.8433,0.8061,0.0000,0.0000,2
4 · Nâng bánh răng G,16.6671,8.9007,0.8148,0.0000,0.0000,2
4 · Nâng bánh răng G,16.6677,8.8357,0.8685,0.0000,0.0000,2
4 · Nâng bánh răng G,16.6660,8.9145,0.9026,0.0000,0.0000,2
4 · Nâng bánh răng G,16.6660,8.8955,0.8416,0.0000,0.0000,2
4 · Nâng bánh răng G,16.6715,8.8681,0.7823,0.0000,0.0000,2
4 · Nâng bánh răng G,16.6663,8.7617,0.9188,0.0000,0.0000,2
4 · Nâng bánh răng G,16.6664,8.4944,0.8321,0.0000,0.0000,2
4 · Nâng bánh răng G,16.6918,8.2791,0.8444,0.0000,0.0000,2
4 · Nâng bánh răng G,16.6664,7.9863,0.8037,0.0000,0.0000,2
4 · Nâng bánh răng G,16.6700,7.9221,0.8461,0.0000,0.0000,2
4 · Nâng bánh răng G,16.6738,8.4042,0.8429,0.0000,0.0000,2
4 · Nâng bánh răng G,16.6713,7.7985,1.1480,0.0000,0.0000,2
4 · Nâng bánh răng G,16.6698,8.1989,0.8113,0.0000,0.0000,2
4 · Nâng bánh răng G,16.6643,7.8001,1.0680,0.0000,0.0000,2
4 · Nâng bánh răng G,16.6675,7.7712,0.9036,0.0000,0.0000,2
4 · Nâng bánh răng G,16.6668,7.6442,0.8194,0.0000,0.0000,2
4 · Nâng bánh răng G,16.6648,7.3711,0.7854,0.0000,0.0000,2
4 · Nâng bánh răng G,16.6668,7.5112,0.7895,0.0000,0.0000,2
4 · Nâng bánh răng G,16.6670,7.5067,0.9148,0.0000,0.0000,2
4 · Nâng bánh răng G,16.6673,7.6178,0.8723,0.0000,0.0000,2
4 · Nâng bánh răng G,16.6670,7.5716,0.7853,0.0000,0.0000,2
4 · Nâng bánh răng G,16.6660,7.6259,0.8141,0.0000,0.0000,2
4 · Nâng bánh răng G,16.6675,7.7267,0.8704,0.0000,0.0000,2
4 · Nâng bánh răng G,16.6967,7.2230,1.1307,0.0000,0.0000,2
4 · Nâng bánh răng G,16.6662,7.3489,0.9061,0.0000,0.0000,2
4 · Nâng bánh răng G,16.6682,7.7514,1.0200,0.0000,0.0000,2
4 · Nâng bánh răng G,16.6975,7.7912,0.8339,0.0000,0.0000,2
4 · Nâng bánh răng G,16.6663,7.6758,0.9549,0.0000,0.0000,2
4 · Nâng bánh răng G,16.6668,7.7355,0.8393,0.0000,0.0000,2
4 · Nâng bánh răng G,16.6661,7.4428,0.8946,0.0000,0.0000,2
4 · Nâng bánh răng G,16.7125,7.4412,0.8499,0.0000,0.0000,2
4 · Nâng bánh răng G,16.6648,8.1970,0.8360,0.0000,0.0000,2
4 · Nâng bánh răng G,16.6799,8.1484,0.7927,0.0000,0.0000,2
4 · Nâng bánh răng G,16.6675,7.9314,0.8864,0.0000,0.0000,2
4 · Nâng bánh răng G,16.6784,8.2522,0.8114,0.0000,0.0000,2
4 · Nâng bánh răng G,16.6683,7.6270,1.0302,0.0000,0.0000,2
4 · Nâng bánh răng G,16.6659,7.5554,0.8294,0.0000,0.0000,2
4 · Nâng bánh răng G,17.3605,7.5731,1.2272,0.0000,0.0000,2
4 · Nâng bánh răng G,16.7414,7.6221,0.7729,0.0000,0.0000,2
4 · Nâng bánh răng G,16.7438,7.7303,0.7974,0.0000,0.0000,2
4 · Nâng bánh răng G,16.7727,8.1330,0.7951,0.0000,0.0000,2
4 · Nâng bánh răng G,16.7966,7.9794,0.8001,0.0000,0.0000,2
4 · Nâng bánh răng G,16.8175,7.7648,0.8050,0.0000,0.0000,2
4 · Nâng bánh răng G,16.8210,7.4920,0.8342,0.0000,0.0000,2
4 · Nâng bánh răng G,16.8596,7.9315,0.8289,0.0000,0.0000,2
4 · Nâng bánh răng G,16.8696,7.9449,0.8834,0.0000,0.0000,2
4 · Nâng bánh răng G,16.9434,7.6953,0.8402,0.0000,0.0000,2
4 · Nâng bánh răng G,16.9396,7.3800,0.7877,0.0000,0.0000,2
4 · Nâng bánh răng G,16.9623,7.5735,0.7850,0.0000,0.0000,2
4 · Nâng bánh răng G,16.7395,7.7241,0.8391,0.0000,0.0000,2
4 · Nâng bánh răng G,16.9152,9.1660,1.0039,0.0000,0.0000,2
4 · Nâng bánh răng G,17.0885,9.2661,0.9117,0.0000,0.0000,2
4 · Nâng bánh răng G,29.7044,8.4985,1.2134,0.0000,0.0000,2
4 · Nâng bánh răng G,16.6675,8.9957,0.9703,0.0000,0.0000,2
4 · Nâng bánh răng G,16.6683,9.5297,1.0436,0.0000,0.0000,2
4 · Nâng bánh răng G,16.6638,9.4894,0.9866,0.0000,0.0000,2
4 · Nâng bánh răng G,16.6760,8.4231,0.9185,0.0000,0.0000,2
4 · Nâng bánh răng G,16.6695,8.6119,0.7977,0.0000,0.0000,2
4 · Nâng bánh răng G,16.6664,8.5782,0.8348,0.0000,0.0000,2
4 · Nâng bánh răng G,16.6670,8.9498,0.8223,0.0000,0.0000,2
4 · Nâng bánh răng G,16.6685,8.8561,0.9836,0.0000,0.0000,2
4 · Nâng bánh răng G,16.6734,8.3194,0.9811,0.0000,0.0000,2
4 · Nâng bánh răng G,16.6663,8.1539,0.8218,0.0000,0.0000,2
4 · Nâng bánh răng G,16.6665,8.1889,0.9553,0.0000,0.0000,2
4 · Nâng bánh răng G,16.6664,8.1627,0.8501,0.0000,0.0000,2
4 · Nâng bánh răng G,16.6666,7.9314,0.7611,0.0000,0.0000,2
4 · Nâng bánh răng G,16.6666,7.9701,0.8455,0.0000,0.0000,2
4 · Nâng bánh răng G,16.6676,8.1316,0.8511,0.0000,0.0000,2
4 · Nâng bánh răng G,16.6665,8.3202,0.9166,0.0000,0.0000,2
4 · Nâng bánh răng G,16.6664,7.8830,0.8613,0.0000,0.0000,2
4 · Nâng bánh răng G,16.6685,8.3236,1.0977,0.0000,0.0000,2
4 · Nâng bánh răng G,16.6647,7.9555,0.8952,0.0000,0.0000,2
4 · Nâng bánh răng G,16.6691,7.9264,0.8724,0.0000,0.0000,2
4 · Nâng bánh răng G,16.6649,7.8139,0.9132,0.0000,0.0000,2
4 · Nâng bánh răng G,16.6672,7.8663,0.8565,0.0000,0.0000,2
4 · Nâng bánh răng G,16.6668,8.1222,0.8683,0.0000,0.0000,2
4 · Nâng bánh răng G,16.6663,7.6144,0.8985,0.0000,0.0000,2
4 · Nâng bánh răng G,16.6669,7.9689,0.7961,0.0000,0.0000,2
4 · Nâng bánh răng G,16.6668,7.8495,0.8669,0.0000,0.0000,2
4 · Nâng bánh răng G,16.6726,7.6545,0.9716,0.0000,0.0000,2
4 · Nâng bánh răng G,16.6687,7.5267,0.9000,0.0000,0.0000,2
4 · Nâng bánh răng G,16.6638,8.0360,0.9212,0.0000,0.0000,2
4 · Nâng bánh răng G,16.6665,7.9154,0.8908,0.0000,0.0000,2
4 · Nâng bánh răng G,16.6677,8.1086,0.9143,0.0000,0.0000,2
4 · Nâng bánh răng G,16.6647,8.2714,1.1096,0.0000,0.0000,2
4 · Nâng bánh răng G,16.6685,8.4145,0.8577,0.0000,0.0000,2
4 · Nâng bánh răng G,16.6655,8.5372,0.8666,0.0000,0.0000,2
4 · Nâng bánh răng G,16.6683,8.6058,0.9463,0.0000,0.0000,2
4 · Nâng bánh răng G,16.6669,8.8748,1.0331,0.0000,0.0000,2
4 · Nâng bánh răng G,16.6652,8.8081,0.8430,0.0000,0.0000,2
4 · Nâng bánh răng G,16.6696,8.8787,0.9021,0.0000,0.0000,2
4 · Nâng bánh răng G,16.6636,8.5586,0.7944,0.0000,0.0000,2
4 · Nâng bánh răng G,16.6811,8.7608,1.0100,0.0000,0.0000,2
4 · Nâng bánh răng G,16.6654,8.8735,0.8828,0.0000,0.0000,2
4 · Nâng bánh răng G,16.6656,8.8229,0.9866,0.0000,0.0000,2
4 · Nâng bánh răng G,16.6673,8.6425,0.9358,0.0000,0.0000,2
4 · Nâng bánh răng G,16.6669,8.5726,1.1897,0.0000,0.0000,2
4 · Nâng bánh răng G,16.6652,8.3477,0.8979,0.0000,0.0000,2
4 · Nâng bánh răng G,16.6700,8.3930,0.9670,0.0000,0.0000,2
4 · Nâng bánh răng G,16.6663,8.1882,0.8960,0.0000,0.0000,2
4 · Nâng bánh răng G,16.6652,8.0987,0.9597,0.0000,0.0000,2
4 · Nâng bánh răng G,16.6660,8.1789,0.8937,0.0000,0.0000,2
4 · Nâng bánh răng G,16.6666,8.2865,0.9221,0.0000,0.0000,2
4 · Nâng bánh răng G,16.6665,8.3754,0.8763,0.0000,0.0000,2
4 · Nâng bánh răng G,16.6659,8.2120,0.8575,0.0000,0.0000,2
4 · Nâng bánh răng G,16.6675,8.2476,0.9151,0.0000,0.0000,2
4 · Nâng bánh răng G,16.6669,7.8400,0.9572,0.0000,0.0000,2
4 · Nâng bánh răng G,16.6671,7.4532,0.9291,0.0000,0.0000,2
4 · Nâng bánh răng G,16.6829,7.4830,0.9300,0.0000,0.0000,2
4 · Nâng bánh răng G,16.6652,7.8535,0.9088,471.2015,0.2966,2
4 · Nâng bánh răng G,499.8557,8.0400,246.2065,241.2811,0.0000,2
4 · Nâng bánh răng G,266.4027,7.8177,4.0926,0.0000,0.0000,2
4 · Nâng bánh răng G,33.6906,7.5809,1.3343,0.0000,0.0000,2
4 · Nâng bánh răng G,16.6684,7.5321,0.6965,0.0000,0.0000,2
4 · Nâng bánh răng G,16.6663,7.4338,0.7330,0.0000,0.0000,2
4 · Nâng bánh răng G,16.6672,7.5339,0.6966,0.0000,0.0000,2
4 · Nâng bánh răng G,16.6660,7.9272,0.7324,0.0000,0.0000,2
4 · Nâng bánh răng G,16.6831,7.7274,0.6985,0.0000,0.0000,2
4 · Nâng bánh răng G,16.6667,8.2480,0.7566,0.0000,0.0000,2
4 · Nâng bánh răng G,16.6675,8.2710,0.7252,0.0000,0.0000,2
4 · Nâng bánh răng G,16.6650,8.3200,0.7907,0.0000,0.0000,2
4 · Nâng bánh răng G,16.6670,8.3830,0.6589,0.0000,0.0000,2
4 · Nâng bánh răng G,16.6669,8.1987,0.7302,0.0000,0.0000,2
4 · Nâng bánh răng G,16.6673,8.4369,0.6642,0.0000,0.0000,2
4 · Nâng bánh răng G,17.7408,8.4652,233.0045,231.7833,0.0000,2
4 · Nâng bánh răng G,248.1703,8.6907,3.9537,0.0000,0.0000,2
4 · Nâng bánh răng G,33.6974,8.7186,1.3250,0.0000,0.0000,2
4 · Nâng bánh răng G,16.6659,8.8178,0.7012,0.0000,0.0000,2
4 · Nâng bánh răng G,16.6672,8.8291,0.7230,0.0000,0.0000,2
4 · Nâng bánh răng G,16.6765,9.0729,0.8949,0.0000,0.0000,2
4 · Nâng bánh răng G,16.6578,8.9843,1.0179,0.0000,0.0000,2
4 · Nâng bánh răng G,16.6654,8.9495,1.2743,0.0000,0.0000,2
4 · Nâng bánh răng G,16.6685,8.7015,0.9446,0.0000,0.0000,2
4 · Nâng bánh răng G,16.6676,8.8925,0.7425,0.0000,0.0000,2
4 · Nâng bánh răng G,16.6635,9.0173,0.9078,0.0000,0.0000,2
4 · Nâng bánh răng G,16.6678,8.7942,0.8066,0.0000,0.0000,2
4 · Nâng bánh răng G,16.6670,8.7447,0.8310,0.0000,0.0000,2
4 · Nâng bánh răng G,16.7728,8.5397,0.8934,0.0000,0.0000,2
4 · Nâng bánh răng G,16.6646,8.6308,0.9729,0.0000,0.0000,2
4 · Nâng bánh răng G,16.6674,7.2784,237.5979,236.6823,0.0000,2
4 · Nâng bánh răng G,249.4680,8.3389,3.9424,0.0000,0.0000,2
4 · Nâng bánh răng G,16.6674,8.3339,0.7659,0.0000,0.0000,2
4 · Nâng bánh răng G,16.6812,8.2112,0.6743,0.0000,0.0000,2
4 · Nâng bánh răng G,17.1581,7.9625,0.8528,0.0000,0.0000,2
4 · Nâng bánh răng G,16.6668,8.3303,0.8721,0.0000,0.0000,2
4 · Nâng bánh răng G,16.6668,8.4940,0.8325,0.0000,0.0000,2
4 · Nâng bánh răng G,16.6666,8.5160,0.6608,0.0000,0.0000,2
4 · Nâng bánh răng G,16.6684,8.5411,0.7921,0.0000,0.0000,2
4 · Nâng bánh răng G,16.6641,8.8520,0.6727,0.0000,0.0000,2
4 · Nâng bánh răng G,16.6678,8.5274,0.7381,0.0000,0.0000,2
4 · Nâng bánh răng G,16.6655,8.6674,0.6962,0.0000,0.0000,2
4 · Nâng bánh răng G,16.6702,8.5122,0.9668,0.0000,0.0000,2
4 · Nâng bánh răng G,16.6646,8.5112,0.9685,0.0000,0.0000,2
4 · Nâng bánh răng G,16.6661,8.5090,0.9338,0.0000,0.0000,2
4 · Nâng bánh răng G,16.6682,8.6626,0.7364,0.0000,0.0000,2
4 · Nâng bánh răng G,16.6734,7.9758,0.8123,0.0000,0.0000,2
4 · Nâng bánh răng G,16.6590,8.2189,237.5419,236.5106,0.0000,2
4 · Nâng bánh răng G,249.4464,8.4327,3.6065,0.0000,0.0000,2
4 · Nâng bánh răng G,16.6671,7.8955,0.7091,0.0000,0.0000,2
4 · Nâng bánh răng G,17.2438,7.8163,0.7630,0.0000,0.0000,2
4 · Nâng bánh răng G,16.6652,8.2158,0.7231,0.0000,0.0000,2
4 · Nâng bánh răng G,16.6669,8.2455,0.6711,0.0000,0.0000,2
4 · Nâng bánh răng G,16.6665,8.2900,0.7759,0.0000,0.0000,2
4 · Nâng bánh răng G,16.6677,8.1736,0.8152,0.0000,0.0000,2
4 · Nâng bánh răng G,16.6672,8.3827,0.7974,0.0000,0.0000,2
4 · Nâng bánh răng G,16.6666,8.5077,0.8275,0.0000,0.0000,2
4 · Nâng bánh răng G,16.6658,8.2728,0.6721,0.0000,0.0000,2
4 · Nâng bánh răng G,16.6692,8.2982,0.7127,0.0000,0.0000,2
4 · Nâng bánh răng G,16.6645,8.1167,0.7163,0.0000,0.0000,2
4 · Nâng bánh răng G,16.6670,8.1589,0.6804,0.0000,0.0000,2
4 · Nâng bánh răng G,16.6670,8.4231,0.7185,0.0000,0.0000,2
4 · Nâng bánh răng G,16.6659,8.0065,0.7167,0.0000,0.0000,2
4 · Nâng bánh răng G,16.6661,8.4699,237.5049,236.7947,0.0000,2
4 · Nâng bánh răng G,249.3879,8.1611,3.5831,0.0000,0.0000,2
4 · Nâng bánh răng G,16.6667,8.5626,0.6397,0.0000,0.0000,2
4 · Nâng bánh răng G,16.7506,8.4089,0.8174,0.0000,0.0000,2
4 · Nâng bánh răng G,17.0733,8.8754,0.7326,0.0000,0.0000,2
4 · Nâng bánh răng G,16.6690,8.8928,0.7710,0.0000,0.0000,2
4 · Nâng bánh răng G,16.6653,8.7455,0.6792,0.0000,0.0000,2
4 · Nâng bánh răng G,16.6711,9.1835,0.6864,0.0000,0.0000,2
4 · Nâng bánh răng G,16.6669,8.8268,0.7573,0.0000,0.0000,2
4 · Nâng bánh răng G,16.6667,9.3523,0.8669,0.0000,0.0000,2
4 · Nâng bánh răng G,16.6668,9.1583,0.6530,0.0000,0.0000,2
4 · Nâng bánh răng G,16.6662,8.9252,0.6443,0.0000,0.0000,2
4 · Nâng bánh răng G,16.6665,9.1906,0.6863,0.0000,0.0000,2
4 · Nâng bánh răng G,16.6685,9.2505,0.8034,0.0000,0.0000,2
4 · Nâng bánh răng G,16.6664,9.3395,0.7421,0.0000,0.0000,2
4 · Nâng bánh răng G,16.6668,9.2037,0.7969,0.0000,0.0000,2
4 · Nâng bánh răng G,16.6675,9.2515,0.7678,0.0000,0.0000,2
4 · Nâng bánh răng G,16.6648,9.8254,237.3770,236.5509,0.0000,2
4 · Nâng bánh răng G,249.3795,9.0742,3.4620,0.0000,0.0000,2
4 · Nâng bánh răng G,16.6739,8.9712,0.7891,0.0000,0.0000,2
4 · Nâng bánh răng G,17.3170,8.7852,0.7152,0.0000,0.0000,2
4 · Nâng bánh răng G,16.6657,8.5093,0.6769,0.0000,0.0000,2
4 · Nâng bánh răng G,16.6673,8.5663,0.6991,0.0000,0.0000,2
4 · Nâng bánh răng G,16.6702,8.8011,0.6546,0.0000,0.0000,2
4 · Nâng bánh răng G,16.6636,8.5783,0.7050,0.0000,0.0000,2
4 · Nâng bánh răng G,16.6661,8.3817,0.8557,0.0000,0.0000,2
4 · Nâng bánh răng G,16.6676,8.3703,0.6803,0.0000,0.0000,2
4 · Nâng bánh răng G,16.6660,8.4185,0.6282,0.0000,0.0000,2
4 · Nâng bánh răng G,16.6685,8.2498,0.7133,0.0000,0.0000,2
4 · Nâng bánh răng G,16.6653,8.2885,0.7153,0.0000,0.0000,2
4 · Nâng bánh răng G,16.6673,8.5695,0.7494,0.0000,0.0000,2
4 · Nâng bánh răng G,16.6666,8.3257,0.6959,0.0000,0.0000,2
4 · Nâng bánh răng G,16.6714,8.2682,0.6704,0.0000,0.0000,2
4 · Nâng bánh răng G,16.6764,8.3921,237.2229,236.4384,0.0000,2
4 · Nâng bánh răng G,249.5376,8.4990,3.7322,0.0000,0.0000,2
4 · Nâng bánh răng G,16.6664,8.3490,0.6909,0.0000,0.0000,2
4 · Nâng bánh răng G,17.0695,8.2458,0.7994,0.0000,0.0000,2
4 · Nâng bánh răng G,16.6652,8.0751,0.7714,0.0000,0.0000,2
4 · Nâng bánh răng G,16.6670,7.8313,0.9141,0.0000,0.0000,2
4 · Nâng bánh răng G,16.6671,7.8232,0.9527,0.0000,0.0000,2
4 · Nâng bánh răng G,16.6672,8.0028,0.8553,0.0000,0.0000,2
4 · Nâng bánh răng G,16.6666,8.0900,1.0681,0.0000,0.0000,2
4 · Nâng bánh răng G,16.6673,7.9500,0.7834,0.0000,0.0000,2
4 · Nâng bánh răng G,16.6664,7.8949,1.5177,0.0000,0.0000,2
4 · Nâng bánh răng G,16.6661,7.9850,0.8184,0.0000,0.0000,2
4 · Nâng bánh răng G,16.7225,7.8679,1.0034,0.0000,0.0000,2
4 · Nâng bánh răng G,16.6613,7.8885,1.0782,0.0000,0.0000,2
4 · Nâng bánh răng G,16.6663,7.7629,0.6445,0.0000,0.0000,2
4 · Nâng bánh răng G,16.7004,7.8825,0.7224,0.0000,0.0000,2
4 · Nâng bánh răng G,16.6642,7.8072,0.6972,0.0000,0.0000,2
4 · Nâng bánh răng G,16.6680,7.5778,236.8018,235.9202,0.0000,2
4 · Nâng bánh răng G,249.6818,7.3926,3.7088,0.0000,0.0000,2
4 · Nâng bánh răng G,16.6663,7.2999,0.7489,0.0000,0.0000,2
4 · Nâng bánh răng G,17.1257,7.3413,0.7771,0.0000,0.0000,2
4 · Nâng bánh răng G,16.6674,8.1130,0.7101,0.0000,0.0000,2
4 · Nâng bánh răng G,16.6662,8.1585,0.9376,0.0000,0.0000,2
4 · Nâng bánh răng G,16.6670,8.0268,0.7648,0.0000,0.0000,2
4 · Nâng bánh răng G,16.6661,8.2195,0.7371,0.0000,0.0000,2
4 · Nâng bánh răng G,16.6678,8.1387,0.7728,0.0000,0.0000,2
4 · Nâng bánh răng G,16.6669,8.2012,0.7240,0.0000,0.0000,2
4 · Nâng bánh răng G,16.6658,8.7283,0.7498,0.0000,0.0000,2
4 · Nâng bánh răng G,16.6668,8.2367,0.7609,0.0000,0.0000,2
5 · Chia B và C,16.6673,8.4808,0.7683,471.8988,2.1853,2
5 · Chia B và C,500.1774,7.9803,240.3274,235.3622,0.0000,2
5 · Chia B và C,266.1005,8.4292,4.3865,0.0000,0.0000,2
5 · Chia B và C,33.8915,8.5180,1.6077,0.0000,0.0000,2
5 · Chia B và C,16.6675,8.2781,0.9308,0.0000,0.0000,2
5 · Chia B và C,16.6665,8.3984,1.0122,0.0000,0.0000,2
5 · Chia B và C,16.6666,8.9292,0.8715,0.0000,0.0000,2
5 · Chia B và C,16.6665,8.3329,0.8717,0.0000,0.0000,2
5 · Chia B và C,16.6667,8.2527,0.8797,0.0000,0.0000,2
5 · Chia B và C,16.6680,8.0309,0.8263,0.0000,0.0000,2
5 · Chia B và C,16.6667,8.3796,0.8964,0.0000,0.0000,2
5 · Chia B và C,16.6663,8.2355,0.8784,0.0000,0.0000,2
5 · Chia B và C,16.6673,7.7995,0.9213,0.0000,0.0000,2
5 · Chia B và C,16.6671,8.1236,0.9363,0.0000,0.0000,2
5 · Chia B và C,16.6659,8.0263,0.8884,0.0000,0.0000,2
5 · Chia B và C,16.6662,7.9186,0.8874,0.0000,0.0000,2
5 · Chia B và C,16.6679,7.8908,0.9236,0.0000,0.0000,2
5 · Chia B và C,16.6663,7.9220,0.9232,0.0000,0.0000,2
5 · Chia B và C,16.6675,8.3139,0.9242,0.0000,0.0000,2
5 · Chia B và C,16.6738,7.5580,0.9040,0.0000,0.0000,2
5 · Chia B và C,16.6655,7.4345,0.9182,0.0000,0.0000,2
5 · Chia B và C,16.6657,7.5093,0.9053,0.0000,0.0000,2
5 · Chia B và C,16.6670,7.3982,0.9343,0.0000,0.0000,2
5 · Chia B và C,16.6670,7.4283,0.8668,0.0000,0.0000,2
5 · Chia B và C,16.6677,7.5217,0.8841,0.0000,0.0000,2
5 · Chia B và C,16.6738,7.4539,0.9319,0.0000,0.0000,2
5 · Chia B và C,16.6672,7.5977,1.0005,0.0000,0.0000,2
5 · Chia B và C,16.6659,7.6981,0.9039,0.0000,0.0000,2
5 · Chia B và C,16.6669,7.5026,0.9416,0.0000,0.0000,2
5 · Chia B và C,16.6668,8.0745,0.9449,0.0000,0.0000,2
5 · Chia B và C,16.6661,8.1898,0.8901,0.0000,0.0000,2
5 · Chia B và C,16.6677,7.6095,0.9054,0.0000,0.0000,2
5 · Chia B và C,16.6660,7.7588,0.9206,0.0000,0.0000,2
5 · Chia B và C,16.6666,7.5194,0.8891,0.0000,0.0000,2
5 · Chia B và C,16.6678,7.7308,0.8783,0.0000,0.0000,2
5 · Chia B và C,16.6661,7.7356,0.8726,0.0000,0.0000,2
5 · Chia B và C,16.6662,7.8601,0.9435,0.0000,0.0000,2
5 · Chia B và C,16.6667,7.7861,1.0358,0.0000,0.0000,2
5 · Chia B và C,16.6665,8.3829,0.9172,0.0000,0.0000,2
5 · Chia B và C,16.6670,8.3193,0.8887,0.0000,0.0000,2
5 · Chia B và C,16.6672,8.4031,0.8741,0.0000,0.0000,2
5 · Chia B và C,16.6670,8.2464,0.9324,0.0000,0.0000,2
5 · Chia B và C,16.6655,8.2453,0.8955,0.0000,0.0000,2
5 · Chia B và C,16.6679,8.1449,0.8506,0.0000,0.0000,2
5 · Chia B và C,16.6662,8.0238,0.9512,0.0000,0.0000,2
5 · Chia B và C,16.6670,7.9274,0.9903,0.0000,0.0000,2
5 · Chia B và C,16.6671,7.9262,0.8785,0.0000,0.0000,2
5 · Chia B và C,16.6677,7.9854,0.8722,0.0000,0.0000,2
5 · Chia B và C,16.6669,7.8013,0.9015,0.0000,0.0000,2
5 · Chia B và C,16.6655,8.5644,0.8862,0.0000,0.0000,2
5 · Chia B và C,16.6666,8.5889,0.9645,0.0000,0.0000,2
5 · Chia B và C,16.6668,8.5350,0.8596,0.0000,0.0000,2
5 · Chia B và C,16.6820,8.7748,0.8697,0.0000,0.0000,2
5 · Chia B và C,16.6655,8.4592,0.8868,0.0000,0.0000,2
5 · Chia B và C,16.6691,8.4161,0.8639,0.0000,0.0000,2
5 · Chia B và C,16.6652,8.4247,0.8632,0.0000,0.0000,2
5 · Chia B và C,16.6660,8.4776,0.8754,0.0000,0.0000,2
5 · Chia B và C,16.6675,8.4696,0.8694,0.0000,0.0000,2
5 · Chia B và C,16.6665,8.4223,0.9633,0.0000,0.0000,2
5 · Chia B và C,16.6672,8.8912,0.8462,0.0000,0.0000,2
5 · Chia B và C,16.6669,8.7434,0.8710,0.0000,0.0000,2
5 · Chia B và C,16.6663,8.4756,0.8673,0.0000,0.0000,2
5 · Chia B và C,16.6734,8.5374,0.8620,0.0000,0.0000,2
5 · Chia B và C,16.6671,8.0686,0.8757,0.0000,0.0000,2
5 · Chia B và C,16.6693,8.0408,0.8517,0.0000,0.0000,2
5 · Chia B và C,16.6653,8.0891,0.8638,0.0000,0.0000,2
5 · Chia B và C,16.6670,7.9417,0.8939,0.0000,0.0000,2
5 · Chia B và C,16.6719,7.9489,0.9333,0.0000,0.0000,2
5 · Chia B và C,16.6651,8.0958,0.9236,0.0000,0.0000,2
5 · Chia B và C,16.6669,7.9388,0.8902,0.0000,0.0000,2
5 · Chia B và C,16.6662,8.0222,0.8921,0.0000,0.0000,2
5 · Chia B và C,16.6679,7.9755,0.8079,0.0000,0.0000,2
5 · Chia B và C,16.6653,7.8211,0.8962,0.0000,0.0000,2
5 · Chia B và C,16.6665,7.6293,0.8381,0.0000,0.0000,2
5 · Chia B và C,16.6679,7.1753,0.8763,0.0000,0.0000,2
5 · Chia B và C,16.6682,7.1333,0.7763,0.0000,0.0000,2
5 · Chia B và C,16.6653,7.2054,0.7680,0.0000,0.0000,2
5 · Chia B và C,16.6675,6.9280,0.9206,0.0000,0.0000,2
5 · Chia B và C,16.6815,7.0193,0.8114,0.0000,0.0000,2
5 · Chia B và C,16.6684,7.3836,0.8730,0.0000,0.0000,2
5 · Chia B và C,16.6719,7.2038,0.8266,0.0000,0.0000,2
5 · Chia B và C,16.6619,7.4605,0.8754,0.0000,0.0000,2
5 · Chia B và C,16.6663,7.3589,0.8017,0.0000,0.0000,2
5 · Chia B và C,16.6671,6.9787,0.8733,0.0000,0.0000,2
5 · Chia B và C,16.6670,7.2190,0.8257,0.0000,0.0000,2
5 · Chia B và C,16.6663,7.2744,0.8385,0.0000,0.0000,2
5 · Chia B và C,16.6680,7.1102,0.9834,0.0000,0.0000,2
5 · Chia B và C,16.6657,7.2711,0.8197,0.0000,0.0000,2
5 · Chia B và C,16.6750,7.2712,0.9729,0.0000,0.0000,2
5 · Chia B và C,16.6670,7.2780,0.8898,0.0000,0.0000,2
5 · Chia B và C,16.6659,7.2960,0.9143,0.0000,0.0000,2
5 · Chia B và C,16.6666,7.3887,0.9296,0.0000,0.0000,2
5 · Chia B và C,16.6670,7.2871,0.9197,0.0000,0.0000,2
5 · Chia B và C,16.6657,7.2595,1.1516,0.0000,0.0000,2
5 · Chia B và C,16.6687,7.4112,0.9877,0.0000,0.0000,2
5 · Chia B và C,16.6653,7.9872,0.8441,0.0000,0.0000,2
5 · Chia B và C,16.6672,7.4081,0.9337,0.0000,0.0000,2
5 · Chia B và C,16.6663,7.6242,0.8668,0.0000,0.0000,2
5 · Chia B và C,16.6675,7.4667,0.9330,0.0000,0.0000,2
5 · Chia B và C,16.6668,8.3388,0.9090,0.0000,0.0000,2
5 · Chia B và C,16.6666,8.0888,0.8336,0.0000,0.0000,2
5 · Chia B và C,16.6655,7.9222,1.0717,0.0000,0.0000,2
5 · Chia B và C,16.6676,8.0015,0.9402,0.0000,0.0000,2
5 · Chia B và C,16.6670,8.1031,0.8739,0.0000,0.0000,2
5 · Chia B và C,16.6689,8.3812,0.9279,0.0000,0.0000,2
5 · Chia B và C,16.6654,8.5553,0.9243,0.0000,0.0000,2
5 · Chia B và C,16.6651,7.7881,0.8420,0.0000,0.0000,2
5 · Chia B và C,16.6689,8.2370,1.0280,0.0000,0.0000,2
5 · Chia B và C,16.6732,8.0299,0.9172,0.0000,0.0000,2
5 · Chia B và C,16.6655,7.6760,0.8743,0.0000,0.0000,2
5 · Chia B và C,16.6688,9.3685,1.1232,0.0000,0.0000,2
5 · Chia B và C,16.6652,8.9594,1.3973,0.0000,0.0000,2
5 · Chia B và C,16.6841,9.5812,0.9575,0.0000,0.0000,2
5 · Chia B và C,16.6663,9.0721,0.9881,0.0000,0.0000,2
5 · Chia B và C,16.6703,9.1521,1.0421,0.0000,0.0000,2
5 · Chia B và C,16.6626,7.6913,0.9211,0.0000,0.0000,2
5 · Chia B và C,16.6671,7.7692,1.0098,0.0000,0.0000,2
5 · Chia B và C,16.6668,7.7838,0.8335,0.0000,0.0000,2
5 · Chia B và C,16.6680,7.9514,0.9133,0.0000,0.0000,2
5 · Chia B và C,16.6646,7.5992,0.8009,0.0000,0.0000,2
5 · Chia B và C,16.6752,7.7126,0.9251,0.0000,0.0000,2
5 · Chia B và C,16.6591,7.9083,0.9424,0.0000,0.0000,2
5 · Chia B và C,16.6662,7.5652,1.0694,0.0000,0.0000,2
5 · Chia B và C,16.6750,7.3469,1.0990,0.0000,0.0000,2
5 · Chia B và C,16.6593,7.2376,1.0747,0.0000,0.0000,2
5 · Chia B và C,16.6702,7.6738,1.0330,0.0000,0.0000,2
5 · Chia B và C,16.6641,7.4893,1.0026,0.0000,0.0000,2
5 · Chia B và C,16.6700,7.8568,1.0418,0.0000,0.0000,2
5 · Chia B và C,16.6650,7.7607,0.9999,0.0000,0.0000,2
5 · Chia B và C,16.6659,7.5594,1.0279,0.0000,0.0000,2
5 · Chia B và C,16.6656,7.4309,0.9543,0.0000,0.0000,2
5 · Chia B và C,16.6891,7.5138,1.1874,0.0000,0.0000,2
5 · Chia B và C,16.6667,7.9120,1.1043,0.0000,0.0000,2
5 · Chia B và C,16.6660,7.8611,1.2227,0.0000,0.0000,2
5 · Chia B và C,16.6672,7.7268,1.1938,0.0000,0.0000,2
5 · Chia B và C,16.6645,8.0559,1.0500,0.0000,0.0000,2
5 · Chia B và C,16.6717,7.9600,0.8271,0.0000,0.0000,2
5 · Chia B và C,16.6688,7.9137,0.8839,0.0000,0.0000,2
5 · Chia B và C,16.6655,7.7722,0.9131,0.0000,0.0000,2
5 · Chia B và C,16.6667,7.7237,0.8773,0.0000,0.0000,2
5 · Chia B và C,16.6664,7.5218,0.9306,0.0000,0.0000,2
5 · Chia B và C,16.6669,8.0620,0.9410,0.0000,0.0000,2
5 · Chia B và C,16.6667,7.5668,0.8404,0.0000,0.0000,2
5 · Chia B và C,16.7000,7.5863,0.9115,0.0000,0.0000,2
5 · Chia B và C,16.6647,7.5961,0.9302,0.0000,0.0000,2
5 · Chia B và C,16.6674,7.6996,0.8867,0.0000,0.0000,2
5 · Chia B và C,16.6656,7.7797,0.8926,0.0000,0.0000,2
5 · Chia B và C,16.6681,7.6667,1.0022,0.0000,0.0000,2
5 · Chia B và C,16.6689,7.5962,0.9424,0.0000,0.0000,2
5 · Chia B và C,16.6633,7.3823,0.8736,0.0000,0.0000,2
5 · Chia B và C,16.6668,7.7859,0.8749,0.0000,0.0000,2
5 · Chia B và C,16.6676,7.6328,0.9258,0.0000,0.0000,2
5 · Chia B và C,16.6838,7.6662,1.0145,0.0000,0.0000,2
5 · Chia B và C,16.7053,7.9148,0.9575,0.0000,0.0000,2
5 · Chia B và C,16.6659,7.8580,1.0062,0.0000,0.0000,2
5 · Chia B và C,16.6887,7.9900,1.0077,0.0000,0.0000,2
5 · Chia B và C,16.6667,7.7818,1.2752,0.0000,0.0000,2
5 · Chia B và C,16.6665,7.6455,1.2667,0.0000,0.0000,2
5 · Chia B và C,16.6650,7.8346,1.2472,0.0000,0.0000,2
5 · Chia B và C,16.6787,7.9398,0.9438,0.0000,0.0000,2
5 · Chia B và C,16.6671,7.5463,0.8505,0.0000,0.0000,2
5 · Chia B và C,16.6701,8.2632,1.1049,0.0000,0.0000,2
5 · Chia B và C,16.6708,8.3095,0.8314,0.0000,0.0000,2
5 · Chia B và C,16.6698,8.2461,0.9726,0.0000,0.0000,2
5 · Chia B và C,16.6648,8.2104,0.9517,0.0000,0.0000,2
5 · Chia B và C,16.6677,8.2008,0.8857,0.0000,0.0000,2
5 · Chia B và C,16.6657,8.4475,0.9274,0.0000,0.0000,2
5 · Chia B và C,16.6706,8.5005,0.9209,0.0000,0.0000,2
5 · Chia B và C,16.6970,8.8302,0.9029,0.0000,0.0000,2
5 · Chia B và C,16.6716,8.8496,0.9009,0.0000,0.0000,2
5 · Chia B và C,16.6760,8.4444,0.9263,0.0000,0.0000,2
5 · Chia B và C,16.6746,8.5199,0.8587,0.0000,0.0000,2
5 · Chia B và C,16.6708,8.3648,0.8549,0.0000,0.0000,2
5 · Chia B và C,16.6709,8.2871,0.9583,0.0000,0.0000,2
5 · Chia B và C,16.7106,8.3606,0.9892,0.0000,0.0000,2
5 · Chia B và C,16.6907,8.2565,1.1817,0.0000,0.0000,2
5 · Chia B và C,16.6907,8.4117,1.3001,0.0000,0.0000,2
5 · Chia B và C,16.6888,8.2921,0.8314,0.0000,0.0000,2
5 · Chia B và C,16.6946,8.3157,0.8402,0.0000,0.0000,2
5 · Chia B và C,16.6835,8.5993,0.8595,0.0000,0.0000,2
5 · Chia B và C,16.6856,8.5594,1.0195,0.0000,0.0000,2
5 · Chia B và C,16.6978,8.5104,0.9881,0.0000,0.0000,2
5 · Chia B và C,16.7053,8.2597,0.9567,0.0000,0.0000,2
5 · Chia B và C,16.6656,8.2560,0.9377,0.0000,0.0000,2
5 · Chia B và C,16.6991,8.5827,0.9675,0.0000,0.0000,2
5 · Chia B và C,16.7013,8.0592,0.9861,0.0000,0.0000,2
5 · Chia B và C,16.7116,7.9158,1.0639,0.0000,0.0000,2
5 · Chia B và C,16.7141,7.9903,0.9385,0.0000,0.0000,2
5 · Chia B và C,16.7329,7.7709,1.1533,0.0000,0.0000,2
5 · Chia B và C,16.7301,7.7899,0.9190,0.0000,0.0000,2
5 · Chia B và C,16.6671,7.3164,1.1712,0.0000,0.0000,2
5 · Chia B và C,16.6699,6.9489,1.3573,0.0000,0.0000,3
5 · Chia B và C,16.7348,7.0726,1.0401,0.0000,0.0000,3
5 · Chia B và C,16.7510,7.0503,0.7448,0.0000,0.0000,3
5 · Chia B và C,16.7988,7.1920,0.6760,0.0000,0.0000,3
5 · Chia B và C,16.8125,7.0475,0.7398,0.0000,0.0000,3
5 · Chia B và C,16.7825,7.1992,0.6999,0.0000,0.0000,3
5 · Chia B và C,16.7953,7.1565,0.7240,0.0000,0.0000,3
5 · Chia B và C,16.8133,7.4648,0.6889,0.0000,0.0000,3
5 · Chia B và C,16.8381,7.2852,0.7080,0.0000,0.0000,3
5 · Chia B và C,16.8703,7.1570,0.7051,0.0000,0.0000,3
5 · Chia B và C,16.8898,7.8251,0.7085,0.0000,0.0000,3
5 · Chia B và C,16.9392,8.0593,0.7143,0.0000,0.0000,3
5 · Chia B và C,16.6676,7.7413,0.7326,0.0000,0.0000,3
5 · Chia B và C,16.9617,8.1050,0.7392,0.0000,0.0000,3
5 · Chia B và C,17.0126,8.4198,0.8553,0.0000,0.0000,3
5 · Chia B và C,17.0854,9.1667,1.0440,0.0000,0.0000,3
5 · Chia B và C,29.7195,8.6459,1.0867,0.0000,0.0000,3
5 · Chia B và C,16.6668,8.5990,0.6660,0.0000,0.0000,3
5 · Chia B và C,16.6672,8.7341,0.7059,0.0000,0.0000,3
5 · Chia B và C,16.6665,8.5501,0.6932,0.0000,0.0000,3
5 · Chia B và C,16.6699,8.5123,0.6958,0.0000,0.0000,3
5 · Chia B và C,16.6658,9.0583,0.6905,0.0000,0.0000,3
5 · Chia B và C,16.6663,9.1542,0.6617,0.0000,0.0000,3
5 · Chia B và C,16.6668,9.2267,0.6675,0.0000,0.0000,3
5 · Chia B và C,16.6667,8.9388,0.6778,0.0000,0.0000,3
5 · Chia B và C,16.6676,9.1363,0.7179,0.0000,0.0000,3
5 · Chia B và C,16.6670,8.9975,0.6888,0.0000,0.0000,3
5 · Chia B và C,16.6663,9.1469,0.6663,0.0000,0.0000,3
5 · Chia B và C,16.6678,9.3685,0.7081,0.0000,0.0000,3
5 · Chia B và C,16.6654,9.4410,0.7340,0.0000,0.0000,3
6 · Phần phải sang khoang 3 trước,16.6683,9.5243,0.6854,236.7821,11.7594,3
6 · Phần phải sang khoang 3 trước,266.1601,9.9180,4.2034,0.0000,0.0000,3
6 · Phần phải sang khoang 3 trước,33.8507,9.8065,1.5045,0.0000,0.0000,3
6 · Phần phải sang khoang 3 trước,16.6670,9.5455,0.7513,0.0000,0.0000,3
6 · Phần phải sang khoang 3 trước,16.6668,9.5997,0.8136,0.0000,0.0000,3
6 · Phần phải sang khoang 3 trước,16.6657,10.0361,0.8274,0.0000,0.0000,3
6 · Phần phải sang khoang 3 trước,16.6671,10.8779,0.8041,0.0000,0.0000,3
6 · Phần phải sang khoang 3 trước,16.6677,10.6933,0.8323,0.0000,0.0000,3
6 · Phần phải sang khoang 3 trước,16.6659,10.4143,0.7548,0.0000,0.0000,3
6 · Phần phải sang khoang 3 trước,16.6675,10.2599,0.7367,0.0000,0.0000,3
6 · Phần phải sang khoang 3 trước,16.6739,10.7013,0.8002,0.0000,0.0000,3
6 · Phần phải sang khoang 3 trước,16.6660,10.6103,0.8006,0.0000,0.0000,3
6 · Phần phải sang khoang 3 trước,16.6670,10.6595,0.7730,0.0000,0.0000,3
6 · Phần phải sang khoang 3 trước,16.6663,10.5113,0.7788,0.0000,0.0000,3
6 · Phần phải sang khoang 3 trước,16.6662,10.7825,0.7887,0.0000,0.0000,3
6 · Phần phải sang khoang 3 trước,16.6797,10.4881,0.7500,0.0000,0.0000,3
6 · Phần phải sang khoang 3 trước,16.6654,10.6840,0.7734,0.0000,0.0000,3
6 · Phần phải sang khoang 3 trước,16.6751,10.5899,0.7398,0.0000,0.0000,3
6 · Phần phải sang khoang 3 trước,16.6784,10.8065,0.7775,0.0000,0.0000,3
6 · Phần phải sang khoang 3 trước,16.6632,10.8681,0.8728,0.0000,0.0000,3
6 · Phần phải sang khoang 3 trước,16.6663,10.3211,1.0873,0.0000,0.0000,3
6 · Phần phải sang khoang 3 trước,16.6778,10.4046,0.8106,0.0000,0.0000,3
6 · Phần phải sang khoang 3 trước,16.6764,10.5862,0.8252,0.0000,0.0000,3
6 · Phần phải sang khoang 3 trước,16.6665,10.4128,0.8282,0.0000,0.0000,3
6 · Phần phải sang khoang 3 trước,16.6930,10.6390,0.8653,0.0000,0.0000,3
6 · Phần phải sang khoang 3 trước,16.6647,10.4926,0.7466,0.0000,0.0000,3
6 · Phần phải sang khoang 3 trước,16.6773,10.3587,0.7569,0.0000,0.0000,3
6 · Phần phải sang khoang 3 trước,16.6673,10.5766,0.7894,0.0000,0.0000,3
6 · Phần phải sang khoang 3 trước,16.6668,10.2736,0.9071,0.0000,0.0000,3
6 · Phần phải sang khoang 3 trước,16.7373,10.5803,0.9433,0.0000,0.0000,3
6 · Phần phải sang khoang 3 trước,16.6850,10.6016,0.9548,0.0000,0.0000,3
6 · Phần phải sang khoang 3 trước,16.6880,10.2004,1.0952,0.0000,0.0000,3
6 · Phần phải sang khoang 3 trước,16.6846,10.4764,1.0320,0.0000,0.0000,3
6 · Phần phải sang khoang 3 trước,16.6895,10.7554,0.8491,0.0000,0.0000,3
6 · Phần phải sang khoang 3 trước,16.6939,10.4033,0.8614,0.0000,0.0000,3
6 · Phần phải sang khoang 3 trước,16.6909,9.6486,0.9167,0.0000,0.0000,3
6 · Phần phải sang khoang 3 trước,16.6823,10.1801,0.8601,0.0000,0.0000,3
6 · Phần phải sang khoang 3 trước,16.7025,10.1055,0.9257,0.0000,0.0000,3
6 · Phần phải sang khoang 3 trước,16.7063,10.2072,0.9387,0.0000,0.0000,3
6 · Phần phải sang khoang 3 trước,16.7068,10.4957,0.9734,0.0000,0.0000,3
6 · Phần phải sang khoang 3 trước,16.7275,10.4427,1.0044,0.0000,0.0000,3
6 · Phần phải sang khoang 3 trước,16.7399,10.3288,1.3555,0.0000,0.0000,3
6 · Phần phải sang khoang 3 trước,16.6610,9.8079,0.8437,0.0000,0.0000,3
6 · Phần phải sang khoang 3 trước,16.7299,10.1727,0.9656,0.0000,0.0000,3
6 · Phần phải sang khoang 3 trước,16.6674,10.0290,0.8358,0.0000,0.0000,3
6 · Phần phải sang khoang 3 trước,16.7263,10.0285,0.8934,0.0000,0.0000,3
6 · Phần phải sang khoang 3 trước,16.7189,9.9848,0.8149,0.0000,0.0000,3
6 · Phần phải sang khoang 3 trước,16.7498,9.9523,0.9569,0.0000,0.0000,3
6 · Phần phải sang khoang 3 trước,16.7679,10.0896,0.8705,0.0000,0.0000,3
6 · Phần phải sang khoang 3 trước,16.7751,9.8917,0.8623,0.0000,0.0000,3
6 · Phần phải sang khoang 3 trước,16.7974,10.0218,0.8762,0.0000,0.0000,3
6 · Phần phải sang khoang 3 trước,16.8293,9.8267,0.8753,0.0000,0.0000,3
6 · Phần phải sang khoang 3 trước,16.8516,9.7517,0.8498,0.0000,0.0000,3
6 · Phần phải sang khoang 3 trước,16.7041,9.6881,0.8800,0.0000,0.0000,3
6 · Phần phải sang khoang 3 trước,16.8530,9.8966,0.8262,0.0000,0.0000,3
6 · Phần phải sang khoang 3 trước,16.6673,9.8899,0.8966,0.0000,0.0000,3
6 · Phần phải sang khoang 3 trước,16.8930,9.9427,0.9649,0.0000,0.0000,3
6 · Phần phải sang khoang 3 trước,31.2710,9.6301,1.4742,0.0000,0.0000,3
6 · Phần phải sang khoang 3 trước,16.6677,9.4192,0.9320,0.0000,0.0000,3
6 · Phần phải sang khoang 3 trước,16.6657,9.1718,0.8414,0.0000,0.0000,3
6 · Phần phải sang khoang 3 trước,16.6685,9.3591,0.9736,0.0000,0.0000,3
6 · Phần phải sang khoang 3 trước,16.6652,9.4252,0.8321,0.0000,0.0000,3
6 · Phần phải sang khoang 3 trước,16.6673,9.2382,0.9788,0.0000,0.0000,3
6 · Phần phải sang khoang 3 trước,16.6671,9.2079,0.8636,0.0000,0.0000,3
6 · Phần phải sang khoang 3 trước,16.6661,9.1210,0.8403,0.0000,0.0000,3
6 · Phần phải sang khoang 3 trước,16.6671,8.9662,0.8718,0.0000,0.0000,3
6 · Phần phải sang khoang 3 trước,16.6662,9.1274,0.9019,0.0000,0.0000,3
6 · Phần phải sang khoang 3 trước,16.6669,9.1074,0.8592,0.0000,0.0000,3
6 · Phần phải sang khoang 3 trước,16.6663,9.3513,0.8348,0.0000,0.0000,3
6 · Phần phải sang khoang 3 trước,16.6669,9.2949,0.8160,0.0000,0.0000,3
6 · Phần phải sang khoang 3 trước,16.6662,9.1035,0.8264,0.0000,0.0000,3
6 · Phần phải sang khoang 3 trước,16.6672,9.3771,0.8469,0.0000,0.0000,3
6 · Phần phải sang khoang 3 trước,16.6676,9.2295,0.7747,0.0000,0.0000,3
6 · Phần phải sang khoang 3 trước,16.6663,9.2904,0.8430,0.0000,0.0000,3
6 · Phần phải sang khoang 3 trước,16.6671,9.0232,0.8172,0.0000,0.0000,3
6 · Phần phải sang khoang 3 trước,16.6666,8.9261,0.9928,0.0000,0.0000,3
6 · Phần phải sang khoang 3 trước,16.6670,8.8313,0.8150,0.0000,0.0000,3
6 · Phần phải sang khoang 3 trước,16.6661,9.0245,0.8245,0.0000,0.0000,3
6 · Phần phải sang khoang 3 trước,16.6665,8.8381,0.8228,0.0000,0.0000,3
6 · Phần phải sang khoang 3 trước,16.6673,8.5820,0.8410,0.0000,0.0000,3
6 · Phần phải sang khoang 3 trước,16.6668,8.4674,0.8631,0.0000,0.0000,3
6 · Phần phải sang khoang 3 trước,16.6667,8.0543,0.8444,0.0000,0.0000,3
6 · Phần phải sang khoang 3 trước,16.6674,8.0843,0.7969,0.0000,0.0000,3
6 · Phần phải sang khoang 3 trước,16.6652,8.6418,0.8463,0.0000,0.0000,3
6 · Phần phải sang khoang 3 trước,16.6678,8.2372,0.7655,0.0000,0.0000,3
6 · Phần phải sang khoang 3 trước,16.6658,7.5239,0.8649,0.0000,0.0000,3
6 · Phần phải sang khoang 3 trước,16.6672,7.5376,0.8555,0.0000,0.0000,3
6 · Phần phải sang khoang 3 trước,16.6688,8.0760,0.8524,0.0000,0.0000,3
6 · Phần phải sang khoang 3 trước,16.6638,8.2483,0.8804,0.0000,0.0000,3
6 · Phần phải sang khoang 3 trước,16.6665,8.0459,0.8235,0.0000,0.0000,3
6 · Phần phải sang khoang 3 trước,16.6678,8.0286,0.9716,0.0000,0.0000,3
6 · Phần phải sang khoang 3 trước,16.6668,8.1915,0.8693,0.0000,0.0000,3
6 · Phần phải sang khoang 3 trước,16.6692,8.2556,0.8276,0.0000,0.0000,3
6 · Phần phải sang khoang 3 trước,16.6663,8.5674,0.8309,0.0000,0.0000,3
6 · Phần phải sang khoang 3 trước,16.6663,8.8269,0.8681,0.0000,0.0000,3
6 · Phần phải sang khoang 3 trước,16.6680,8.5466,0.8106,0.0000,0.0000,3
6 · Phần phải sang khoang 3 trước,16.6660,9.0081,0.8531,0.0000,0.0000,3
6 · Phần phải sang khoang 3 trước,16.6665,8.9403,0.7963,0.0000,0.0000,3
6 · Phần phải sang khoang 3 trước,16.6667,8.9553,0.8396,0.0000,0.0000,3
6 · Phần phải sang khoang 3 trước,16.6671,9.3287,0.7966,0.0000,0.0000,3
6 · Phần phải sang khoang 3 trước,16.6669,8.7774,0.8478,0.0000,0.0000,3
6 · Phần phải sang khoang 3 trước,16.6654,8.8248,0.7323,0.0000,0.0000,3
6 · Phần phải sang khoang 3 trước,16.6676,8.7313,0.7760,0.0000,0.0000,3
6 · Phần phải sang khoang 3 trước,16.6671,8.7962,0.8230,0.0000,0.0000,3
6 · Phần phải sang khoang 3 trước,16.6673,8.5104,0.7400,0.0000,0.0000,3
6 · Phần phải sang khoang 3 trước,16.6675,8.4097,0.8353,0.0000,0.0000,3
6 · Phần phải sang khoang 3 trước,16.6675,8.3600,0.9496,0.0000,0.0000,3
6 · Phần phải sang khoang 3 trước,16.6674,8.8158,0.8667,0.0000,0.0000,3
6 · Phần phải sang khoang 3 trước,16.6660,8.9360,0.8169,0.0000,0.0000,3
6 · Phần phải sang khoang 3 trước,16.6664,9.0796,0.8274,0.0000,0.0000,3
6 · Phần phải sang khoang 3 trước,16.6664,8.8878,0.8463,0.0000,0.0000,3
6 · Phần phải sang khoang 3 trước,16.6657,8.9839,0.7748,0.0000,0.0000,3
6 · Phần phải sang khoang 3 trước,16.6713,8.8609,0.9355,0.0000,0.0000,3
6 · Phần phải sang khoang 3 trước,16.6637,9.3688,0.8075,0.0000,0.0000,3
6 · Phần phải sang khoang 3 trước,16.6672,9.2638,0.8110,0.0000,0.0000,3
6 · Phần phải sang khoang 3 trước,16.6658,9.2050,0.8461,0.0000,0.0000,3
6 · Phần phải sang khoang 3 trước,16.6693,9.3652,0.7791,0.0000,0.0000,3
6 · Phần phải sang khoang 3 trước,16.6646,9.2866,0.8426,0.0000,0.0000,3
6 · Phần phải sang khoang 3 trước,16.6662,9.3345,0.8714,0.0000,0.0000,3
6 · Phần phải sang khoang 3 trước,16.6671,9.6031,0.8084,0.0000,0.0000,3
6 · Phần phải sang khoang 3 trước,16.6679,9.5488,0.7973,0.0000,0.0000,3
6 · Phần phải sang khoang 3 trước,16.6650,9.7200,0.7735,0.0000,0.0000,3
6 · Phần phải sang khoang 3 trước,16.6672,9.6376,0.8471,0.0000,0.0000,3
6 · Phần phải sang khoang 3 trước,16.6665,9.9507,0.8033,0.0000,0.0000,3
6 · Phần phải sang khoang 3 trước,16.6669,10.1115,0.8096,0.0000,0.0000,3
6 · Phần phải sang khoang 3 trước,16.6679,9.9996,0.8373,0.0000,0.0000,3
6 · Phần phải sang khoang 3 trước,16.6667,9.8371,0.8020,0.0000,0.0000,3
6 · Phần phải sang khoang 3 trước,16.6656,10.6320,0.8001,0.0000,0.0000,3
6 · Phần phải sang khoang 3 trước,16.6681,10.4075,0.8179,0.0000,0.0000,3
6 · Phần phải sang khoang 3 trước,16.6651,10.2408,0.7534,0.0000,0.0000,3
6 · Phần phải sang khoang 3 trước,16.6666,10.2971,0.8066,0.0000,0.0000,3
6 · Phần phải sang khoang 3 trước,16.6674,10.6362,0.7818,0.0000,0.0000,3
6 · Phần phải sang khoang 3 trước,16.6664,10.4601,0.7777,0.0000,0.0000,3
6 · Phần phải sang khoang 3 trước,16.6678,10.6581,0.7731,0.0000,0.0000,3
6 · Phần phải sang khoang 3 trước,16.6668,10.7293,0.8191,0.0000,0.0000,3
6 · Phần phải sang khoang 3 trước,16.6662,10.7707,0.8186,0.0000,0.0000,3
6 · Phần phải sang khoang 3 trước,16.6705,10.6359,0.7839,0.0000,0.0000,3
6 · Phần phải sang khoang 3 trước,16.6626,10.8075,0.8419,0.0000,0.0000,3
6 · Phần phải sang khoang 3 trước,16.6667,10.9809,0.8560,0.0000,0.0000,3
6 · Phần phải sang khoang 3 trước,16.6664,11.0792,0.7475,0.0000,0.0000,3
6 · Phần phải sang khoang 3 trước,16.6675,10.9545,0.7805,0.0000,0.0000,3
6 · Phần phải sang khoang 3 trước,16.6662,10.8284,0.8212,0.0000,0.0000,3
6 · Phần phải sang khoang 3 trước,16.6665,10.8214,0.8536,0.0000,0.0000,3
6 · Phần phải sang khoang 3 trước,16.6676,10.7422,0.7766,0.0000,0.0000,3
6 · Phần phải sang khoang 3 trước,16.6667,11.0683,0.8057,0.0000,0.0000,3
6 · Phần phải sang khoang 3 trước,16.6666,10.6784,0.7674,0.0000,0.0000,3
6 · Phần phải sang khoang 3 trước,16.6680,10.3224,0.7867,0.0000,0.0000,3
6 · Phần phải sang khoang 3 trước,16.6674,10.8332,0.8420,0.0000,0.0000,3
6 · Phần phải sang khoang 3 trước,16.6667,10.7483,0.7689,0.0000,0.0000,3
6 · Phần phải sang khoang 3 trước,16.6655,10.5690,0.7875,0.0000,0.0000,3
6 · Phần phải sang khoang 3 trước,16.6665,10.5646,0.7943,0.0000,0.0000,3
6 · Phần phải sang khoang 3 trước,16.6688,10.9754,0.8647,0.0000,0.0000,3
6 · Phần phải sang khoang 3 trước,16.6638,10.7298,0.8596,0.0000,0.0000,3
6 · Phần phải sang khoang 3 trước,16.6668,11.0548,0.7884,0.0000,0.0000,3
6 · Phần phải sang khoang 3 trước,16.6681,10.6319,0.8417,0.0000,0.0000,3
6 · Phần phải sang khoang 3 trước,16.6666,10.8058,0.7793,0.0000,0.0000,3
6 · Phần phải sang khoang 3 trước,16.6673,10.8776,0.7744,0.0000,0.0000,3
6 · Phần phải sang khoang 3 trước,16.6658,10.5219,0.7999,0.0000,0.0000,3
6 · Phần phải sang khoang 3 trước,16.6815,10.2033,0.9737,0.0000,0.0000,3
6 · Phần phải sang khoang 3 trước,16.6634,10.3033,0.9881,0.0000,0.0000,3
6 · Phần phải sang khoang 3 trước,16.6673,10.1946,0.9746,0.0000,0.0000,3
6 · Phần phải sang khoang 3 trước,16.6659,10.0376,0.7326,0.0000,0.0000,3
6 · Phần phải sang khoang 3 trước,16.6700,10.3217,0.7695,0.0000,0.0000,3
6 · Phần phải sang khoang 3 trước,16.6634,10.2735,1.0054,0.0000,0.0000,3
6 · Phần phải sang khoang 3 trước,16.6671,10.2573,0.7238,0.0000,0.0000,3
6 · Phần phải sang khoang 3 trước,16.6670,10.0502,0.8842,0.0000,0.0000,3
6 · Phần phải sang khoang 3 trước,16.6669,10.3448,0.7626,0.0000,0.0000,3
6 · Phần phải sang khoang 3 trước,16.6666,10.3849,0.7465,0.0000,0.0000,3
6 · Phần phải sang khoang 3 trước,16.6667,10.5804,0.7446,0.0000,0.0000,3
6 · Phần phải sang khoang 3 trước,16.6662,10.5626,0.7703,0.0000,0.0000,3
6 · Phần phải sang khoang 3 trước,16.6666,10.3433,0.8338,0.0000,0.0000,3
6 · Phần phải sang khoang 3 trước,16.6704,10.2192,1.0187,0.0000,0.0000,3
6 · Phần phải sang khoang 3 trước,16.6637,9.9719,0.9375,0.0000,0.0000,3
6 · Phần phải sang khoang 3 trước,16.6712,10.2202,1.1158,0.0000,0.0000,3
6 · Phần phải sang khoang 3 trước,16.6649,10.3152,1.0486,0.0000,0.0000,3
6 · Phần phải sang khoang 3 trước,16.7074,10.3600,0.9210,0.0000,0.0000,3
6 · Phần phải sang khoang 3 trước,16.6665,10.5149,0.8881,237.5514,1.4295,3
6 · Phần phải sang khoang 3 trước,266.5060,10.5424,4.4092,0.0000,0.0000,3
6 · Phần phải sang khoang 3 trước,33.5285,10.4125,1.7169,0.0000,0.0000,3
6 · Phần phải sang khoang 3 trước,16.6808,10.3230,0.9417,0.0000,0.0000,3
6 · Phần phải sang khoang 3 trước,16.6860,10.5801,0.7960,0.0000,0.0000,3
6 · Phần phải sang khoang 3 trước,16.6675,10.3721,0.8680,0.0000,0.0000,3
6 · Phần phải sang khoang 3 trước,16.6665,10.4685,0.7937,0.0000,0.0000,3
6 · Phần phải sang khoang 3 trước,16.6668,10.0894,0.8937,0.0000,0.0000,3
6 · Phần phải sang khoang 3 trước,16.6670,10.2901,0.8199,0.0000,0.0000,3
6 · Phần phải sang khoang 3 trước,16.6667,10.0657,0.9017,0.0000,0.0000,3
6 · Phần phải sang khoang 3 trước,16.6731,10.0675,0.8607,0.0000,0.0000,3
6 · Phần phải sang khoang 3 trước,16.6607,10.1551,0.9181,0.0000,0.0000,3
6 · Phần phải sang khoang 3 trước,16.6662,10.5553,0.8373,0.0000,0.0000,3
6 · Phần phải sang khoang 3 trước,16.6662,10.4845,0.9250,0.0000,0.0000,3
6 · Phần phải sang khoang 3 trước,16.6667,10.3952,0.8197,0.0000,0.0000,3
6 · Phần phải sang khoang 3 trước,16.6684,10.3565,0.8142,0.0000,0.0000,3
6 · Phần phải sang khoang 3 trước,16.6660,10.0763,0.8534,0.0000,0.0000,3
6 · Phần phải sang khoang 3 trước,16.6668,10.2531,0.8560,0.0000,0.0000,3
6 · Phần phải sang khoang 3 trước,16.6668,10.4447,0.8999,0.0000,0.0000,3
6 · Phần phải sang khoang 3 trước,16.6661,10.3756,0.8560,0.0000,0.0000,3
6 · Phần phải sang khoang 3 trước,16.6666,10.4088,0.8036,0.0000,0.0000,3
6 · Phần phải sang khoang 3 trước,16.6667,10.2779,0.7940,0.0000,0.0000,3
6 · Phần phải sang khoang 3 trước,16.6673,10.2680,0.8334,0.0000,0.0000,3
6 · Phần phải sang khoang 3 trước,16.6682,10.6995,0.7760,0.0000,0.0000,3
6 · Phần phải sang khoang 3 trước,16.6648,10.5655,0.8297,0.0000,0.0000,3
6 · Phần phải sang khoang 3 trước,16.6726,10.2723,0.8614,0.0000,0.0000,3
6 · Phần phải sang khoang 3 trước,16.6691,10.6909,0.8490,0.0000,0.0000,3
6 · Phần phải sang khoang 3 trước,16.6642,10.7435,0.8167,0.0000,0.0000,3
6 · Phần phải sang khoang 3 trước,16.6673,10.7008,0.8079,0.0000,0.0000,3
6 · Phần phải sang khoang 3 trước,16.6664,10.5778,0.7746,0.0000,0.0000,3
6 · Phần phải sang khoang 3 trước,16.6676,11.1533,0.9644,0.0000,0.0000,3
6 · Phần phải sang khoang 3 trước,16.6766,11.0064,0.9090,0.0000,0.0000,3
6 · Phần phải sang khoang 3 trước,16.6666,12.0687,0.7809,0.0000,0.0000,3
6 · Phần phải sang khoang 3 trước,16.6806,11.5733,0.8057,0.0000,0.0000,3
6 · Phần phải sang khoang 3 trước,16.6736,11.2496,0.9828,0.0000,0.0000,3
6 · Phần phải sang khoang 3 trước,16.6727,10.7764,0.9401,0.0000,0.0000,3
6 · Phần phải sang khoang 3 trước,16.6728,10.7752,0.8830,0.0000,0.0000,3
6 · Phần phải sang khoang 3 trước,16.6756,10.4189,0.7214,0.0000,0.0000,3
6 · Phần phải sang khoang 3 trước,16.6674,10.6530,0.8026,0.0000,0.0000,3
6 · Phần phải sang khoang 3 trước,16.6666,10.8046,0.8080,0.0000,0.0000,3
6 · Phần phải sang khoang 3 trước,16.6662,10.6192,0.8345,0.0000,0.0000,3
6 · Phần phải sang khoang 3 trước,16.6684,10.6133,0.8024,0.0000,0.0000,3
6 · Phần phải sang khoang 3 trước,16.6657,10.7853,0.8552,0.0000,0.0000,3
6 · Phần phải sang khoang 3 trước,16.6673,11.0181,0.8137,0.0000,0.0000,3
6 · Phần phải sang khoang 3 trước,16.6699,10.5726,0.7786,0.0000,0.0000,3
6 · Phần phải sang khoang 3 trước,16.6686,10.6575,0.7949,0.0000,0.0000,3
6 · Phần phải sang khoang 3 trước,16.6674,10.6015,0.8440,0.0000,0.0000,3
6 · Phần phải sang khoang 3 trước,16.6654,10.3061,0.8090,0.0000,0.0000,3
6 · Phần phải sang khoang 3 trước,16.6681,10.6775,0.7940,0.0000,0.0000,3
6 · Phần phải sang khoang 3 trước,16.6657,10.3320,1.0046,0.0000,0.0000,3
6 · Phần phải sang khoang 3 trước,16.6823,10.4945,0.9271,0.0000,0.0000,3
6 · Phần phải sang khoang 3 trước,16.6792,10.6291,0.9160,0.0000,0.0000,3
6 · Phần phải sang khoang 3 trước,16.7534,10.9088,1.0730,0.0000,0.0000,3
6 · Phần phải sang khoang 3 trước,16.6919,11.0304,0.9641,0.0000,0.0000,3
6 · Phần phải sang khoang 3 trước,16.6587,10.7850,0.9420,0.0000,0.0000,3
6 · Phần phải sang khoang 3 trước,16.6958,10.5813,0.9113,0.0000,0.0000,3
6 · Phần phải sang khoang 3 trước,16.6966,10.5420,0.7802,0.0000,0.0000,3
6 · Phần phải sang khoang 3 trước,16.6900,10.6598,0.7714,0.0000,0.0000,3
6 · Phần phải sang khoang 3 trước,16.7070,10.2515,0.8349,0.0000,0.0000,3
6 · Phần phải sang khoang 3 trước,16.6980,10.5678,0.7910,0.0000,0.0000,3
6 · Phần phải sang khoang 3 trước,16.7064,10.5267,0.7485,0.0000,0.0000,3
6 · Phần phải sang khoang 3 trước,16.7268,10.3355,0.9132,0.0000,0.0000,3
6 · Phần phải sang khoang 3 trước,16.7234,10.3150,1.0711,0.0000,0.0000,3
6 · Phần phải sang khoang 3 trước,16.7311,10.3287,0.9685,0.0000,0.0000,3
6 · Phần phải sang khoang 3 trước,16.7357,10.4139,0.8342,0.0000,0.0000,3
6 · Phần phải sang khoang 3 trước,16.7596,10.3561,0.7746,0.0000,0.0000,3
6 · Phần phải sang khoang 3 trước,16.7569,10.1037,0.8411,0.0000,0.0000,3
6 · Phần phải sang khoang 3 trước,16.7734,10.3259,0.8696,0.0000,0.0000,3
6 · Phần phải sang khoang 3 trước,16.7889,10.3420,0.9259,0.0000,0.0000,3
6 · Phần phải sang khoang 3 trước,16.8178,10.1986,0.8763,0.0000,0.0000,3
6 · Phần phải sang khoang 3 trước,16.8250,10.3951,0.8682,0.0000,0.0000,3
6 · Phần phải sang khoang 3 trước,16.8710,10.5467,0.9575,0.0000,0.0000,3
6 · Phần phải sang khoang 3 trước,16.8946,10.4573,0.9035,0.0000,0.0000,3
6 · Phần phải sang khoang 3 trước,16.6654,10.1656,0.8416,0.0000,0.0000,3
6 · Phần phải sang khoang 3 trước,16.9297,10.2171,0.8316,0.0000,0.0000,3
6 · Phần phải sang khoang 3 trước,16.9495,10.6063,0.8427,0.0000,0.0000,3
6 · Phần phải sang khoang 3 trước,30.9760,10.4639,1.6833,0.0000,0.0000,3
6 · Phần phải sang khoang 3 trước,16.6684,10.8799,0.8851,0.0000,0.0000,3
6 · Phần phải sang khoang 3 trước,16.6669,10.7948,0.7718,0.0000,0.0000,3
6 · Phần phải sang khoang 3 trước,16.6679,10.1263,0.7937,0.0000,0.0000,3
6 · Phần phải sang khoang 3 trước,16.6660,10.3948,0.8025,0.0000,0.0000,3
6 · Phần phải sang khoang 3 trước,16.6668,10.1594,0.8478,0.0000,0.0000,3
6 · Phần phải sang khoang 3 trước,16.6663,10.1322,0.8444,0.0000,0.0000,3
6 · Phần phải sang khoang 3 trước,16.6676,10.6554,0.7575,0.0000,0.0000,3
6 · Phần phải sang khoang 3 trước,16.6665,10.7698,0.7509,0.0000,0.0000,3
6 · Phần phải sang khoang 3 trước,16.6689,10.8022,0.8204,0.0000,0.0000,3
6 · Phần phải sang khoang 3 trước,16.6661,11.1153,0.7691,0.0000,0.0000,3
6 · Phần phải sang khoang 3 trước,16.6670,10.7542,0.7640,0.0000,0.0000,3
6 · Phần phải sang khoang 3 trước,16.6751,10.9566,0.7576,0.0000,0.0000,3
6 · Phần phải sang khoang 3 trước,16.6658,10.6769,0.8580,0.0000,0.0000,3
6 · Phần phải sang khoang 3 trước,16.6664,10.6610,0.7487,0.0000,0.0000,3
6 · Phần phải sang khoang 3 trước,16.6669,10.6595,0.8191,0.0000,0.0000,3
6 · Phần phải sang khoang 3 trước,16.6676,10.5275,0.9013,0.0000,0.0000,3
6 · Phần phải sang khoang 3 trước,16.6656,10.5153,0.7864,0.0000,0.0000,3
6 · Phần phải sang khoang 3 trước,16.6680,10.7240,0.9018,0.0000,0.0000,3
6 · Phần phải sang khoang 3 trước,16.6655,11.0134,0.7778,0.0000,0.0000,3
6 · Phần phải sang khoang 3 trước,16.6663,11.4254,0.9065,0.0000,0.0000,3
6 · Phần phải sang khoang 3 trước,16.6676,12.2164,1.0305,0.0000,0.0000,3
6 · Phần phải sang khoang 3 trước,33.3434,11.3551,2.2627,0.0000,0.0000,3
6 · Phần phải sang khoang 3 trước,33.3469,11.3787,1.8508,0.0000,0.0000,3
6 · Phần phải sang khoang 3 trước,33.0789,11.4692,1.9863,0.0000,0.0000,3
6 · Phần phải sang khoang 3 trước,32.9139,11.1569,1.6927,0.0000,0.0000,3
6 · Phần phải sang khoang 3 trước,16.6659,11.2948,0.7725,0.0000,0.0000,3
6 · Phần phải sang khoang 3 trước,16.6680,10.6235,0.8716,0.0000,0.0000,3
6 · Phần phải sang khoang 3 trước,16.6681,11.1996,0.9177,0.0000,0.0000,3
6 · Phần phải sang khoang 3 trước,16.6643,10.5048,1.3229,0.0000,0.0000,3
6 · Phần phải sang khoang 3 trước,16.6693,10.5290,1.0183,0.0000,0.0000,3
6 · Phần phải sang khoang 3 trước,16.6653,10.6764,0.8867,0.0000,0.0000,3
6 · Phần phải sang khoang 3 trước,16.6664,10.2679,0.8228,0.0000,0.0000,3
6 · Phần phải sang khoang 3 trước,16.6663,10.4726,1.0693,0.0000,0.0000,3
6 · Phần phải sang khoang 3 trước,16.6747,10.7325,1.0550,0.0000,0.0000,3
6 · Phần phải sang khoang 3 trước,17.8230,10.8406,1.1549,0.0000,0.0000,3
6 · Phần phải sang khoang 3 trước,16.7463,10.6532,1.2854,0.0000,0.0000,3
6 · Phần phải sang khoang 3 trước,16.7870,10.6261,0.8680,0.0000,0.0000,3
6 · Phần phải sang khoang 3 trước,16.7855,11.0181,1.1679,0.0000,0.0000,3
6 · Phần phải sang khoang 3 trước,32.4675,10.5586,1.5837,0.0000,0.0000,3
6 · Phần phải sang khoang 3 trước,32.5129,10.0633,1.9142,0.0000,0.0000,3
6 · Phần phải sang khoang 3 trước,16.6647,9.7734,0.8420,0.0000,0.0000,3
6 · Phần phải sang khoang 3 trước,16.7489,9.6257,1.0842,0.0000,0.0000,3
6 · Phần phải sang khoang 3 trước,16.6667,9.7453,1.0814,0.0000,0.0000,3
6 · Phần phải sang khoang 3 trước,16.7415,9.7303,1.0134,0.0000,0.0000,3
6 · Phần phải sang khoang 3 trước,16.7226,10.0660,0.8999,0.0000,0.0000,3
6 · Phần phải sang khoang 3 trước,16.6665,9.9207,0.8209,0.0000,0.0000,3
6 · Phần phải sang khoang 3 trước,16.7064,9.6888,0.7514,0.0000,0.0000,3
6 · Phần phải sang khoang 3 trước,16.6653,9.7147,0.9558,0.0000,0.0000,3
6 · Phần phải sang khoang 3 trước,16.6673,9.9159,1.1111,0.0000,0.0000,3
6 · Phần phải sang khoang 3 trước,16.6673,9.6883,1.0722,0.0000,0.0000,3
6 · Phần phải sang khoang 3 trước,16.6661,9.6282,1.1240,0.0000,0.0000,3
6 · Phần phải sang khoang 3 trước,16.6667,9.7999,0.8860,0.0000,0.0000,3
6 · Phần phải sang khoang 3 trước,16.6800,9.8240,0.9643,0.0000,0.0000,3
6 · Phần phải sang khoang 3 trước,16.6662,9.3415,0.8112,0.0000,0.0000,3
6 · Phần phải sang khoang 3 trước,16.6673,9.4459,0.7592,0.0000,0.0000,3
6 · Phần phải sang khoang 3 trước,16.6672,9.4365,0.8944,0.0000,0.0000,3
6 · Phần phải sang khoang 3 trước,16.6659,9.3747,0.8425,0.0000,0.0000,3
6 · Phần phải sang khoang 3 trước,16.6691,9.3917,0.8798,0.0000,0.0000,3
6 · Phần phải sang khoang 3 trước,16.6643,9.1094,0.8146,0.0000,0.0000,3
6 · Phần phải sang khoang 3 trước,16.7763,9.2457,0.8455,0.0000,0.0000,3
6 · Phần phải sang khoang 3 trước,16.6661,9.4246,0.9640,0.0000,0.0000,3
6 · Phần phải sang khoang 3 trước,16.6693,9.3870,0.8531,0.0000,0.0000,3
6 · Phần phải sang khoang 3 trước,16.6712,9.6504,0.7369,0.0000,0.0000,3
6 · Phần phải sang khoang 3 trước,16.6631,9.8647,0.7906,0.0000,0.0000,3
6 · Phần phải sang khoang 3 trước,16.6629,9.8050,0.7681,0.0000,0.0000,3
6 · Phần phải sang khoang 3 trước,16.6668,10.0020,0.7356,0.0000,0.0000,3
6 · Phần phải sang khoang 3 trước,16.6668,9.7230,0.7530,0.0000,0.0000,3
6 · Phần phải sang khoang 3 trước,16.6667,9.8137,0.7364,0.0000,0.0000,3
6 · Phần phải sang khoang 3 trước,16.6670,9.6631,0.7560,0.0000,0.0000,3
6 · Phần phải sang khoang 3 trước,16.6665,9.6790,0.7255,0.0000,0.0000,3
6 · Phần phải sang khoang 3 trước,16.6683,8.1840,0.7427,0.0000,0.0000,3
6 · Phần phải sang khoang 3 trước,16.7556,8.1224,0.7901,0.0000,0.0000,3
6 · Phần phải sang khoang 3 trước,16.6678,8.2947,0.8582,0.0000,0.0000,3
6 · Phần phải sang khoang 3 trước,16.6668,8.1443,0.7499,0.0000,0.0000,3
6 · Phần phải sang khoang 3 trước,16.6659,9.0622,0.8275,0.0000,0.0000,3
6 · Phần phải sang khoang 3 trước,16.6659,8.7836,0.9000,0.0000,0.0000,3
6 · Phần phải sang khoang 3 trước,16.6675,8.7331,0.7568,0.0000,0.0000,3
6 · Phần phải sang khoang 3 trước,16.6662,8.6634,0.8440,0.0000,0.0000,3
6 · Phần phải sang khoang 3 trước,16.6665,8.7853,0.7917,0.0000,0.0000,3
6 · Phần phải sang khoang 3 trước,16.6666,8.7344,0.6915,0.0000,0.0000,3
6 · Phần phải sang khoang 3 trước,16.6678,8.5679,0.7811,0.0000,0.0000,3
6 · Phần phải sang khoang 3 trước,16.6669,8.5976,0.6786,0.0000,0.0000,3
6 · Phần phải sang khoang 3 trước,16.6655,8.7970,0.7406,0.0000,0.0000,3
6 · Phần phải sang khoang 3 trước,16.6693,9.0363,0.7206,0.0000,0.0000,3
6 · Phần phải sang khoang 3 trước,16.6643,9.1311,0.6814,0.0000,0.0000,3
6 · Phần phải sang khoang 3 trước,16.6675,9.3318,0.7613,0.0000,0.0000,3
6 · Phần phải sang khoang 3 trước,16.6671,8.9824,0.6934,0.0000,0.0000,3
6 · Phần phải sang khoang 3 trước,16.6667,9.2783,0.7486,0.0000,0.0000,3
6 · Phần phải sang khoang 3 trước,16.6656,9.0374,0.6984,0.0000,0.0000,3
6 · Phần phải sang khoang 3 trước,16.6674,8.7880,0.8617,0.0000,0.0000,3
6 · Phần phải sang khoang 3 trước,16.6674,8.9073,0.6898,0.0000,0.0000,3
6 · Phần phải sang khoang 3 trước,16.6657,9.0163,0.7711,0.0000,0.0000,3
6 · Phần phải sang khoang 3 trước,16.6667,8.9684,0.7729,0.0000,0.0000,3
6 · Phần phải sang khoang 3 trước,16.6665,8.9764,0.6965,0.0000,0.0000,3
6 · Phần phải sang khoang 3 trước,16.6682,9.8605,0.7125,0.0000,0.0000,3
6 · Phần phải sang khoang 3 trước,16.6710,9.9346,0.7958,0.0000,0.0000,3
6 · Phần phải sang khoang 3 trước,16.6636,9.6941,0.6797,0.0000,0.0000,3
6 · Phần phải sang khoang 3 trước,16.6701,9.6930,0.6582,0.0000,0.0000,3
6 · Phần phải sang khoang 3 trước,16.6672,9.8474,0.8037,0.0000,0.0000,3
6 · Phần phải sang khoang 3 trước,16.6672,9.9778,0.7927,0.0000,0.0000,3
6 · Phần phải sang khoang 3 trước,16.6660,9.8475,0.7765,0.0000,0.0000,3
6 · Phần phải sang khoang 3 trước,16.6664,9.9676,0.7607,0.0000,0.0000,3
6 · Phần phải sang khoang 3 trước,16.6665,9.8535,0.7573,0.0000,0.0000,3
6 · Phần phải sang khoang 3 trước,16.6670,9.6100,0.8206,0.0000,0.0000,3
6 · Phần phải sang khoang 3 trước,16.6669,9.9131,0.7749,0.0000,0.0000,3
6 · Phần phải sang khoang 3 trước,16.6668,10.3423,0.6355,0.0000,0.0000,3
6 · Phần phải sang khoang 3 trước,16.6676,10.7310,0.8687,0.0000,0.0000,3
6 · Phần phải sang khoang 3 trước,16.6688,10.4822,0.7951,0.0000,0.0000,3
6 · Phần phải sang khoang 3 trước,16.6640,10.7327,0.8745,0.0000,0.0000,3
6 · Phần phải sang khoang 3 trước,16.6672,10.4855,0.7349,0.0000,0.0000,3
6 · Phần phải sang khoang 3 trước,16.6684,10.0806,0.7437,0.0000,0.0000,3
6 · Phần phải sang khoang 3 trước,16.6656,10.4534,0.7936,0.0000,0.0000,3
6 · Phần phải sang khoang 3 trước,16.7085,10.2712,0.6979,0.0000,0.0000,3
6 · Phần phải sang khoang 3 trước,16.6646,10.3963,0.7909,0.0000,0.0000,3
6 · Phần phải sang khoang 3 trước,16.6674,11.5663,0.7220,0.0000,0.0000,3
6 · Phần phải sang khoang 3 trước,16.6642,10.2999,0.6752,0.0000,0.0000,3
6 · Phần phải sang khoang 3 trước,16.6669,9.9860,0.7320,0.0000,0.0000,3
6 · Phần phải sang khoang 3 trước,16.6679,10.3426,0.7224,0.0000,0.0000,3
6 · Phần phải sang khoang 3 trước,16.6653,9.5328,0.8150,0.0000,0.0000,3
6 · Phần phải sang khoang 3 trước,16.6668,10.1808,0.7301,0.0000,0.0000,3
6 · Phần phải sang khoang 3 trước,16.6689,10.5839,0.7737,0.0000,0.0000,3
6 · Phần phải sang khoang 3 trước,16.6658,11.0316,0.8316,0.0000,0.0000,3
6 · Phần phải sang khoang 3 trước,16.6666,9.9221,0.7289,0.0000,0.0000,3
6 · Phần phải sang khoang 3 trước,16.6677,10.4674,0.8393,0.0000,0.0000,3
6 · Phần phải sang khoang 3 trước,16.6668,9.6669,0.8815,0.0000,0.0000,3
6 · Phần phải sang khoang 3 trước,16.6674,10.1932,0.8097,0.0000,0.0000,3
6 · Phần phải sang khoang 3 trước,16.6653,10.0122,0.8052,0.0000,0.0000,3
6 · Phần phải sang khoang 3 trước,16.6706,10.5050,0.9543,0.0000,0.0000,3
6 · Phần phải sang khoang 3 trước,16.6618,10.5487,0.8834,0.0000,0.0000,3
6 · Phần phải sang khoang 3 trước,16.6668,9.9694,0.8528,0.0000,0.0000,3
6 · Phần phải sang khoang 3 trước,16.6673,9.9339,0.7418,0.0000,0.0000,3
6 · Phần phải sang khoang 3 trước,16.6676,9.9836,0.7789,0.0000,0.0000,3
6 · Phần phải sang khoang 3 trước,17.0377,10.1078,0.6728,0.0000,0.0000,3
6 · Phần phải sang khoang 3 trước,16.6672,10.2264,0.7362,0.0000,0.0000,3
6 · Phần phải sang khoang 3 trước,16.6681,10.0822,0.7680,0.0000,0.0000,3
6 · Phần phải sang khoang 3 trước,16.6659,10.3476,0.8051,0.0000,0.0000,3
6 · Phần phải sang khoang 3 trước,16.6675,10.1157,0.6957,0.0000,0.0000,3
6 · Phần phải sang khoang 3 trước,16.6655,10.1138,0.7227,0.0000,0.0000,3
6 · Phần phải sang khoang 3 trước,16.6845,9.9973,0.8805,0.0000,0.0000,3
6 · Phần phải sang khoang 3 trước,16.7406,9.9512,0.8127,0.0000,0.0000,3
6 · Phần phải sang khoang 3 trước,16.6234,10.0420,0.8783,0.0000,0.0000,3
6 · Phần phải sang khoang 3 trước,16.6687,9.8105,0.7277,0.0000,0.0000,3
6 · Phần phải sang khoang 3 trước,16.6660,10.1020,0.6649,0.0000,0.0000,3
6 · Phần phải sang khoang 3 trước,16.6820,10.2179,0.6639,0.0000,0.0000,3
6 · Phần phải sang khoang 3 trước,16.6715,10.1344,0.6452,0.0000,0.0000,3
6 · Phần phải sang khoang 3 trước,16.6672,10.0265,0.7913,0.0000,0.0000,3
6 · Phần phải sang khoang 3 trước,16.6684,10.0032,0.6891,0.0000,0.0000,3
6 · Phần phải sang khoang 3 trước,16.6893,10.2974,0.7029,0.0000,0.0000,3
6 · Phần phải sang khoang 3 trước,16.6737,10.1027,0.7169,0.0000,0.0000,3
6 · Phần phải sang khoang 3 trước,16.6657,10.3429,0.6565,0.0000,0.0000,3
6 · Phần phải sang khoang 3 trước,16.6733,10.3356,0.7674,0.0000,0.0000,3
6 · Phần phải sang khoang 3 trước,16.6767,9.6127,0.7695,0.0000,0.0000,3
6 · Phần phải sang khoang 3 trước,16.6949,9.7044,0.6914,0.0000,0.0000,3
6 · Phần phải sang khoang 3 trước,16.6933,9.6403,0.7066,0.0000,0.0000,3
6 · Phần phải sang khoang 3 trước,16.6789,9.5373,0.7161,0.0000,0.0000,3
6 · Phần phải sang khoang 3 trước,16.6759,9.4005,0.7704,0.0000,0.0000,3
6 · Phần phải sang khoang 3 trước,16.6716,9.0386,0.6485,0.0000,0.0000,3
6 · Phần phải sang khoang 3 trước,16.6872,9.4640,0.8373,0.0000,0.0000,3
6 · Phần phải sang khoang 3 trước,16.6890,8.8549,0.7667,0.0000,0.0000,3
6 · Phần phải sang khoang 3 trước,16.6737,8.9802,0.7882,0.0000,0.0000,3
6 · Phần phải sang khoang 3 trước,16.6868,9.0122,0.9634,0.0000,0.0000,3
6 · Phần phải sang khoang 3 trước,16.7177,9.2603,0.9296,0.0000,0.0000,3
6 · Phần phải sang khoang 3 trước,16.7007,8.8090,0.8253,0.0000,0.0000,3
6 · Phần phải sang khoang 3 trước,16.6674,8.7130,1.8718,0.0000,0.0000,3
6 · Phần phải sang khoang 3 trước,16.7068,8.9749,0.6541,0.0000,0.0000,3
6 · Phần phải sang khoang 3 trước,16.7249,9.0451,0.6323,0.0000,0.0000,3
6 · Phần phải sang khoang 3 trước,16.7438,9.2198,0.7096,0.0000,0.0000,3
6 · Phần phải sang khoang 3 trước,16.7208,8.7914,0.6882,0.0000,0.0000,3
6 · Phần phải sang khoang 3 trước,16.7151,8.6856,0.7983,0.0000,0.0000,3
6 · Phần phải sang khoang 3 trước,16.7191,8.3963,0.6613,0.0000,0.0000,3
6 · Phần phải sang khoang 3 trước,16.7728,8.4495,0.7647,0.0000,0.0000,3
6 · Phần phải sang khoang 3 trước,16.7483,8.1791,0.7138,0.0000,0.0000,3
6 · Phần phải sang khoang 3 trước,16.7554,8.2293,0.8090,0.0000,0.0000,3
6 · Phần phải sang khoang 3 trước,16.7743,8.5146,0.7442,0.0000,0.0000,3
6 · Phần phải sang khoang 3 trước,16.7926,8.2799,0.7358,0.0000,0.0000,3
6 · Phần phải sang khoang 3 trước,16.7975,8.2462,0.8669,0.0000,0.0000,3
6 · Phần phải sang khoang 3 trước,16.8220,7.9117,0.8158,0.0000,0.0000,3
6 · Phần phải sang khoang 3 trước,16.8389,8.0194,0.8596,0.0000,0.0000,3
6 · Phần phải sang khoang 3 trước,16.8636,8.2954,0.6816,0.0000,0.0000,3
6 · Phần phải sang khoang 3 trước,16.8840,8.2501,0.6927,0.0000,0.0000,3
6 · Phần phải sang khoang 3 trước,16.9228,8.1972,0.8104,0.0000,0.0000,3
6 · Phần phải sang khoang 3 trước,16.9748,8.7114,1.0472,239.3733,3.1418,3
6 · Phần phải sang khoang 3 trước,263.9480,9.0406,4.1804,0.0000,0.0000,3
6 · Phần phải sang khoang 3 trước,33.3534,9.0589,1.6423,0.0000,0.0000,3
6 · Phần phải sang khoang 3 trước,16.6668,10.5364,0.7197,0.0000,0.0000,3
6 · Phần phải sang khoang 3 trước,16.6667,10.6343,0.7846,0.0000,0.0000,3
6 · Phần phải sang khoang 3 trước,16.6672,10.5726,0.8420,0.0000,0.0000,3
6 · Phần phải sang khoang 3 trước,16.6664,10.2622,0.7243,0.0000,0.0000,3
6 · Phần phải sang khoang 3 trước,16.6661,10.4120,0.7086,0.0000,0.0000,3
6 · Phần phải sang khoang 3 trước,16.6687,10.9349,0.7822,0.0000,0.0000,3
6 · Phần phải sang khoang 3 trước,16.6677,10.0153,0.7714,0.0000,0.0000,3
6 · Phần phải sang khoang 3 trước,16.6695,10.0317,1.0581,0.0000,0.0000,3
6 · Phần phải sang khoang 3 trước,16.6621,10.0652,0.8030,0.0000,0.0000,3
6 · Phần phải sang khoang 3 trước,16.6661,9.8091,0.7487,0.0000,0.0000,3
6 · Phần phải sang khoang 3 trước,16.6684,10.2874,0.8811,0.0000,0.0000,3
6 · Phần phải sang khoang 3 trước,16.6692,10.2453,0.8891,0.0000,0.0000,3
6 · Phần phải sang khoang 3 trước,16.6631,10.1552,1.0213,0.0000,0.0000,3
6 · Phần phải sang khoang 3 trước,16.6762,10.2538,0.8893,0.0000,0.0000,3
6 · Phần phải sang khoang 3 trước,16.6686,9.9526,0.8388,0.0000,0.0000,3
6 · Phần phải sang khoang 3 trước,16.6666,10.3138,0.9093,0.0000,0.0000,3
6 · Phần phải sang khoang 3 trước,16.6727,10.3389,0.8172,0.0000,0.0000,3
6 · Phần phải sang khoang 3 trước,16.6687,10.0175,0.7760,0.0000,0.0000,3
6 · Phần phải sang khoang 3 trước,16.6638,9.8266,0.8183,0.0000,0.0000,3
6 · Phần phải sang khoang 3 trước,16.6690,10.2079,0.8278,0.0000,0.0000,3
6 · Phần phải sang khoang 3 trước,16.6660,10.2776,0.8265,0.0000,0.0000,3
6 · Phần phải sang khoang 3 trước,16.6665,10.1106,0.8149,0.0000,0.0000,3
6 · Phần phải sang khoang 3 trước,16.6675,9.9063,0.9553,0.0000,0.0000,3
6 · Phần phải sang khoang 3 trước,16.6665,10.1270,0.9545,0.0000,0.0000,3
6 · Phần phải sang khoang 3 trước,16.6683,10.2043,0.9385,0.0000,0.0000,3
6 · Phần phải sang khoang 3 trước,16.6643,10.0300,0.9294,0.0000,0.0000,3
6 · Phần phải sang khoang 3 trước,16.6663,9.9513,0.9649,0.0000,0.0000,3
6 · Phần phải sang khoang 3 trước,16.6671,10.0967,0.8652,0.0000,0.0000,3
6 · Phần phải sang khoang 3 trước,16.6660,10.0020,0.7932,0.0000,0.0000,3
6 · Phần phải sang khoang 3 trước,16.6667,10.3340,0.8662,0.0000,0.0000,3
6 · Phần phải sang khoang 3 trước,16.6697,10.4845,0.8897,0.0000,0.0000,3
6 · Phần phải sang khoang 3 trước,16.6651,10.7354,0.9353,0.0000,0.0000,3
6 · Phần phải sang khoang 3 trước,16.6664,11.1145,0.7896,0.0000,0.0000,3
6 · Phần phải sang khoang 3 trước,16.6948,10.5083,0.8525,0.0000,0.0000,3
6 · Phần phải sang khoang 3 trước,16.6531,10.3793,0.9220,0.0000,0.0000,3
6 · Phần phải sang khoang 3 trước,16.6649,10.6175,0.9985,0.0000,0.0000,3
6 · Phần phải sang khoang 3 trước,16.6674,10.1195,0.9485,0.0000,0.0000,3
6 · Phần phải sang khoang 3 trước,16.6718,10.4006,0.8277,0.0000,0.0000,3
6 · Phần phải sang khoang 3 trước,16.6583,10.4263,0.8866,0.0000,0.0000,3
6 · Phần phải sang khoang 3 trước,16.6686,10.4186,1.0066,0.0000,0.0000,3
6 · Phần phải sang khoang 3 trước,16.6663,10.2454,0.8624,0.0000,0.0000,3
6 · Phần phải sang khoang 3 trước,16.6763,10.4335,0.9105,0.0000,0.0000,3
6 · Phần phải sang khoang 3 trước,16.6589,10.2866,0.9594,0.0000,0.0000,3
6 · Phần phải sang khoang 3 trước,16.6677,10.2302,0.9391,0.0000,0.0000,3
6 · Phần phải sang khoang 3 trước,16.6666,10.4246,0.7841,0.0000,0.0000,3
6 · Phần phải sang khoang 3 trước,16.6647,10.4013,0.8721,0.0000,0.0000,3
6 · Phần phải sang khoang 3 trước,16.6764,10.2334,0.8742,0.0000,0.0000,3
6 · Phần phải sang khoang 3 trước,16.6657,10.8012,0.8994,0.0000,0.0000,3
6 · Phần phải sang khoang 3 trước,16.6655,10.5098,0.9380,0.0000,0.0000,3
6 · Phần phải sang khoang 3 trước,16.6673,10.5766,0.8419,0.0000,0.0000,3
6 · Phần phải sang khoang 3 trước,16.6792,10.6186,0.9511,0.0000,0.0000,3
6 · Phần phải sang khoang 3 trước,16.6683,10.4462,0.9503,0.0000,0.0000,3
6 · Phần phải sang khoang 3 trước,16.6690,10.7748,0.8900,0.0000,0.0000,3
6 · Phần phải sang khoang 3 trước,16.6677,10.5675,1.0296,0.0000,0.0000,3
6 · Phần phải sang khoang 3 trước,16.6784,10.4919,0.9507,0.0000,0.0000,3
6 · Phần phải sang khoang 3 trước,16.6561,10.6295,0.9902,0.0000,0.0000,3
6 · Phần phải sang khoang 3 trước,16.6659,10.9073,0.8840,0.0000,0.0000,3
6 · Phần phải sang khoang 3 trước,16.6800,10.6332,0.7806,0.0000,0.0000,3
6 · Phần phải sang khoang 3 trước,16.6671,10.6926,0.9169,0.0000,0.0000,3
6 · Phần phải sang khoang 3 trước,16.7135,10.2959,0.9306,0.0000,0.0000,3
6 · Phần phải sang khoang 3 trước,16.6674,10.0816,0.8628,0.0000,0.0000,3
6 · Phần phải sang khoang 3 trước,16.6728,10.4080,0.8230,0.0000,0.0000,3
6 · Phần phải sang khoang 3 trước,16.6695,9.8472,0.8254,0.0000,0.0000,3
6 · Phần phải sang khoang 3 trước,16.6693,9.7634,0.9632,0.0000,0.0000,3
6 · Phần phải sang khoang 3 trước,16.6663,9.8532,0.9571,0.0000,0.0000,3
6 · Phần phải sang khoang 3 trước,16.6663,10.0181,0.9764,0.0000,0.0000,3
6 · Phần phải sang khoang 3 trước,16.6673,9.9071,0.9116,0.0000,0.0000,3
6 · Phần phải sang khoang 3 trước,16.6684,10.0332,0.9664,0.0000,0.0000,3
6 · Phần phải sang khoang 3 trước,16.6665,9.8268,0.8901,0.0000,0.0000,3
6 · Phần phải sang khoang 3 trước,16.6660,9.9997,0.8088,0.0000,0.0000,3
6 · Phần phải sang khoang 3 trước,16.6668,9.9289,0.8973,0.0000,0.0000,3
6 · Phần phải sang khoang 3 trước,16.6757,10.1637,0.9878,0.0000,0.0000,3
6 · Phần phải sang khoang 3 trước,16.6668,9.9477,0.8046,0.0000,0.0000,3
6 · Phần phải sang khoang 3 trước,16.7053,10.0951,0.8973,0.0000,0.0000,3
6 · Phần phải sang khoang 3 trước,16.6932,9.9628,0.9470,0.0000,0.0000,3
6 · Phần phải sang khoang 3 trước,16.6826,10.1828,0.9911,0.0000,0.0000,3
6 · Phần phải sang khoang 3 trước,16.6946,10.1584,0.8774,0.0000,0.0000,3
6 · Phần phải sang khoang 3 trước,16.6884,10.0943,0.8525,0.0000,0.0000,3
6 · Phần phải sang khoang 3 trước,16.6840,10.0981,1.0354,0.0000,0.0000,3
6 · Phần phải sang khoang 3 trước,16.6875,9.9018,0.9438,0.0000,0.0000,3
6 · Phần phải sang khoang 3 trước,16.7041,10.2116,1.0167,0.0000,0.0000,3
6 · Phần phải sang khoang 3 trước,16.6825,10.0146,0.8578,0.0000,0.0000,3
6 · Phần phải sang khoang 3 trước,16.6675,10.2075,1.0179,0.0000,0.0000,3
6 · Phần phải sang khoang 3 trước,16.7050,10.0971,0.8973,0.0000,0.0000,3
6 · Phần phải sang khoang 3 trước,16.6663,10.1710,0.9346,0.0000,0.0000,3
6 · Phần phải sang khoang 3 trước,16.7048,10.0746,0.7843,0.0000,0.0000,3
6 · Phần phải sang khoang 3 trước,16.6675,9.8782,0.9148,0.0000,0.0000,3
6 · Phần phải sang khoang 3 trước,16.7054,9.8197,0.9085,0.0000,0.0000,3
6 · Phần phải sang khoang 3 trước,16.7085,9.4410,0.9327,0.0000,0.0000,3
6 · Phần phải sang khoang 3 trước,16.7100,9.0227,0.8889,0.0000,0.0000,3
6 · Phần phải sang khoang 3 trước,16.7297,9.0855,0.8608,0.0000,0.0000,3
6 · Phần phải sang khoang 3 trước,16.7008,8.9915,0.8879,0.0000,0.0000,3
6 · Phần phải sang khoang 3 trước,16.7356,9.0718,0.8707,0.0000,0.0000,3
6 · Phần phải sang khoang 3 trước,16.7168,8.9809,0.8901,0.0000,0.0000,3
6 · Phần phải sang khoang 3 trước,16.7413,8.9791,0.8451,0.0000,0.0000,3
6 · Phần phải sang khoang 3 trước,16.7524,9.1366,0.9860,0.0000,0.0000,3
6 · Phần phải sang khoang 3 trước,16.7627,8.7062,0.7930,0.0000,0.0000,3
6 · Phần phải sang khoang 3 trước,16.7689,8.9889,0.8434,0.0000,0.0000,3
6 · Phần phải sang khoang 3 trước,16.6959,9.0360,0.7973,0.0000,0.0000,3
6 · Phần phải sang khoang 3 trước,16.8004,9.2911,0.8509,0.0000,0.0000,3
6 · Phần phải sang khoang 3 trước,16.8101,9.1488,0.8245,0.0000,0.0000,3
6 · Phần phải sang khoang 3 trước,16.8389,8.7978,0.9052,0.0000,0.0000,3
6 · Phần phải sang khoang 3 trước,16.8548,8.8973,0.8789,0.0000,0.0000,3
6 · Phần phải sang khoang 3 trước,16.8928,8.8128,0.9853,0.0000,0.0000,3
6 · Phần phải sang khoang 3 trước,16.9131,8.8977,0.8669,0.0000,0.0000,3
6 · Phần phải sang khoang 3 trước,16.9458,9.2474,0.8272,0.0000,0.0000,3
6 · Phần phải sang khoang 3 trước,16.9918,8.9079,0.7774,0.0000,0.0000,3
6 · Phần phải sang khoang 3 trước,17.0420,8.6434,0.7584,0.0000,0.0000,3
6 · Phần phải sang khoang 3 trước,17.0886,8.4210,0.8090,0.0000,0.0000,3
6 · Phần phải sang khoang 3 trước,16.7945,8.4214,0.7965,0.0000,0.0000,3
6 · Phần phải sang khoang 3 trước,16.6628,8.3852,0.7826,0.0000,0.0000,3
6 · Phần phải sang khoang 3 trước,17.1698,8.4647,0.7754,0.0000,0.0000,3
6 · Phần phải sang khoang 3 trước,28.1239,8.4741,1.3483,0.0000,0.0000,3
6 · Phần phải sang khoang 3 trước,16.6660,8.1272,1.0470,0.0000,0.0000,3
6 · Phần phải sang khoang 3 trước,17.2495,8.7657,0.9385,0.0000,0.0000,3
6 · Phần phải sang khoang 3 trước,16.6656,8.4457,1.5324,0.0000,0.6126,3
6 · Phần phải sang khoang 3 trước,16.6679,8.3798,0.8962,0.0000,0.0000,3
6 · Phần phải sang khoang 3 trước,16.6666,8.7737,0.8754,0.0000,0.0000,3
6 · Phần phải sang khoang 3 trước,16.6665,8.0758,1.0048,0.0000,0.0000,3
6 · Phần phải sang khoang 3 trước,16.6666,8.0594,0.9878,0.0000,0.0000,3
6 · Phần phải sang khoang 3 trước,16.6673,7.9671,0.8832,0.0000,0.0000,3
6 · Phần phải sang khoang 3 trước,16.6656,8.6893,1.0464,0.0000,0.0000,3
6 · Phần phải sang khoang 3 trước,16.6686,8.7214,0.9496,0.0000,0.0000,3
6 · Phần phải sang khoang 3 trước,16.6658,8.7877,1.0784,0.0000,0.0000,3
6 · Phần phải sang khoang 3 trước,16.6664,8.8442,1.0218,0.0000,0.0000,3
6 · Phần phải sang khoang 3 trước,16.6670,8.6285,0.8172,0.0000,0.0000,3
6 · Phần phải sang khoang 3 trước,16.6662,8.5268,1.1377,0.0000,0.0000,3
6 · Phần phải sang khoang 3 trước,16.6664,8.5504,0.8504,0.0000,0.0000,3
6 · Phần phải sang khoang 3 trước,16.6667,8.6351,0.8520,0.0000,0.0000,3
6 · Phần phải sang khoang 3 trước,16.6683,9.0486,0.9795,0.0000,0.0000,3
6 · Phần phải sang khoang 3 trước,16.6668,9.1545,1.0014,0.0000,0.0000,3
6 · Phần phải sang khoang 3 trước,16.6671,9.2974,1.0095,0.0000,0.0000,3
6 · Phần phải sang khoang 3 trước,16.7015,9.3210,1.0543,0.0000,0.0000,3
6 · Phần phải sang khoang 3 trước,16.6624,9.3811,0.9521,0.0000,0.0000,3
6 · Phần phải sang khoang 3 trước,16.6672,9.3931,1.0026,0.0000,0.0000,3
6 · Phần phải sang khoang 3 trước,16.6958,9.5791,1.0787,0.0000,0.0000,3
6 · Phần phải sang khoang 3 trước,16.6622,9.7086,0.9757,0.0000,0.0000,3
6 · Phần phải sang khoang 3 trước,16.6670,9.1038,1.0385,0.0000,0.0000,3
6 · Phần phải sang khoang 3 trước,16.6725,9.5171,0.9777,0.0000,0.0000,3
6 · Phần phải sang khoang 3 trước,16.6700,9.6901,1.0640,0.0000,0.0000,3
6 · Phần phải sang khoang 3 trước,16.6630,9.3820,0.9013,0.0000,0.0000,3
6 · Phần phải sang khoang 3 trước,16.6678,9.4970,1.0230,0.0000,0.0000,3
6 · Phần phải sang khoang 3 trước,16.6656,9.6147,0.9928,0.0000,0.0000,3
6 · Phần phải sang khoang 3 trước,16.6897,9.4810,1.0379,0.0000,0.0000,3
6 · Phần phải sang khoang 3 trước,16.6676,9.8625,0.9923,0.0000,0.0000,3
6 · Phần phải sang khoang 3 trước,16.6649,9.7918,1.0376,0.0000,0.0000,3
6 · Phần phải sang khoang 3 trước,16.6689,9.9446,1.0709,0.0000,0.0000,3
6 · Phần phải sang khoang 3 trước,16.6808,9.6254,0.8490,0.0000,0.0000,3
6 · Phần phải sang khoang 3 trước,16.6695,9.7496,0.9816,0.0000,0.0000,3
7 · Phần trái vòng sau bánh răng tới B,16.6649,10.0141,1.0344,235.3025,2.0128,3
7 · Phần trái vòng sau bánh răng tới B,266.9026,10.9134,4.8804,0.0000,0.0000,3
7 · Phần trái vòng sau bánh răng tới B,33.0615,10.4311,1.6749,0.0000,0.0000,3
7 · Phần trái vòng sau bánh răng tới B,16.6674,10.5567,0.9315,0.0000,0.0000,3
7 · Phần trái vòng sau bánh răng tới B,16.6673,10.9037,1.2116,0.0000,0.0000,3
7 · Phần trái vòng sau bánh răng tới B,16.6692,10.7215,1.0825,0.0000,0.0000,3
7 · Phần trái vòng sau bánh răng tới B,16.6633,10.9602,1.0664,0.0000,0.0000,3
7 · Phần trái vòng sau bánh răng tới B,16.6931,10.9677,0.8643,0.0000,0.0000,3
7 · Phần trái vòng sau bánh răng tới B,16.6663,10.6445,0.8745,0.0000,0.0000,3
7 · Phần trái vòng sau bánh răng tới B,16.6672,10.5853,0.9907,0.0000,0.0000,3
7 · Phần trái vòng sau bánh răng tới B,16.6661,10.5059,0.8538,0.0000,0.0000,3
7 · Phần trái vòng sau bánh răng tới B,16.6664,10.6389,0.8732,0.0000,0.0000,3
7 · Phần trái vòng sau bánh răng tới B,16.6676,10.3318,0.9257,0.0000,0.0000,3
7 · Phần trái vòng sau bánh răng tới B,16.6661,10.9179,1.0158,0.0000,0.0000,3
7 · Phần trái vòng sau bánh răng tới B,16.6673,10.6393,0.9625,0.0000,0.0000,3
7 · Phần trái vòng sau bánh răng tới B,16.6658,11.1393,0.9204,0.0000,0.0000,3
7 · Phần trái vòng sau bánh răng tới B,16.6676,11.6789,0.8296,0.0000,0.0000,3
7 · Phần trái vòng sau bánh răng tới B,16.6674,11.1469,0.8356,0.0000,0.0000,3
7 · Phần trái vòng sau bánh răng tới B,16.6681,11.3865,1.1159,0.0000,0.0000,3
7 · Phần trái vòng sau bánh răng tới B,16.6662,11.5346,1.0234,0.0000,0.0000,3
7 · Phần trái vòng sau bánh răng tới B,16.6653,11.4269,0.9110,0.0000,0.0000,3
7 · Phần trái vòng sau bánh răng tới B,16.6669,11.5187,0.8368,0.0000,0.0000,3
7 · Phần trái vòng sau bánh răng tới B,16.6665,11.5178,0.8500,0.0000,0.0000,3
7 · Phần trái vòng sau bánh răng tới B,16.6665,11.1371,0.8421,0.0000,0.0000,3
7 · Phần trái vòng sau bánh răng tới B,16.6667,11.1060,0.8395,0.0000,0.0000,3
7 · Phần trái vòng sau bánh răng tới B,16.6677,11.2365,0.9533,0.0000,0.0000,3
7 · Phần trái vòng sau bánh răng tới B,16.6663,11.4015,0.8353,0.0000,0.0000,3
7 · Phần trái vòng sau bánh răng tới B,16.6668,11.2801,0.8369,0.0000,0.0000,3
7 · Phần trái vòng sau bánh răng tới B,16.6670,10.8803,0.8453,0.0000,0.0000,3
7 · Phần trái vòng sau bánh răng tới B,16.6670,10.6768,0.8437,0.0000,0.0000,3
7 · Phần trái vòng sau bánh răng tới B,16.6668,10.5572,0.8204,0.0000,0.0000,3
7 · Phần trái vòng sau bánh răng tới B,16.6667,10.5485,0.8262,0.0000,0.0000,3
7 · Phần trái vòng sau bánh răng tới B,16.6663,10.3293,0.8269,0.0000,0.0000,3
7 · Phần trái vòng sau bánh răng tới B,16.6667,10.3700,0.8606,0.0000,0.0000,3
7 · Phần trái vòng sau bánh răng tới B,16.6665,10.2830,0.8408,0.0000,0.0000,3
7 · Phần trái vòng sau bánh răng tới B,16.6678,10.1430,0.8123,0.0000,0.0000,3
7 · Phần trái vòng sau bánh răng tới B,16.6661,10.0704,0.8753,0.0000,0.0000,3
7 · Phần trái vòng sau bánh răng tới B,16.6664,9.9693,0.8247,0.0000,0.0000,3
7 · Phần trái vòng sau bánh răng tới B,16.6673,9.8619,0.8394,0.0000,0.0000,3
7 · Phần trái vòng sau bánh răng tới B,16.6670,9.8768,0.8255,0.0000,0.0000,3
7 · Phần trái vòng sau bánh răng tới B,16.6669,9.8993,0.8167,0.0000,0.0000,3
7 · Phần trái vòng sau bánh răng tới B,16.6666,9.8672,0.8121,0.0000,0.0000,3
7 · Phần trái vòng sau bánh răng tới B,16.6705,9.5980,0.8147,0.0000,0.0000,3
7 · Phần trái vòng sau bánh răng tới B,16.6631,9.8425,0.8247,0.0000,0.0000,3
7 · Phần trái vòng sau bánh răng tới B,16.6667,9.3872,0.8264,0.0000,0.0000,3
7 · Phần trái vòng sau bánh răng tới B,16.6667,9.7748,0.8413,0.0000,0.0000,3
7 · Phần trái vòng sau bánh răng tới B,16.6662,9.7723,0.8768,0.0000,0.0000,3
7 · Phần trái vòng sau bánh răng tới B,16.6671,9.3311,0.8305,0.0000,0.0000,3
7 · Phần trái vòng sau bánh răng tới B,16.6667,9.2565,0.8143,0.0000,0.0000,3
7 · Phần trái vòng sau bánh răng tới B,16.6666,9.3209,0.8291,0.0000,0.0000,3
7 · Phần trái vòng sau bánh răng tới B,16.6685,9.2701,0.8588,0.0000,0.0000,3
7 · Phần trái vòng sau bánh răng tới B,16.6648,9.2617,0.8353,0.0000,0.0000,3
7 · Phần trái vòng sau bánh răng tới B,16.6665,9.2339,0.8044,0.0000,0.0000,3
7 · Phần trái vòng sau bánh răng tới B,16.6671,9.2994,0.8487,0.0000,0.0000,3
7 · Phần trái vòng sau bánh răng tới B,16.6669,9.7651,0.8331,0.0000,0.0000,3
7 · Phần trái vòng sau bánh răng tới B,16.6667,9.2360,0.8523,0.0000,0.0000,3
7 · Phần trái vòng sau bánh răng tới B,16.6669,9.3149,0.8492,0.0000,0.0000,3
7 · Phần trái vòng sau bánh răng tới B,16.6668,9.3557,0.8350,0.0000,0.0000,3
7 · Phần trái vòng sau bánh răng tới B,16.6667,9.1173,0.8302,0.0000,0.0000,3
7 · Phần trái vòng sau bánh răng tới B,16.6666,9.4813,0.8403,0.0000,0.0000,3
7 · Phần trái vòng sau bánh răng tới B,16.6670,9.3768,0.8268,0.0000,0.0000,3
7 · Phần trái vòng sau bánh răng tới B,16.6662,9.3225,0.8455,0.0000,0.0000,3
7 · Phần trái vòng sau bánh răng tới B,16.6699,9.3588,0.8447,0.0000,0.0000,3
7 · Phần trái vòng sau bánh răng tới B,16.6639,9.3601,0.8519,0.0000,0.0000,3
7 · Phần trái vòng sau bánh răng tới B,16.6663,9.7732,0.7848,0.0000,0.0000,3
7 · Phần trái vòng sau bánh răng tới B,16.6672,9.8206,0.8388,0.0000,0.0000,3
7 · Phần trái vòng sau bánh răng tới B,16.6670,9.7157,0.8193,0.0000,0.0000,3
7 · Phần trái vòng sau bánh răng tới B,16.6666,10.1102,0.8457,0.0000,0.0000,3
7 · Phần trái vòng sau bánh răng tới B,16.6668,10.1744,0.8032,0.0000,0.0000,3
7 · Phần trái vòng sau bánh răng tới B,16.6669,9.8411,0.9066,0.0000,0.0000,3
7 · Phần trái vòng sau bánh răng tới B,16.6668,9.6334,0.8151,0.0000,0.0000,3
7 · Phần trái vòng sau bánh răng tới B,16.6665,10.0503,0.8087,0.0000,0.0000,3
7 · Phần trái vòng sau bánh răng tới B,16.6666,10.0943,0.7896,0.0000,0.0000,3
7 · Phần trái vòng sau bánh răng tới B,16.6660,9.7621,0.8154,0.0000,0.0000,3
7 · Phần trái vòng sau bánh răng tới B,16.6681,9.7357,0.8411,0.0000,0.0000,3
7 · Phần trái vòng sau bánh răng tới B,16.6663,9.5430,0.8094,0.0000,0.0000,3
7 · Phần trái vòng sau bánh răng tới B,16.6666,9.9584,0.8885,0.0000,0.0000,3
7 · Phần trái vòng sau bánh răng tới B,16.6665,10.2087,0.7967,0.0000,0.0000,3
7 · Phần trái vòng sau bánh răng tới B,16.6721,9.9342,0.8349,0.0000,0.0000,3
7 · Phần trái vòng sau bánh răng tới B,16.6617,9.9568,0.8640,0.0000,0.0000,3
7 · Phần trái vòng sau bánh răng tới B,16.6665,9.9151,0.7993,0.0000,0.0000,3
7 · Phần trái vòng sau bánh răng tới B,16.6667,10.0513,0.8456,0.0000,0.0000,3
7 · Phần trái vòng sau bánh răng tới B,16.6670,10.2210,0.8567,0.0000,0.0000,3
7 · Phần trái vòng sau bánh răng tới B,16.6666,10.0596,0.8016,0.0000,0.0000,3
7 · Phần trái vòng sau bánh răng tới B,16.6670,9.9184,0.8625,0.0000,0.0000,3
7 · Phần trái vòng sau bánh răng tới B,16.6663,9.9681,0.8528,0.0000,0.0000,3
7 · Phần trái vòng sau bánh răng tới B,16.6667,9.6740,0.8290,0.0000,0.0000,3
7 · Phần trái vòng sau bánh răng tới B,16.6667,10.1210,0.8119,0.0000,0.0000,3
7 · Phần trái vòng sau bánh răng tới B,16.6666,9.8387,0.8751,0.0000,0.0000,3
7 · Phần trái vòng sau bánh răng tới B,16.6670,9.8688,0.8471,0.0000,0.0000,3
7 · Phần trái vòng sau bánh răng tới B,16.6674,9.8877,0.8052,0.0000,0.0000,3
7 · Phần trái vòng sau bánh răng tới B,16.6667,10.1024,0.8500,0.0000,0.0000,3
7 · Phần trái vòng sau bánh răng tới B,16.6660,9.7085,0.8570,0.0000,0.0000,3
7 · Phần trái vòng sau bánh răng tới B,16.6677,10.0083,0.8332,0.0000,0.0000,3
7 · Phần trái vòng sau bánh răng tới B,16.6661,9.8912,0.8430,0.0000,0.0000,3
7 · Phần trái vòng sau bánh răng tới B,16.6671,9.5046,0.8188,0.0000,0.0000,3
7 · Phần trái vòng sau bánh răng tới B,16.6663,9.3138,0.8469,0.0000,0.0000,3
7 · Phần trái vòng sau bánh răng tới B,16.6669,9.3522,0.8031,0.0000,0.0000,3
7 · Phần trái vòng sau bánh răng tới B,16.6670,9.2461,0.8399,0.0000,0.0000,3
7 · Phần trái vòng sau bánh răng tới B,16.6668,9.2821,0.8361,0.0000,0.0000,3
7 · Phần trái vòng sau bánh răng tới B,16.6668,8.9750,0.8420,0.0000,0.0000,3
7 · Phần trái vòng sau bánh răng tới B,16.6671,9.3136,0.8459,0.0000,0.0000,3
7 · Phần trái vòng sau bánh răng tới B,16.6659,8.8945,0.8240,0.0000,0.0000,3
7 · Phần trái vòng sau bánh răng tới B,16.6673,8.8118,0.8247,0.0000,0.0000,3
7 · Phần trái vòng sau bánh răng tới B,16.6770,8.7790,0.8260,0.0000,0.0000,3
7 · Phần trái vòng sau bánh răng tới B,16.6660,8.7261,0.8262,0.0000,0.0000,3
7 · Phần trái vòng sau bánh răng tới B,16.6675,9.0125,1.2496,0.0000,0.0000,3
7 · Phần trái vòng sau bánh răng tới B,16.6666,9.0038,0.9415,0.0000,0.0000,3
7 · Phần trái vòng sau bánh răng tới B,16.6672,9.2869,0.8723,0.0000,0.0000,3
7 · Phần trái vòng sau bánh răng tới B,16.6658,9.1292,0.9566,0.0000,0.0000,3
7 · Phần trái vòng sau bánh răng tới B,16.6665,8.7135,0.9231,0.0000,0.0000,3
7 · Phần trái vòng sau bánh răng tới B,16.6685,8.7108,1.1095,0.0000,0.0000,3
7 · Phần trái vòng sau bánh răng tới B,16.6670,8.4036,0.9866,0.0000,0.0000,3
7 · Phần trái vòng sau bánh răng tới B,16.6648,8.7400,0.9385,0.0000,0.0000,3
7 · Phần trái vòng sau bánh răng tới B,16.6673,8.7701,1.0207,0.0000,0.0000,3
7 · Phần trái vòng sau bánh răng tới B,16.6677,9.0785,1.0547,0.0000,0.0000,3
7 · Phần trái vòng sau bánh răng tới B,16.6667,8.8235,0.9140,0.0000,0.0000,3
7 · Phần trái vòng sau bánh răng tới B,16.6658,8.8522,0.9237,0.0000,0.0000,3
7 · Phần trái vòng sau bánh răng tới B,16.7252,8.9235,0.9954,0.0000,0.0000,3
7 · Phần trái vòng sau bánh răng tới B,16.6645,8.8208,1.0687,0.0000,0.0000,3
7 · Phần trái vòng sau bánh răng tới B,16.6660,9.2578,0.9652,0.0000,0.0000,3
7 · Phần trái vòng sau bánh răng tới B,16.6677,9.8165,0.9178,0.0000,0.0000,3
7 · Phần trái vòng sau bánh răng tới B,16.6667,9.5350,0.9223,0.0000,0.0000,3
7 · Phần trái vòng sau bánh răng tới B,16.6697,9.3012,0.9563,0.0000,0.0000,3
7 · Phần trái vòng sau bánh răng tới B,16.6625,9.8713,0.9389,0.0000,0.0000,3
7 · Phần trái vòng sau bánh răng tới B,16.6678,9.5899,1.1857,0.0000,0.0000,3
7 · Phần trái vòng sau bánh răng tới B,16.6701,9.5006,0.9834,0.0000,0.0000,3
7 · Phần trái vòng sau bánh răng tới B,16.6622,9.8162,0.8712,0.0000,0.0000,3
7 · Phần trái vòng sau bánh răng tới B,16.6678,9.5804,1.0645,0.0000,0.0000,3
7 · Phần trái vòng sau bánh răng tới B,16.6653,9.1772,0.8590,0.0000,0.0000,3
7 · Phần trái vòng sau bánh răng tới B,16.6694,9.2490,1.3960,0.0000,0.0000,3
7 · Phần trái vòng sau bánh răng tới B,16.6644,9.3304,0.8420,0.0000,0.0000,3
7 · Phần trái vòng sau bánh răng tới B,16.6689,9.3948,1.0835,0.0000,0.0000,3
7 · Phần trái vòng sau bánh răng tới B,16.6646,9.0838,0.8016,0.0000,0.0000,3
7 · Phần trái vòng sau bánh răng tới B,16.6684,8.9566,1.0853,0.0000,0.0000,3
7 · Phần trái vòng sau bánh răng tới B,16.6659,9.1373,0.8086,0.0000,0.0000,3
7 · Phần trái vòng sau bánh răng tới B,16.6676,9.2311,0.9235,0.0000,0.0000,3
7 · Phần trái vòng sau bánh răng tới B,16.6675,10.0044,0.9901,0.0000,0.0000,3
7 · Phần trái vòng sau bánh răng tới B,16.6643,9.9955,0.8177,0.0000,0.0000,3
7 · Phần trái vòng sau bánh răng tới B,16.6696,10.6198,0.9242,0.0000,0.0000,3
7 · Phần trái vòng sau bánh răng tới B,16.6641,10.7727,0.9463,0.0000,0.0000,3
7 · Phần trái vòng sau bánh răng tới B,16.6664,10.5064,0.8559,0.0000,0.0000,3
7 · Phần trái vòng sau bánh răng tới B,16.6702,10.5159,0.9842,0.0000,0.0000,3
7 · Phần trái vòng sau bánh răng tới B,16.6638,10.8454,0.9233,0.0000,0.0000,3
7 · Phần trái vòng sau bánh răng tới B,16.6665,10.6150,0.8203,0.0000,0.0000,3
7 · Phần trái vòng sau bánh răng tới B,16.6878,10.6934,1.0061,0.0000,0.0000,3
7 · Phần trái vòng sau bánh răng tới B,16.6647,10.4294,0.8160,0.0000,0.0000,3
7 · Phần trái vòng sau bánh răng tới B,16.6678,10.7987,0.9359,0.0000,0.0000,3
7 · Phần trái vòng sau bánh răng tới B,16.6666,10.2656,1.0247,0.0000,0.0000,3
7 · Phần trái vòng sau bánh răng tới B,16.6674,10.6024,0.9074,0.0000,0.0000,3
7 · Phần trái vòng sau bánh răng tới B,16.6660,11.1917,0.9215,0.0000,0.0000,3
7 · Phần trái vòng sau bánh răng tới B,16.6680,10.7530,0.8838,0.0000,0.0000,3
7 · Phần trái vòng sau bánh răng tới B,16.6664,10.6168,0.8707,0.0000,0.0000,3
7 · Phần trái vòng sau bánh răng tới B,16.6677,10.7287,0.9313,0.0000,0.0000,3
7 · Phần trái vòng sau bánh răng tới B,16.6658,10.3810,0.8332,233.5766,0.6819,3
7 · Phần trái vòng sau bánh răng tới B,249.3327,9.5484,4.8350,0.0000,0.0000,3
7 · Phần trái vòng sau bánh răng tới B,33.9232,9.6177,2.1212,0.0000,0.0000,3
7 · Phần trái vòng sau bánh răng tới B,16.6668,9.8035,0.8665,0.0000,0.0000,3
7 · Phần trái vòng sau bánh răng tới B,16.6660,9.6797,0.7802,0.0000,0.0000,3
7 · Phần trái vòng sau bánh răng tới B,16.6683,9.7666,0.8959,0.0000,0.0000,3
7 · Phần trái vòng sau bánh răng tới B,16.6665,10.1129,0.7969,0.0000,0.0000,3
7 · Phần trái vòng sau bánh răng tới B,16.6675,10.4589,0.9728,0.0000,0.0000,3
7 · Phần trái vòng sau bánh răng tới B,16.6651,10.6113,0.8644,0.0000,0.0000,3
7 · Phần trái vòng sau bánh răng tới B,16.6667,9.6889,0.9837,0.0000,0.0000,3
7 · Phần trái vòng sau bánh răng tới B,16.6672,10.0448,1.0298,0.0000,0.0000,3
7 · Phần trái vòng sau bánh răng tới B,16.6670,9.3917,0.8357,0.0000,0.0000,3
7 · Phần trái vòng sau bánh răng tới B,16.6668,9.8906,0.9593,0.0000,0.0000,3
7 · Phần trái vòng sau bánh răng tới B,16.6656,9.2920,0.7640,0.0000,0.0000,3
7 · Phần trái vòng sau bánh răng tới B,16.6678,9.4856,0.9598,0.0000,0.0000,3
7 · Phần trái vòng sau bánh răng tới B,16.6663,9.0096,0.7961,0.0000,0.0000,3
7 · Phần trái vòng sau bánh răng tới B,16.6675,9.1044,0.9738,0.0000,0.0000,3
7 · Phần trái vòng sau bánh răng tới B,16.6673,8.8640,0.8032,0.0000,0.0000,3
7 · Phần trái vòng sau bánh răng tới B,16.6663,9.1055,1.0172,0.0000,0.0000,3
7 · Phần trái vòng sau bánh răng tới B,16.6679,8.9913,0.9510,0.0000,0.0000,3
7 · Phần trái vòng sau bánh răng tới B,16.6649,9.3126,0.9069,0.0000,0.0000,3
7 · Phần trái vòng sau bánh răng tới B,16.6673,9.5514,0.9652,0.0000,0.0000,3
7 · Phần trái vòng sau bánh răng tới B,16.6666,9.6357,0.9230,0.0000,0.0000,3
7 · Phần trái vòng sau bánh răng tới B,16.6669,9.8016,0.9394,0.0000,0.0000,3
7 · Phần trái vòng sau bánh răng tới B,16.6699,9.6475,0.9502,0.0000,0.0000,3
7 · Phần trái vòng sau bánh răng tới B,16.6633,9.7227,0.8980,0.0000,0.0000,3
7 · Phần trái vòng sau bánh răng tới B,16.6692,9.6958,0.9911,0.0000,0.0000,3
7 · Phần trái vòng sau bánh răng tới B,16.6644,9.7982,0.9487,0.0000,0.0000,3
7 · Phần trái vòng sau bánh răng tới B,16.6668,9.1238,0.9199,0.0000,0.0000,3
7 · Phần trái vòng sau bánh răng tới B,16.6671,9.5667,0.8919,0.0000,0.0000,3
7 · Phần trái vòng sau bánh răng tới B,16.6672,9.5541,0.9286,0.0000,0.0000,3
7 · Phần trái vòng sau bánh răng tới B,16.6652,9.3205,0.7964,0.0000,0.0000,3
7 · Phần trái vòng sau bánh răng tới B,16.6670,9.4817,0.8318,0.0000,0.0000,3
7 · Phần trái vòng sau bánh răng tới B,16.6676,9.3531,0.8904,0.0000,0.0000,3
7 · Phần trái vòng sau bánh răng tới B,16.6664,9.2614,0.8893,0.0000,0.0000,3
7 · Phần trái vòng sau bánh răng tới B,16.6669,9.4598,0.8535,0.0000,0.0000,3
7 · Phần trái vòng sau bánh răng tới B,16.6668,8.8968,0.8464,0.0000,0.0000,3
7 · Phần trái vòng sau bánh răng tới B,16.6680,8.8042,0.8447,0.0000,0.0000,3
7 · Phần trái vòng sau bánh răng tới B,16.6656,9.0257,0.8107,0.0000,0.0000,3
7 · Phần trái vòng sau bánh răng tới B,16.6668,9.1407,0.8081,0.0000,0.0000,3
7 · Phần trái vòng sau bánh răng tới B,16.6657,9.7984,0.7795,0.0000,0.0000,3
7 · Phần trái vòng sau bánh răng tới B,16.6673,9.6023,1.0478,0.0000,0.0000,3
7 · Phần trái vòng sau bánh răng tới B,16.6663,9.7445,0.8299,0.0000,0.0000,3
7 · Phần trái vòng sau bánh răng tới B,16.6677,9.8161,0.8866,0.0000,0.0000,3
7 · Phần trái vòng sau bánh răng tới B,16.6663,9.4077,0.8728,0.0000,0.0000,3
7 · Phần trái vòng sau bánh răng tới B,16.6691,9.6100,0.9868,0.0000,0.0000,3
7 · Phần trái vòng sau bánh răng tới B,16.6640,9.8002,0.7933,0.0000,0.0000,3
7 · Phần trái vòng sau bánh răng tới B,16.6669,9.9058,0.7955,0.0000,0.0000,3
7 · Phần trái vòng sau bánh răng tới B,16.6683,9.7366,0.8032,0.0000,0.0000,3
7 · Phần trái vòng sau bánh răng tới B,16.6656,9.6318,0.8088,0.0000,0.0000,3
7 · Phần trái vòng sau bánh răng tới B,16.6669,9.8403,0.8528,0.0000,0.0000,3
7 · Phần trái vòng sau bánh răng tới B,16.6661,9.6385,0.8004,0.0000,0.0000,3
7 · Phần trái vòng sau bánh răng tới B,16.6678,10.0727,0.7874,0.0000,0.0000,3
7 · Phần trái vòng sau bánh răng tới B,16.6662,10.1654,0.8229,0.0000,0.0000,3
7 · Phần trái vòng sau bánh răng tới B,16.6666,9.8848,0.8695,0.0000,0.0000,3
7 · Phần trái vòng sau bánh răng tới B,16.6670,10.0850,0.8139,0.0000,0.0000,3
7 · Phần trái vòng sau bánh răng tới B,16.6667,10.1934,0.8431,0.0000,0.0000,3
7 · Phần trái vòng sau bánh răng tới B,16.6668,10.3697,0.7885,0.0000,0.0000,3
7 · Phần trái vòng sau bánh răng tới B,16.6662,10.1216,0.8340,0.0000,0.0000,3
7 · Phần trái vòng sau bánh răng tới B,16.6670,10.1629,0.8287,0.0000,0.0000,3
7 · Phần trái vòng sau bánh răng tới B,16.6675,9.6089,0.9249,0.0000,0.0000,3
7 · Phần trái vòng sau bánh răng tới B,16.6669,9.7425,0.8161,0.0000,0.0000,3
7 · Phần trái vòng sau bánh răng tới B,16.6688,9.7287,0.9507,0.0000,0.0000,3
7 · Phần trái vòng sau bánh răng tới B,16.6652,10.1134,0.9044,0.0000,0.0000,3
7 · Phần trái vòng sau bánh răng tới B,16.6653,9.8086,0.8420,0.0000,0.0000,3
7 · Phần trái vòng sau bánh răng tới B,16.6674,9.4290,0.7726,0.0000,0.0000,3
7 · Phần trái vòng sau bánh răng tới B,16.6684,9.7243,0.9264,0.0000,0.0000,3
7 · Phần trái vòng sau bánh răng tới B,16.6663,9.6945,0.8424,0.0000,0.0000,3
7 · Phần trái vòng sau bánh răng tới B,16.6654,9.6628,0.8627,0.0000,0.0000,3
7 · Phần trái vòng sau bánh răng tới B,16.6663,9.6101,0.8765,0.0000,0.0000,3
7 · Phần trái vòng sau bánh răng tới B,16.6677,9.4334,1.1161,0.0000,0.0000,3
7 · Phần trái vòng sau bánh răng tới B,16.6666,9.4942,0.8773,0.0000,0.0000,3
7 · Phần trái vòng sau bánh răng tới B,16.6675,9.7070,1.0874,0.0000,0.0000,3
7 · Phần trái vòng sau bánh răng tới B,16.6745,9.4173,0.8182,0.0000,0.0000,3
7 · Phần trái vòng sau bánh răng tới B,16.6717,9.4982,1.1270,0.0000,0.0000,3
"8 · Giữ A, B và kéo C",16.6616,9.8853,0.9780,478.2754,0.3236,3
"8 · Giữ A, B và kéo C",499.9885,9.9540,243.6055,237.8219,0.0000,3
"8 · Giữ A, B và kéo C",266.7670,10.4537,4.3176,0.0000,0.0000,3
"8 · Giữ A, B và kéo C",33.4201,10.0989,2.0505,0.0000,0.0000,3
"8 · Giữ A, B và kéo C",16.6810,10.2630,1.0808,0.0000,0.0000,3
"8 · Giữ A, B và kéo C",16.6678,10.1158,1.1068,0.0000,0.0000,3
"8 · Giữ A, B và kéo C",16.6671,9.8760,1.0131,0.0000,0.0000,3
"8 · Giữ A, B và kéo C",16.6684,9.3623,1.0968,0.0000,0.0000,3
"8 · Giữ A, B và kéo C",16.6671,9.2564,1.0864,0.0000,0.0000,3
"8 · Giữ A, B và kéo C",16.6648,9.6240,1.1349,0.0000,0.0000,3
"8 · Giữ A, B và kéo C",16.6687,9.7084,238.5464,237.2671,0.0000,3
"8 · Giữ A, B và kéo C",266.6816,9.4107,4.7942,0.0000,0.0000,3
"8 · Giữ A, B và kéo C",32.7872,9.3407,1.3123,0.0000,0.0000,3
"8 · Giữ A, B và kéo C",16.6663,9.4744,0.9758,0.0000,0.0000,3
"8 · Giữ A, B và kéo C",16.6835,9.3761,0.8571,0.0000,0.0000,3
"8 · Giữ A, B và kéo C",16.6669,9.3593,0.9332,0.0000,0.0000,3
"8 · Giữ A, B và kéo C",16.6713,9.4449,0.9094,0.0000,0.0000,3
"8 · Giữ A, B và kéo C",16.6676,9.4939,0.9659,0.0000,0.0000,3
"8 · Giữ A, B và kéo C",16.6660,9.7703,0.9431,0.0000,0.0000,3
"8 · Giữ A, B và kéo C",16.6672,9.4070,0.8879,0.0000,0.0000,3
"8 · Giữ A, B và kéo C",16.6665,9.8203,0.9330,0.0000,0.0000,3
"8 · Giữ A, B và kéo C",16.6663,9.6441,0.9731,0.0000,0.0000,3
"8 · Giữ A, B và kéo C",16.6672,9.2973,0.8880,0.0000,0.0000,3
"8 · Giữ A, B và kéo C",16.6664,8.6942,0.7581,0.0000,0.0000,3
"8 · Giữ A, B và kéo C",16.7549,8.5784,0.7293,0.0000,0.0000,3
"8 · Giữ A, B và kéo C",16.7040,8.5759,239.1361,237.5944,0.0000,3
"8 · Giữ A, B và kéo C",266.7729,8.7058,4.3616,0.0000,0.0000,3
"8 · Giữ A, B và kéo C",33.6488,8.6794,236.5392,234.6863,0.0000,3
"8 · Giữ A, B và kéo C",249.0342,8.9886,4.2186,0.0000,0.0000,3
"8 · Giữ A, B và kéo C",33.3423,9.0580,1.4702,0.0000,0.0000,3
"8 · Giữ A, B và kéo C",17.0674,9.1842,0.8988,0.0000,0.0000,3
"8 · Giữ A, B và kéo C",16.7378,9.0410,0.9860,0.0000,0.0000,3
"8 · Giữ A, B và kéo C",16.6670,9.4036,0.9534,0.0000,0.0000,3
"8 · Giữ A, B và kéo C",16.6658,9.3578,0.8694,0.0000,0.0000,3
"8 · Giữ A, B và kéo C",16.6662,9.2270,0.9002,0.0000,0.0000,3
"8 · Giữ A, B và kéo C",16.6659,9.2914,0.7325,0.0000,0.0000,3
"8 · Giữ A, B và kéo C",16.6787,9.2545,0.7967,0.0000,0.0000,3
"8 · Giữ A, B và kéo C",16.6675,9.7476,0.8288,0.0000,0.0000,3
"8 · Giữ A, B và kéo C",16.6671,9.4814,0.8396,0.0000,0.0000,3
"8 · Giữ A, B và kéo C",16.6668,9.4225,0.7751,0.0000,0.0000,3
"8 · Giữ A, B và kéo C",16.6667,9.5774,0.7766,0.0000,0.0000,3
"8 · Giữ A, B và kéo C",16.6662,9.2472,0.7735,0.0000,0.0000,3
"8 · Giữ A, B và kéo C",16.6665,9.5945,0.8004,0.0000,0.0000,3
"8 · Giữ A, B và kéo C",16.6672,9.6181,0.8136,0.0000,0.0000,3
"8 · Giữ A, B và kéo C",16.6683,9.4914,0.7527,0.0000,0.0000,3
"8 · Giữ A, B và kéo C",16.6648,9.2345,0.7428,0.0000,0.0000,3
"8 · Giữ A, B và kéo C",16.6661,9.4912,0.9327,0.0000,0.0000,3
"8 · Giữ A, B và kéo C",16.6668,9.3938,0.7186,0.0000,0.0000,3
"8 · Giữ A, B và kéo C",16.6660,9.4210,0.7310,0.0000,0.0000,3
"8 · Giữ A, B và kéo C",16.6682,9.4746,0.8113,0.0000,0.0000,3
"8 · Giữ A, B và kéo C",16.6667,9.2026,0.8902,0.0000,0.0000,3
"8 · Giữ A, B và kéo C",16.6685,9.4033,0.8370,0.0000,0.0000,3
"8 · Giữ A, B và kéo C",16.6654,9.3221,0.8033,0.0000,0.0000,3
"8 · Giữ A, B và kéo C",16.6659,9.7153,0.8605,0.0000,0.0000,3
"8 · Giữ A, B và kéo C",16.6705,9.1662,0.8185,0.0000,0.0000,3
"8 · Giữ A, B và kéo C",16.6673,9.2362,232.9344,231.9648,0.0000,3
"8 · Giữ A, B và kéo C",249.9201,8.8210,236.6588,232.2054,0.0000,3
"8 · Giữ A, B và kéo C",267.1220,9.1337,4.1832,0.0000,0.0000,3
"8 · Giữ A, B và kéo C",32.5535,9.1572,1.5862,0.0000,0.0000,3
"8 · Giữ A, B và kéo C",16.7320,9.2575,0.8066,0.0000,0.0000,3
"8 · Giữ A, B và kéo C",16.9085,9.0988,0.6855,0.0000,0.0000,3
"8 · Giữ A, B và kéo C",16.6685,9.2366,0.8234,0.0000,0.0000,3
"8 · Giữ A, B và kéo C",16.6653,9.1932,0.7806,0.0000,0.0000,3
"8 · Giữ A, B và kéo C",16.6713,9.2333,0.8340,0.0000,0.0000,3
"8 · Giữ A, B và kéo C",16.6660,9.2841,0.7495,0.0000,0.0000,3
"8 · Giữ A, B và kéo C",16.6675,9.4981,0.7908,0.0000,0.0000,3
"8 · Giữ A, B và kéo C",16.6665,9.9799,0.7769,0.0000,0.0000,3
"8 · Giữ A, B và kéo C",16.6680,9.9515,0.8393,0.0000,0.0000,3
"8 · Giữ A, B và kéo C",16.6662,9.9380,0.8046,0.0000,0.0000,3
"8 · Giữ A, B và kéo C",16.6657,9.5946,0.7656,0.0000,0.0000,3
"8 · Giữ A, B và kéo C",16.6717,9.7906,0.7494,0.0000,0.0000,3
"8 · Giữ A, B và kéo C",16.6660,9.5464,0.7836,0.0000,0.0000,3
"8 · Giữ A, B và kéo C",16.6673,9.4319,0.7764,0.0000,0.0000,3
"8 · Giữ A, B và kéo C",16.6759,9.7020,0.8473,0.0000,0.0000,3
"8 · Giữ A, B và kéo C",16.6583,9.7726,0.7448,0.0000,0.0000,3
"8 · Giữ A, B và kéo C",16.6668,9.7070,0.7938,0.0000,0.0000,3
"8 · Giữ A, B và kéo C",16.6669,9.8216,0.8510,0.0000,0.0000,3
"8 · Giữ A, B và kéo C",16.6697,9.8173,0.8764,0.0000,0.0000,3
"8 · Giữ A, B và kéo C",16.6640,9.5696,0.8494,0.0000,0.0000,3
"8 · Giữ A, B và kéo C",16.6660,9.4147,0.9818,0.0000,0.0000,3
"8 · Giữ A, B và kéo C",16.6660,10.1503,1.1427,0.0000,0.0000,3
"8 · Giữ A, B và kéo C",16.6688,10.1686,237.5194,236.5390,0.0000,3
"8 · Giữ A, B và kéo C",267.4413,10.1587,239.8860,235.6253,0.0000,3
"8 · Giữ A, B và kéo C",266.4024,10.5645,4.0573,0.0000,0.0000,3
"8 · Giữ A, B và kéo C",32.3846,10.4796,1.0985,0.0000,0.0000,3
"8 · Giữ A, B và kéo C",17.9889,10.5087,1.1590,0.0000,0.0000,3
"8 · Giữ A, B và kéo C",16.6663,10.5035,0.8071,0.0000,0.0000,3
"8 · Giữ A, B và kéo C",16.7032,10.4248,0.7326,0.0000,0.0000,3
"8 · Giữ A, B và kéo C",16.6676,10.4501,0.7899,0.0000,0.0000,3
"8 · Giữ A, B và kéo C",16.7161,10.1094,0.8242,0.0000,0.0000,3
"8 · Giữ A, B và kéo C",16.7092,10.1049,0.7791,0.0000,0.0000,3
"8 · Giữ A, B và kéo C",16.7269,10.1014,0.8636,0.0000,0.0000,3
"8 · Giữ A, B và kéo C",16.7218,10.1108,0.7892,0.0000,0.0000,3
"8 · Giữ A, B và kéo C",16.7263,10.0669,0.7629,0.0000,0.0000,3
"8 · Giữ A, B và kéo C",16.7259,10.1037,0.7719,0.0000,0.0000,3
"8 · Giữ A, B và kéo C",16.7518,10.2519,0.8453,0.0000,0.0000,3
"8 · Giữ A, B và kéo C",16.7617,10.1661,0.7589,0.0000,0.0000,3
"8 · Giữ A, B và kéo C",16.7685,10.5203,0.7574,0.0000,0.0000,3
"8 · Giữ A, B và kéo C",16.8004,9.8029,0.9345,0.0000,0.0000,3
"8 · Giữ A, B và kéo C",16.8086,9.8529,0.8951,0.0000,0.0000,3
"8 · Giữ A, B và kéo C",16.8303,9.7510,0.8566,0.0000,0.0000,3
"8 · Giữ A, B và kéo C",16.8570,10.2458,0.8584,0.0000,0.0000,3
"8 · Giữ A, B và kéo C",16.8973,10.1821,0.8410,0.0000,0.0000,3
"8 · Giữ A, B và kéo C",16.9170,10.5690,0.7911,0.0000,0.0000,3
"8 · Giữ A, B và kéo C",16.9616,10.3935,0.8878,0.0000,0.0000,3
"8 · Giữ A, B và kéo C",30.7192,10.2790,238.4299,236.9535,0.0000,3
"8 · Giữ A, B và kéo C",266.8573,10.5461,4.1927,0.0000,0.0000,3
"8 · Giữ A, B và kéo C",33.3403,10.3272,1.4041,0.0000,0.0000,3
"8 · Giữ A, B và kéo C",16.6666,10.6688,0.7766,0.0000,0.0000,3
"8 · Giữ A, B và kéo C",16.6664,10.2755,0.7865,0.0000,0.0000,3
"8 · Giữ A, B và kéo C",16.6670,10.4015,238.7341,237.6042,0.0000,3
"8 · Giữ A, B và kéo C",265.6792,10.5623,4.1561,0.0000,0.0000,3
"8 · Giữ A, B và kéo C",34.3253,11.0273,1.4796,0.0000,0.0000,3
"8 · Giữ A, B và kéo C",16.6784,10.7652,0.7375,0.0000,0.0000,3
"8 · Giữ A, B và kéo C",16.6720,10.5969,0.7644,0.0000,0.0000,3
"8 · Giữ A, B và kéo C",16.6678,10.6166,0.7810,0.0000,0.0000,3
"8 · Giữ A, B và kéo C",16.6663,10.5540,0.7821,0.0000,0.0000,3
"8 · Giữ A, B và kéo C",16.6668,10.6315,0.7687,0.0000,0.0000,3
"8 · Giữ A, B và kéo C",16.6668,10.4601,0.7278,0.0000,0.0000,3
"8 · Giữ A, B và kéo C",16.6671,10.9507,1.0796,0.0000,0.0000,3
"8 · Giữ A, B và kéo C",16.6846,10.6836,0.8847,0.0000,0.0000,3
"8 · Giữ A, B và kéo C",16.6654,10.1465,0.8076,0.0000,0.0000,3
"8 · Giữ A, B và kéo C",16.6685,10.6520,0.8983,0.0000,0.0000,3
"8 · Giữ A, B và kéo C",16.6687,10.3147,1.0072,0.0000,0.0000,3
"8 · Giữ A, B và kéo C",16.6666,10.0305,0.7708,0.0000,0.0000,3
"8 · Giữ A, B và kéo C",16.6688,10.7973,0.8182,0.0000,0.0000,3
"8 · Giữ A, B và kéo C",16.6816,10.3234,0.8720,0.0000,0.0000,3
"8 · Giữ A, B và kéo C",16.6504,10.2871,0.9375,0.0000,0.0000,3
"8 · Giữ A, B và kéo C",16.6684,9.8023,0.8655,0.0000,0.0000,3
"8 · Giữ A, B và kéo C",16.6640,9.8925,236.5344,235.6195,0.0000,3
"8 · Giữ A, B và kéo C",248.9945,10.2517,4.2462,0.0000,0.0000,3
"8 · Giữ A, B và kéo C",33.5208,10.1500,1.9067,0.0000,0.0000,3
"8 · Giữ A, B và kéo C",16.6660,10.1295,0.7511,0.0000,0.0000,3
"8 · Giữ A, B và kéo C",16.8564,9.9068,0.8130,0.0000,0.0000,3
"8 · Giữ A, B và kéo C",16.6665,10.1480,0.7913,0.0000,0.0000,3
"8 · Giữ A, B và kéo C",16.6713,9.7881,0.8472,0.0000,0.0000,3
"8 · Giữ A, B và kéo C",16.6610,10.2880,0.8838,0.0000,0.0000,3
"8 · Giữ A, B và kéo C",16.6671,9.6096,1.0299,0.0000,0.0000,3
"8 · Giữ A, B và kéo C",16.6665,9.8190,0.9315,0.0000,0.0000,3
"8 · Giữ A, B và kéo C",16.6668,10.4033,0.7738,0.0000,0.0000,3
"8 · Giữ A, B và kéo C",16.6665,9.9497,236.0838,234.9794,0.0000,3
"8 · Giữ A, B và kéo C",249.7288,9.5528,4.2222,0.0000,0.0000,3
"8 · Giữ A, B và kéo C",34.1928,9.0891,1.7669,0.0000,0.0000,3
"8 · Giữ A, B và kéo C",16.6665,8.6544,1.0261,0.0000,0.0000,3
"8 · Giữ A, B và kéo C",16.6673,8.7445,0.9259,0.0000,0.0000,3
"8 · Giữ A, B và kéo C",16.6664,8.7827,0.9241,0.0000,0.0000,3
"8 · Giữ A, B và kéo C",16.6663,8.7024,0.8953,0.0000,0.0000,3
"8 · Giữ A, B và kéo C",16.6677,8.3931,0.9527,0.0000,0.0000,3
"8 · Giữ A, B và kéo C",16.6672,8.4570,1.0172,0.0000,0.0000,3
"8 · Giữ A, B và kéo C",16.6648,8.3064,0.8421,0.0000,0.0000,3
"8 · Giữ A, B và kéo C",16.6685,8.1039,1.0244,0.0000,0.0000,3
"8 · Giữ A, B và kéo C",16.6893,8.4197,0.7545,0.0000,0.0000,3
"8 · Giữ A, B và kéo C",16.6648,8.1826,0.8761,0.0000,0.0000,3
"8 · Giữ A, B và kéo C",16.6680,8.5904,234.7187,233.7663,0.0000,3
"8 · Giữ A, B và kéo C",249.3746,8.7517,4.3125,0.0000,0.0000,3
"8 · Giữ A, B và kéo C",33.9317,8.7899,1.4681,0.0000,0.0000,3
"8 · Giữ A, B và kéo C",16.6675,8.4870,0.8546,0.0000,0.0000,3
"8 · Giữ A, B và kéo C",16.6658,8.4849,0.9972,0.0000,0.0000,3
"8 · Giữ A, B và kéo C",16.6673,8.7023,0.8988,0.0000,0.0000,3
"8 · Giữ A, B và kéo C",16.6663,8.5360,0.9005,0.0000,0.0000,3
"8 · Giữ A, B và kéo C",16.6668,8.5389,1.0037,0.0000,0.0000,3
"8 · Giữ A, B và kéo C",16.6666,8.8575,0.7428,0.0000,0.0000,3
"8 · Giữ A, B và kéo C",16.6678,9.2167,0.8443,0.0000,0.0000,3
"8 · Giữ A, B và kéo C",16.6657,9.2192,1.0697,0.0000,0.0000,3
"8 · Giữ A, B và kéo C",16.6675,9.3768,0.9230,0.0000,0.0000,3
"8 · Giữ A, B và kéo C",16.6660,8.9956,0.9096,0.0000,0.0000,3
"8 · Giữ A, B và kéo C",16.6678,9.8100,0.8022,0.0000,0.0000,3
"8 · Giữ A, B và kéo C",16.6663,9.6883,1.0081,0.0000,0.0000,3
"8 · Giữ A, B và kéo C",16.6861,9.6666,0.8895,0.0000,0.0000,3
"8 · Giữ A, B và kéo C",16.6697,10.0816,0.7233,0.0000,0.0000,3
"8 · Giữ A, B và kéo C",16.7025,10.0419,233.9315,233.0013,0.0000,3
"8 · Giữ A, B và kéo C",249.2647,10.1504,4.2996,0.0000,0.0000,3
"8 · Giữ A, B và kéo C",34.0315,10.2862,1.7514,0.0000,0.0000,3
"8 · Giữ A, B và kéo C",16.6795,9.9369,1.0850,0.0000,0.0000,3
"8 · Giữ A, B và kéo C",16.6680,10.1832,0.9773,0.0000,0.0000,3
"8 · Giữ A, B và kéo C",16.6646,9.9929,0.9767,0.0000,0.0000,3
"8 · Giữ A, B và kéo C",16.6684,10.3887,0.8705,0.0000,0.0000,3
"8 · Giữ A, B và kéo C",16.6676,10.5065,235.0147,234.0091,0.0000,3
"8 · Giữ A, B và kéo C",249.1144,10.4809,4.3350,0.0000,0.0000,3
"8 · Giữ A, B và kéo C",34.1761,10.1257,1.5354,0.0000,0.0000,3
"8 · Giữ A, B và kéo C",16.6672,9.9437,0.8632,0.0000,0.0000,3
"8 · Giữ A, B và kéo C",16.6681,9.8627,1.0078,0.0000,0.0000,3
"8 · Giữ A, B và kéo C",16.6646,9.3974,0.8294,0.0000,0.0000,3
"8 · Giữ A, B và kéo C",16.6685,9.7994,0.8157,0.0000,0.0000,3
"8 · Giữ A, B và kéo C",16.6687,9.9397,0.8809,0.0000,0.0000,3
"8 · Giữ A, B và kéo C",16.6652,9.7299,0.7701,0.0000,0.0000,3
"8 · Giữ A, B và kéo C",16.6683,9.7332,0.8319,0.0000,0.0000,3
"8 · Giữ A, B và kéo C",16.6653,9.4688,0.7838,0.0000,0.0000,3
"8 · Giữ A, B và kéo C",16.6732,9.4129,0.7757,0.0000,0.0000,3
"8 · Giữ A, B và kéo C",16.6665,9.3191,0.8022,0.0000,0.0000,3
"8 · Giữ A, B và kéo C",16.6744,9.4489,0.9019,0.0000,0.0000,3
"8 · Giữ A, B và kéo C",16.6623,8.9938,0.7658,0.0000,0.0000,3
"8 · Giữ A, B và kéo C",16.6725,9.2614,0.8421,0.0000,0.0000,3
"8 · Giữ A, B và kéo C",16.6752,9.7783,0.9270,0.0000,0.0000,3
"8 · Giữ A, B và kéo C",16.6580,9.7274,0.9347,0.0000,0.0000,3
"8 · Giữ A, B và kéo C",16.6653,9.5616,0.7721,0.0000,0.0000,3
"8 · Giữ A, B và kéo C",16.6673,9.6043,0.7820,0.0000,0.0000,3
"8 · Giữ A, B và kéo C",16.6678,9.5622,1.1910,0.0000,0.0000,3
"8 · Giữ A, B và kéo C",16.6674,9.8032,1.0236,0.0000,0.0000,3
"8 · Giữ A, B và kéo C",16.6657,9.6017,0.8127,0.0000,0.0000,3
"8 · Giữ A, B và kéo C",16.6656,10.2931,232.7423,231.8046,0.0000,3
"8 · Giữ A, B và kéo C",249.4129,10.1842,4.5179,0.0000,0.0000,3
"8 · Giữ A, B và kéo C",33.5783,10.4239,232.3710,230.5816,0.0000,3
"8 · Giữ A, B và kéo C",249.8136,10.2810,4.2704,0.0000,0.0000,3
"8 · Giữ A, B và kéo C",33.8608,10.0323,1.6774,0.0000,0.0000,3
"8 · Giữ A, B và kéo C",16.6660,10.8262,1.1619,0.0000,0.0000,3
"8 · Giữ A, B và kéo C",16.6718,10.0033,1.2864,0.0000,0.0000,3
"8 · Giữ A, B và kéo C",16.6663,10.3816,1.0032,0.0000,0.0000,3
"8 · Giữ A, B và kéo C",16.6681,9.9761,0.9483,0.0000,0.0000,3
"8 · Giữ A, B và kéo C",16.6668,10.2466,0.9054,0.0000,0.0000,3
"8 · Giữ A, B và kéo C",16.6668,10.2886,0.8540,0.0000,0.0000,3
"8 · Giữ A, B và kéo C",16.6669,9.9781,0.8097,0.0000,0.0000,3
"8 · Giữ A, B và kéo C",16.6677,9.6035,0.8835,0.0000,0.0000,3
"8 · Giữ A, B và kéo C",16.6851,9.7554,0.9529,0.0000,0.0000,3
"8 · Giữ A, B và kéo C",16.6646,10.4054,0.8427,0.0000,0.0000,3
"8 · Giữ A, B và kéo C",16.6680,10.4069,0.8658,0.0000,0.0000,3
"8 · Giữ A, B và kéo C",16.6655,10.5374,0.9202,0.0000,0.0000,3
"8 · Giữ A, B và kéo C",16.7039,10.3899,0.8466,0.0000,0.0000,3
"8 · Giữ A, B và kéo C",16.6313,10.4178,0.8340,0.0000,0.0000,3
"8 · Giữ A, B và kéo C",16.6670,10.4996,1.0155,0.0000,0.0000,3
"8 · Giữ A, B và kéo C",16.6673,10.5674,0.8039,0.0000,0.0000,3
"8 · Giữ A, B và kéo C",16.6780,10.3963,0.9744,0.0000,0.0000,3
"8 · Giữ A, B và kéo C",16.6683,10.6746,0.7908,0.0000,0.0000,3
"8 · Giữ A, B và kéo C",16.6646,10.3703,0.9558,0.0000,0.0000,3
"8 · Giữ A, B và kéo C",16.6675,10.1798,0.8653,0.0000,0.0000,3
"8 · Giữ A, B và kéo C",16.6670,10.2116,0.7933,0.0000,0.0000,3
"8 · Giữ A, B và kéo C",16.6658,10.3637,0.7746,0.0000,0.0000,3
"8 · Giữ A, B và kéo C",16.6676,9.9702,0.9044,0.0000,0.0000,3
"8 · Giữ A, B và kéo C",16.6667,10.2244,0.7786,0.0000,0.0000,3
"8 · Giữ A, B và kéo C",16.6669,10.1220,0.8627,0.0000,0.0000,3
"8 · Giữ A, B và kéo C",16.6662,10.3918,231.7620,230.7193,0.0000,3
"8 · Giữ A, B và kéo C",249.4548,10.1850,235.0461,230.5792,0.0000,3
"8 · Giữ A, B và kéo C",266.7344,10.3344,4.4330,0.0000,0.0000,3
"8 · Giữ A, B và kéo C",33.1788,9.7579,1.4803,0.0000,0.0000,3
"8 · Giữ A, B và kéo C",16.6676,9.4930,0.8916,0.0000,0.0000,3
"8 · Giữ A, B và kéo C",16.6656,9.3613,0.8265,0.0000,0.0000,3
"8 · Giữ A, B và kéo C",16.6655,9.4765,0.8571,0.0000,0.0000,3
"8 · Giữ A, B và kéo C",16.7489,9.5757,0.8178,0.0000,0.0000,3
"8 · Giữ A, B và kéo C",16.6667,9.5080,0.9685,0.0000,0.0000,3
"8 · Giữ A, B và kéo C",16.6678,9.6219,0.7941,0.0000,0.0000,3
"8 · Giữ A, B và kéo C",16.6659,9.9044,1.0576,0.0000,0.0000,3
"8 · Giữ A, B và kéo C",17.4034,9.4322,0.8016,0.0000,0.0000,3
"8 · Giữ A, B và kéo C",16.6683,9.6111,0.8696,0.0000,0.0000,3
"8 · Giữ A, B và kéo C",16.6704,9.3915,0.8254,0.0000,0.0000,3
"8 · Giữ A, B và kéo C",16.7088,9.4393,0.8267,0.0000,0.0000,3
"8 · Giữ A, B và kéo C",16.6881,9.3655,0.8155,0.0000,0.0000,3
"8 · Giữ A, B và kéo C",16.6749,9.3582,0.9297,0.0000,0.0000,3
"8 · Giữ A, B và kéo C",16.6905,9.2887,0.7643,0.0000,0.0000,3
"8 · Giữ A, B và kéo C",16.6895,9.4198,0.8049,0.0000,0.0000,3
"8 · Giữ A, B và kéo C",16.6770,9.1678,0.8072,0.0000,0.0000,3
"8 · Giữ A, B và kéo C",16.6804,8.8830,0.8277,0.0000,0.0000,3
"8 · Giữ A, B và kéo C",16.7165,8.8824,0.8492,0.0000,0.0000,3
"8 · Giữ A, B và kéo C",16.6821,9.0755,0.8080,0.0000,0.0000,3
"8 · Giữ A, B và kéo C",16.6785,9.4256,0.8257,0.0000,0.0000,3
"8 · Giữ A, B và kéo C",16.6935,9.6268,0.8754,0.0000,0.0000,3
"8 · Giữ A, B và kéo C",16.7021,9.7176,0.8501,0.0000,0.0000,3
"8 · Giữ A, B và kéo C",16.6660,9.9469,228.4006,227.5832,0.0000,3
"8 · Giữ A, B và kéo C",249.4743,10.1008,232.4651,227.8878,0.0000,3
"8 · Giữ A, B và kéo C",249.3496,10.3605,4.3158,0.0000,0.0000,3
"8 · Giữ A, B và kéo C",33.4096,10.3412,1.5814,0.0000,0.0000,3
"8 · Giữ A, B và kéo C",16.6649,10.2755,0.9036,0.0000,0.0000,3
"8 · Giữ A, B và kéo C",16.6665,10.2817,0.9123,0.0000,0.0000,3
"8 · Giữ A, B và kéo C",16.6659,10.0910,0.8235,0.0000,0.0000,3
"8 · Giữ A, B và kéo C",16.6673,9.8590,1.1032,0.0000,0.0000,3
"8 · Giữ A, B và kéo C",16.6684,10.1228,1.1270,0.0000,0.0000,3
"8 · Giữ A, B và kéo C",16.6658,9.8869,0.7896,0.0000,0.0000,3
"8 · Giữ A, B và kéo C",16.6888,9.9724,0.7019,0.0000,0.0000,3
"8 · Giữ A, B và kéo C",16.6866,10.2875,0.8030,0.0000,0.0000,3
"8 · Giữ A, B và kéo C",16.6653,10.1066,0.9591,0.0000,0.0000,3
"8 · Giữ A, B và kéo C",16.6680,10.2246,0.7909,0.0000,0.0000,3
"8 · Giữ A, B và kéo C",16.6656,10.1409,0.7934,0.0000,0.0000,3
"8 · Giữ A, B và kéo C",16.6662,10.2678,0.9222,0.0000,0.0000,3
"8 · Giữ A, B và kéo C",16.6681,10.4124,0.8838,0.0000,0.0000,3
"8 · Giữ A, B và kéo C",16.6667,10.2780,0.9632,0.0000,0.0000,3
"8 · Giữ A, B và kéo C",16.6698,10.4961,0.8982,0.0000,0.0000,3
"8 · Giữ A, B và kéo C",16.6676,9.9621,1.0591,0.0000,0.0000,3
"8 · Giữ A, B và kéo C",16.6658,9.8833,0.9075,0.0000,0.0000,3
"8 · Giữ A, B và kéo C",16.6674,10.3212,0.8744,0.0000,0.0000,3
"8 · Giữ A, B và kéo C",16.6662,10.5531,0.8502,0.0000,0.0000,3
"8 · Giữ A, B và kéo C",16.6661,10.6015,0.8508,0.0000,0.0000,3
"8 · Giữ A, B và kéo C",16.6667,10.4550,0.7920,0.0000,0.0000,3
"8 · Giữ A, B và kéo C",16.6671,10.1573,229.1023,228.2004,0.0000,3
"8 · Giữ A, B và kéo C",250.1947,10.1160,4.2374,0.0000,0.0000,3
"8 · Giữ A, B và kéo C",33.7068,10.0506,1.7807,0.0000,0.0000,3
"8 · Giữ A, B và kéo C",16.6692,10.3564,0.7438,0.0000,0.0000,3
"8 · Giữ A, B và kéo C",16.6658,10.3077,0.8323,0.0000,0.0000,3
"8 · Giữ A, B và kéo C",16.6673,10.2707,227.4144,226.3955,0.0000,3
"8 · Giữ A, B và kéo C",249.7924,10.2126,4.3182,0.0000,0.0000,3
"8 · Giữ A, B và kéo C",32.9500,10.0784,1.4708,0.0000,0.0000,3
"8 · Giữ A, B và kéo C",16.6653,10.1615,0.7766,0.0000,0.0000,3
"8 · Giữ A, B và kéo C",16.6669,10.2435,0.8764,0.0000,0.0000,3
"8 · Giữ A, B và kéo C",16.6667,10.0667,0.7790,0.0000,0.0000,3
"8 · Giữ A, B và kéo C",16.6694,10.0063,0.8147,0.0000,0.0000,3
"8 · Giữ A, B và kéo C",16.6672,9.8783,0.8321,0.0000,0.0000,3
"8 · Giữ A, B và kéo C",16.6667,9.9629,0.8393,0.0000,0.0000,3
"8 · Giữ A, B và kéo C",16.6668,9.9679,0.7783,0.0000,0.0000,3
"8 · Giữ A, B và kéo C",16.6935,9.7167,0.8748,0.0000,0.0000,3
"8 · Giữ A, B và kéo C",16.6673,9.8838,0.7826,0.0000,0.0000,3
"8 · Giữ A, B và kéo C",16.6657,9.8586,0.8417,0.0000,0.0000,3
"8 · Giữ A, B và kéo C",16.6705,9.6572,0.7780,0.0000,0.0000,3
"8 · Giữ A, B và kéo C",16.6707,9.6843,0.8473,0.0000,0.0000,3
"8 · Giữ A, B và kéo C",16.6658,9.7370,0.8182,0.0000,0.0000,3
"8 · Giữ A, B và kéo C",16.6671,10.0113,0.8270,0.0000,0.0000,3
"8 · Giữ A, B và kéo C",16.6667,9.6633,0.8390,0.0000,0.0000,3
"8 · Giữ A, B và kéo C",16.6661,9.7150,0.8418,0.0000,0.0000,3
"8 · Giữ A, B và kéo C",16.6663,9.9867,226.2474,225.3731,0.0000,3
"8 · Giữ A, B và kéo C",250.5352,10.1016,4.2995,0.0000,0.0000,3
"8 · Giữ A, B và kéo C",32.9571,9.7500,1.4798,0.0000,0.0000,3
"8 · Giữ A, B và kéo C",16.6660,9.7504,0.7890,0.0000,0.0000,3
"8 · Giữ A, B và kéo C",16.6670,9.7142,0.8073,0.0000,0.0000,3
"8 · Giữ A, B và kéo C",16.6669,9.6938,0.7956,0.0000,0.0000,3
9 · Ba phần tụ lại,16.6678,9.6843,0.8191,913.5229,9.0821,3
9 · Ba phần tụ lại,950.3813,10.1249,232.6129,227.6551,0.0000,3
9 · Ba phần tụ lại,249.2262,10.3633,4.8358,0.0000,0.0000,3
9 · Ba phần tụ lại,34.0913,10.2650,1.7418,0.0000,0.0000,3
9 · Ba phần tụ lại,16.6739,10.2325,0.8620,0.0000,0.0000,3
9 · Ba phần tụ lại,16.6678,10.9645,0.8612,0.0000,0.0000,3
9 · Ba phần tụ lại,16.6674,10.7285,0.8600,0.0000,0.0000,3
9 · Ba phần tụ lại,16.6648,10.4962,0.9839,0.0000,0.0000,3
9 · Ba phần tụ lại,16.6665,10.8034,0.8318,0.0000,0.0000,3
9 · Ba phần tụ lại,16.6687,9.7139,1.0434,0.0000,0.0000,3
9 · Ba phần tụ lại,16.6672,9.7012,0.9935,0.0000,0.0000,3
9 · Ba phần tụ lại,16.6637,10.3632,0.7964,0.0000,0.0000,3
9 · Ba phần tụ lại,16.6699,10.6443,1.0689,0.0000,0.0000,3
9 · Ba phần tụ lại,16.6717,12.4310,0.9135,0.0000,0.0000,3
9 · Ba phần tụ lại,33.3415,9.7828,1.8633,0.0000,0.0000,3
9 · Ba phần tụ lại,16.6733,9.6642,0.7695,0.0000,0.0000,3
9 · Ba phần tụ lại,16.6679,9.8508,0.8670,0.0000,0.0000,3
9 · Ba phần tụ lại,16.6682,9.8677,0.9417,0.0000,0.0000,3
9 · Ba phần tụ lại,16.6670,10.0613,1.1502,0.0000,0.0000,3
9 · Ba phần tụ lại,16.6668,9.9517,0.7946,0.0000,0.0000,3
9 · Ba phần tụ lại,16.6664,10.0429,0.8365,0.0000,0.0000,3
9 · Ba phần tụ lại,16.6663,9.8719,0.7600,0.0000,0.0000,3
9 · Ba phần tụ lại,16.6679,9.7382,1.0095,0.0000,0.0000,3
9 · Ba phần tụ lại,16.6665,9.4738,0.9287,0.0000,0.0000,3
9 · Ba phần tụ lại,16.6660,9.6139,0.7820,0.0000,0.0000,3
9 · Ba phần tụ lại,16.6668,9.6483,0.8470,0.0000,0.0000,3
9 · Ba phần tụ lại,16.6671,9.4766,0.8402,0.0000,0.0000,3
9 · Ba phần tụ lại,16.6671,9.4706,1.0571,0.0000,0.0000,3
9 · Ba phần tụ lại,16.6681,9.1862,0.9679,0.0000,0.0000,3
9 · Ba phần tụ lại,16.6650,9.4375,0.8949,0.0000,0.0000,3
9 · Ba phần tụ lại,16.6674,9.4549,0.9080,0.0000,0.0000,3
9 · Ba phần tụ lại,16.6670,9.2806,1.2032,0.0000,0.0000,3
9 · Ba phần tụ lại,16.6666,9.1434,1.0667,0.0000,0.0000,3
9 · Ba phần tụ lại,16.6659,9.6114,0.9599,0.0000,0.0000,3
9 · Ba phần tụ lại,16.6663,9.8317,0.8332,0.0000,0.0000,3
9 · Ba phần tụ lại,16.6670,9.8450,0.8491,0.0000,0.0000,3
9 · Ba phần tụ lại,16.7027,9.5376,1.0337,0.0000,0.0000,3
9 · Ba phần tụ lại,16.6697,9.5058,0.8567,0.0000,0.0000,3
9 · Ba phần tụ lại,16.6750,9.7753,0.9616,0.0000,0.0000,3
9 · Ba phần tụ lại,16.6568,10.2458,1.4511,0.0000,0.0000,3
9 · Ba phần tụ lại,16.6899,9.9701,0.9349,0.0000,0.0000,3
9 · Ba phần tụ lại,16.6658,10.2965,0.8185,0.0000,0.0000,3
9 · Ba phần tụ lại,16.6762,10.6572,0.8382,0.0000,0.0000,3
9 · Ba phần tụ lại,16.7008,10.4808,1.1067,0.0000,0.0000,3
9 · Ba phần tụ lại,16.6595,10.4540,0.8781,0.0000,0.0000,3
9 · Ba phần tụ lại,16.6724,10.7700,1.2575,0.0000,0.0000,3
9 · Ba phần tụ lại,16.6926,11.2602,1.0962,0.0000,0.0000,3
9 · Ba phần tụ lại,16.7018,10.9437,1.2059,0.0000,0.0000,3
9 · Ba phần tụ lại,16.7109,10.9681,1.1016,0.0000,0.0000,3
9 · Ba phần tụ lại,16.8121,11.4736,1.3512,0.0000,0.0000,3
9 · Ba phần tụ lại,32.0188,11.6721,2.5711,0.0000,0.0000,3
9 · Ba phần tụ lại,33.8045,11.1794,1.6170,0.0000,0.0000,3
9 · Ba phần tụ lại,16.6663,10.7805,0.8843,0.0000,0.0000,3
9 · Ba phần tụ lại,16.6685,10.7918,1.0061,0.0000,0.0000,3
9 · Ba phần tụ lại,16.6645,10.4735,0.8325,0.0000,0.0000,3
9 · Ba phần tụ lại,16.6843,10.7353,0.9170,0.0000,0.0000,3
9 · Ba phần tụ lại,16.6650,10.6494,0.9937,0.0000,0.0000,3
9 · Ba phần tụ lại,16.6693,11.1897,0.9516,0.0000,0.0000,3
9 · Ba phần tụ lại,16.6647,10.7544,1.0578,0.0000,0.0000,3
9 · Ba phần tụ lại,16.6666,10.3613,0.7877,0.0000,0.0000,3
9 · Ba phần tụ lại,16.6668,10.8753,0.9782,0.0000,0.0000,3
9 · Ba phần tụ lại,16.6670,11.0310,0.9352,0.0000,0.0000,3
9 · Ba phần tụ lại,16.6783,10.8521,1.0917,0.0000,0.0000,3
9 · Ba phần tụ lại,16.6880,11.0001,0.9059,0.0000,0.0000,3
9 · Ba phần tụ lại,16.6669,10.5574,1.0431,0.0000,0.0000,3
9 · Ba phần tụ lại,16.6665,10.3793,0.8746,0.0000,0.0000,3
9 · Ba phần tụ lại,16.6663,10.1832,0.8596,0.0000,0.0000,3
9 · Ba phần tụ lại,16.6670,10.0654,0.8754,0.0000,0.0000,3
9 · Ba phần tụ lại,16.6673,10.0010,0.9566,0.0000,0.0000,3
9 · Ba phần tụ lại,16.6661,10.0942,0.8080,0.0000,0.0000,3
9 · Ba phần tụ lại,16.6671,10.4870,0.8021,0.0000,0.0000,3
9 · Ba phần tụ lại,16.6680,10.0821,0.9483,0.0000,0.0000,3
9 · Ba phần tụ lại,16.6654,10.1723,0.8899,0.0000,0.0000,3
9 · Ba phần tụ lại,16.6663,9.9492,0.8998,0.0000,0.0000,3
9 · Ba phần tụ lại,16.6670,10.3066,0.9251,0.0000,0.0000,3
9 · Ba phần tụ lại,16.6659,10.2468,0.9373,0.0000,0.0000,3
9 · Ba phần tụ lại,16.6677,10.5175,0.8807,0.0000,0.0000,3
9 · Ba phần tụ lại,16.6664,10.2886,0.8500,0.0000,0.0000,3
9 · Ba phần tụ lại,16.6670,10.3978,0.8517,0.0000,0.0000,3
9 · Ba phần tụ lại,16.6670,10.1917,0.9105,0.0000,0.0000,3
9 · Ba phần tụ lại,16.6657,10.2529,0.7888,0.0000,0.0000,3
9 · Ba phần tụ lại,16.6685,10.3286,0.9156,0.0000,0.0000,3
9 · Ba phần tụ lại,16.6653,10.3958,0.8523,0.0000,0.0000,3
9 · Ba phần tụ lại,16.6671,10.3831,1.0296,0.0000,0.0000,3
9 · Ba phần tụ lại,16.6674,10.5573,0.9603,0.0000,0.0000,3
9 · Ba phần tụ lại,16.6666,10.2932,0.8261,0.0000,0.0000,3
9 · Ba phần tụ lại,16.6660,10.2574,0.9248,0.0000,0.0000,3
9 · Ba phần tụ lại,16.6674,10.3851,0.8089,0.0000,0.0000,3
9 · Ba phần tụ lại,16.6675,10.1638,0.8507,0.0000,0.0000,3
9 · Ba phần tụ lại,16.6656,10.8388,0.8566,0.0000,0.0000,3
9 · Ba phần tụ lại,16.6700,10.2324,0.8045,0.0000,0.0000,3
9 · Ba phần tụ lại,16.6629,10.2863,1.1397,0.0000,0.0000,3
9 · Ba phần tụ lại,16.6667,10.5611,0.7925,0.0000,0.0000,3
9 · Ba phần tụ lại,16.6673,10.3708,0.7926,0.0000,0.0000,3
9 · Ba phần tụ lại,16.6670,10.1569,0.8103,0.0000,0.0000,3
9 · Ba phần tụ lại,16.6672,10.2217,0.9317,0.0000,0.0000,3
9 · Ba phần tụ lại,16.6658,10.0901,0.8465,0.0000,0.0000,3
9 · Ba phần tụ lại,16.6670,10.3693,0.7839,0.0000,0.0000,3
9 · Ba phần tụ lại,16.6672,10.6815,0.7869,0.0000,0.0000,3
9 · Ba phần tụ lại,16.6661,10.5724,0.8279,0.0000,0.0000,3
9 · Ba phần tụ lại,16.6671,10.0098,0.8254,0.0000,0.0000,3
9 · Ba phần tụ lại,16.6676,10.4803,0.9623,0.0000,0.0000,3
9 · Ba phần tụ lại,16.6664,10.4217,0.8446,0.0000,0.0000,3
9 · Ba phần tụ lại,16.6667,10.2830,0.9665,0.0000,0.0000,3
9 · Ba phần tụ lại,16.6659,10.1864,0.8110,0.0000,0.0000,3
9 · Ba phần tụ lại,16.6667,10.2860,0.8752,0.0000,0.0000,3
9 · Ba phần tụ lại,16.6665,10.0956,0.8037,0.0000,0.0000,3
9 · Ba phần tụ lại,16.6668,10.0841,0.7930,0.0000,0.0000,3
9 · Ba phần tụ lại,16.6671,9.8838,0.8027,0.0000,0.0000,3
9 · Ba phần tụ lại,16.6665,10.0374,0.8423,0.0000,0.0000,3
9 · Ba phần tụ lại,16.6693,9.5104,0.8183,0.0000,0.0000,3
9 · Ba phần tụ lại,16.6644,9.5969,0.7979,0.0000,0.0000,3
9 · Ba phần tụ lại,16.6679,7.1139,2.2344,0.0000,0.2906,2
9 · Ba phần tụ lại,16.6650,7.4326,0.7969,0.0000,0.0000,2
9 · Ba phần tụ lại,16.6676,7.2035,1.0769,0.0000,0.0000,2
9 · Ba phần tụ lại,16.7729,7.1563,0.7828,0.0000,0.0000,2
9 · Ba phần tụ lại,16.7210,7.2427,0.8315,0.0000,0.0000,2
9 · Ba phần tụ lại,16.6695,6.9749,1.1291,0.0000,0.0000,2
9 · Ba phần tụ lại,16.6638,7.5129,0.7706,0.0000,0.0000,2
9 · Ba phần tụ lại,16.6662,6.7436,0.7763,0.0000,0.0000,2
9 · Ba phần tụ lại,16.6676,6.8680,0.7827,0.0000,0.0000,2
9 · Ba phần tụ lại,16.7658,6.7725,0.8842,0.0000,0.0000,2
9 · Ba phần tụ lại,16.6657,6.6836,0.7996,0.0000,0.0000,2
9 · Ba phần tụ lại,16.6672,6.7355,0.7877,0.0000,0.0000,2
9 · Ba phần tụ lại,16.6664,6.8670,0.9100,0.0000,0.0000,2
9 · Ba phần tụ lại,16.6662,7.4787,0.7871,0.0000,0.0000,2
9 · Ba phần tụ lại,16.6679,7.4622,0.9294,0.0000,0.0000,2
9 · Ba phần tụ lại,16.6664,7.3857,0.7912,0.0000,0.0000,2
9 · Ba phần tụ lại,16.6666,7.1012,0.8343,0.0000,0.0000,2
9 · Ba phần tụ lại,16.6663,7.2432,0.8307,0.0000,0.0000,2
9 · Ba phần tụ lại,16.6748,7.3797,0.8875,0.0000,0.0000,2
9 · Ba phần tụ lại,16.6590,7.4905,0.7962,0.0000,0.0000,2
9 · Ba phần tụ lại,16.6674,7.2630,0.9310,0.0000,0.0000,2
9 · Ba phần tụ lại,16.6668,7.1179,0.9114,0.0000,0.0000,2
9 · Ba phần tụ lại,16.6663,7.1143,0.7854,0.0000,0.0000,2
9 · Ba phần tụ lại,16.6665,6.9557,1.1720,0.0000,0.0000,2
9 · Ba phần tụ lại,16.6668,7.0605,0.7968,0.0000,0.0000,2
9 · Ba phần tụ lại,16.6671,6.6604,1.0312,0.0000,0.0000,2
9 · Ba phần tụ lại,16.6659,7.4094,0.8051,0.0000,0.0000,2
9 · Ba phần tụ lại,16.6665,6.9774,0.7931,0.0000,0.0000,2
9 · Ba phần tụ lại,16.6672,6.8808,0.7795,0.0000,0.0000,2
9 · Ba phần tụ lại,16.6673,6.8535,0.7925,0.0000,0.0000,2
9 · Ba phần tụ lại,16.6658,7.6141,0.7454,0.0000,0.0000,2
9 · Ba phần tụ lại,16.6690,7.7859,0.7979,0.0000,0.0000,2
9 · Ba phần tụ lại,16.6654,8.3708,0.8232,0.0000,0.0000,2
9 · Ba phần tụ lại,16.6667,8.3462,0.8022,0.0000,0.0000,2
9 · Ba phần tụ lại,16.6677,8.3785,0.8447,0.0000,0.0000,2
9 · Ba phần tụ lại,16.6665,8.6152,0.7828,0.0000,0.0000,2
9 · Ba phần tụ lại,16.6659,8.3037,0.8080,0.0000,0.0000,2
9 · Ba phần tụ lại,16.6674,8.4453,0.9221,0.0000,0.0000,2
9 · Ba phần tụ lại,16.6660,8.8864,0.8276,0.0000,0.0000,2
9 · Ba phần tụ lại,16.6766,9.0118,0.8641,0.0000,0.0000,2
9 · Ba phần tụ lại,16.6601,9.2704,0.8993,0.0000,0.0000,2
9 · Ba phần tụ lại,16.6655,8.8856,0.7614,0.0000,0.0000,2
9 · Ba phần tụ lại,16.6682,8.9974,0.7785,0.0000,0.0000,2
9 · Ba phần tụ lại,16.6664,9.3336,0.7784,0.0000,0.0000,2
9 · Ba phần tụ lại,16.6670,9.1231,0.7573,0.0000,0.0000,2
9 · Ba phần tụ lại,16.6662,9.0581,0.7776,0.0000,0.0000,2
9 · Ba phần tụ lại,16.6679,9.1375,0.8392,0.0000,0.0000,2
9 · Ba phần tụ lại,16.6672,9.1654,0.9461,0.0000,0.0000,2
9 · Ba phần tụ lại,16.6646,9.1861,0.9970,0.0000,0.0000,2
9 · Ba phần tụ lại,16.6669,9.1634,0.8233,0.0000,0.0000,2
9 · Ba phần tụ lại,16.6697,9.1408,0.8876,0.0000,0.0000,2
9 · Ba phần tụ lại,16.6641,9.5546,0.7898,0.0000,0.0000,2
9 · Ba phần tụ lại,16.6840,9.0080,0.7906,0.0000,0.0000,2
9 · Ba phần tụ lại,16.6630,9.2731,0.7886,0.0000,0.0000,2
9 · Ba phần tụ lại,16.6665,8.9024,0.7845,0.0000,0.0000,2
9 · Ba phần tụ lại,16.6663,9.1217,0.7821,0.0000,0.0000,2
9 · Ba phần tụ lại,16.6670,9.0576,0.7805,0.0000,0.0000,2
9 · Ba phần tụ lại,16.6659,8.9611,0.7906,0.0000,0.0000,2
9 · Ba phần tụ lại,16.6674,8.9243,0.8147,0.0000,0.0000,2
9 · Ba phần tụ lại,16.6676,9.1688,0.7930,0.0000,0.0000,2
9 · Ba phần tụ lại,16.6666,9.6816,0.7737,0.0000,0.0000,2
9 · Ba phần tụ lại,16.6664,9.0545,1.0093,0.0000,0.0000,2
9 · Ba phần tụ lại,16.6669,9.0284,0.8079,0.0000,0.0000,2
9 · Ba phần tụ lại,16.6656,9.3631,0.7800,0.0000,0.0000,2
9 · Ba phần tụ lại,16.6693,9.2093,0.9718,0.0000,0.0000,2
9 · Ba phần tụ lại,16.6656,9.3868,0.8674,0.0000,0.0000,2
9 · Ba phần tụ lại,16.6653,9.0134,0.7644,0.0000,0.0000,2
9 · Ba phần tụ lại,16.6674,9.3034,0.7792,0.0000,0.0000,2
9 · Ba phần tụ lại,16.6672,9.1324,0.9444,0.0000,0.0000,2
9 · Ba phần tụ lại,16.6676,9.6748,0.8628,0.0000,0.0000,2
9 · Ba phần tụ lại,16.6653,9.9075,0.8460,0.0000,0.0000,2
9 · Ba phần tụ lại,16.6677,9.6783,0.7970,0.0000,0.0000,2
9 · Ba phần tụ lại,16.6667,9.3329,0.8196,0.0000,0.0000,2
9 · Ba phần tụ lại,16.6682,9.8720,1.3041,0.0000,0.0000,2
9 · Ba phần tụ lại,16.6659,9.5709,0.8152,0.0000,0.0000,2
9 · Ba phần tụ lại,16.6678,9.8681,0.9004,0.0000,0.0000,2
9 · Ba phần tụ lại,16.6665,9.5179,1.0575,0.0000,0.0000,2
9 · Ba phần tụ lại,16.6663,9.5891,0.9622,0.0000,0.0000,2
9 · Ba phần tụ lại,16.6670,9.6156,1.0477,0.0000,0.0000,2
9 · Ba phần tụ lại,16.6669,9.5880,1.0594,0.0000,0.0000,2
9 · Ba phần tụ lại,16.6655,9.8075,1.1756,0.0000,0.0000,2
9 · Ba phần tụ lại,16.6663,9.5979,1.1001,0.0000,0.0000,2
9 · Ba phần tụ lại,16.6676,9.6635,0.9533,0.0000,0.0000,2
9 · Ba phần tụ lại,16.6670,9.7512,0.9537,0.0000,0.0000,2
9 · Ba phần tụ lại,16.6656,9.7136,1.0258,0.0000,0.0000,2
9 · Ba phần tụ lại,16.6671,9.7091,0.9200,0.0000,0.0000,2
9 · Ba phần tụ lại,16.6792,9.9147,1.0166,0.0000,0.0000,2
9 · Ba phần tụ lại,16.6544,9.5247,0.7987,0.0000,0.0000,2
9 · Ba phần tụ lại,16.6674,9.8843,0.8118,0.0000,0.0000,2
9 · Ba phần tụ lại,16.6659,9.8819,0.8470,0.0000,0.0000,2
9 · Ba phần tụ lại,16.6668,9.4663,0.7864,0.0000,0.0000,2
9 · Ba phần tụ lại,16.6675,10.2294,0.8603,0.0000,0.0000,2
9 · Ba phần tụ lại,16.6653,9.6970,0.8158,0.0000,0.0000,2
9 · Ba phần tụ lại,16.6723,9.5148,0.9507,0.0000,0.0000,2
9 · Ba phần tụ lại,16.6638,9.5784,0.8077,0.0000,0.0000,2
9 · Ba phần tụ lại,16.6665,9.4276,0.8322,0.0000,0.0000,2
9 · Ba phần tụ lại,16.6667,9.4509,0.8577,0.0000,0.0000,2
9 · Ba phần tụ lại,16.6682,9.3537,0.8133,0.0000,0.0000,2
9 · Ba phần tụ lại,16.6667,9.0619,0.8270,0.0000,0.0000,2
9 · Ba phần tụ lại,16.6653,9.1024,0.8138,0.0000,0.0000,2
9 · Ba phần tụ lại,16.6665,9.0077,0.8189,0.0000,0.0000,2
9 · Ba phần tụ lại,16.6673,8.9972,0.7962,0.0000,0.0000,2
9 · Ba phần tụ lại,16.6675,9.0699,0.9214,0.0000,0.0000,2
9 · Ba phần tụ lại,16.6662,8.8175,0.8716,0.0000,0.0000,2
9 · Ba phần tụ lại,16.6675,8.7556,0.8892,0.0000,0.0000,2
9 · Ba phần tụ lại,16.6833,8.6563,1.3031,0.0000,0.0000,2
9 · Ba phần tụ lại,16.6657,8.6628,0.8010,0.0000,0.0000,2
9 · Ba phần tụ lại,16.6671,8.6981,0.7668,0.0000,0.0000,2
9 · Ba phần tụ lại,16.6680,8.3820,0.9855,0.0000,0.0000,2
9 · Ba phần tụ lại,16.6657,8.7251,0.8415,0.0000,0.0000,2
9 · Ba phần tụ lại,16.6692,8.3167,1.0624,0.0000,0.0000,2
9 · Ba phần tụ lại,16.6663,7.9669,0.7696,0.0000,0.0000,2
9 · Ba phần tụ lại,16.6665,8.5015,0.7939,0.0000,0.0000,2
9 · Ba phần tụ lại,16.6668,8.6034,0.7814,0.0000,0.0000,2
9 · Ba phần tụ lại,16.6669,7.9120,0.9370,0.0000,0.0000,2
9 · Ba phần tụ lại,16.6676,8.3578,0.7808,0.0000,0.0000,2
9 · Ba phần tụ lại,16.6660,8.3460,0.7931,0.0000,0.0000,2
9 · Ba phần tụ lại,16.6693,7.9408,0.9529,0.0000,0.0000,2
9 · Ba phần tụ lại,16.6651,8.0781,0.7709,0.0000,0.0000,2
9 · Ba phần tụ lại,16.6664,7.7366,0.7694,0.0000,0.0000,2
9 · Ba phần tụ lại,16.6721,7.7450,0.8971,0.0000,0.0000,2
9 · Ba phần tụ lại,16.6616,7.6345,1.2666,0.0000,0.0000,2
9 · Ba phần tụ lại,16.6667,7.6315,1.0952,0.0000,0.0000,2
9 · Ba phần tụ lại,16.6664,7.5858,0.7816,0.0000,0.0000,2
9 · Ba phần tụ lại,16.6663,8.2952,0.8437,0.0000,0.0000,2
9 · Ba phần tụ lại,16.6698,7.9716,1.1262,0.0000,0.0000,2
9 · Ba phần tụ lại,16.6649,8.2621,0.8203,0.0000,0.0000,2
9 · Ba phần tụ lại,16.6657,8.3389,0.9436,0.0000,0.0000,2
9 · Ba phần tụ lại,16.6684,8.3553,1.1150,0.0000,0.0000,2
9 · Ba phần tụ lại,16.6681,8.2613,1.1446,0.0000,0.0000,2
9 · Ba phần tụ lại,16.6687,8.3530,0.8732,0.0000,0.0000,2
9 · Ba phần tụ lại,16.6667,7.5105,0.8069,0.0000,0.0000,2
9 · Ba phần tụ lại,16.6665,7.6416,1.1311,0.0000,0.0000,2
9 · Ba phần tụ lại,16.6672,7.4984,0.8902,0.0000,0.0000,2
9 · Ba phần tụ lại,16.6658,7.5836,0.7801,0.0000,0.0000,2
9 · Ba phần tụ lại,16.6665,7.4480,0.9412,0.0000,0.0000,2
9 · Ba phần tụ lại,16.6668,8.0494,0.7864,0.0000,0.0000,2
9 · Ba phần tụ lại,16.6668,7.9623,0.8048,0.0000,0.0000,2
9 · Ba phần tụ lại,16.6671,7.8708,0.8780,0.0000,0.0000,2
9 · Ba phần tụ lại,16.6688,7.9364,0.9516,0.0000,0.0000,2
9 · Ba phần tụ lại,16.6645,7.8518,0.9648,0.0000,0.0000,2
9 · Ba phần tụ lại,16.6672,7.7785,0.8311,0.0000,0.0000,2
9 · Ba phần tụ lại,16.6663,8.0196,0.8563,0.0000,0.0000,2
9 · Ba phần tụ lại,16.6667,7.8697,1.0422,0.0000,0.0000,2
9 · Ba phần tụ lại,16.6673,7.8995,0.9341,0.0000,0.0000,2
9 · Ba phần tụ lại,16.6665,8.2813,0.8200,0.0000,0.0000,2
9 · Ba phần tụ lại,16.6674,8.0054,0.8110,0.0000,0.0000,2
9 · Ba phần tụ lại,16.6685,8.1810,0.8879,0.0000,0.0000,2
9 · Ba phần tụ lại,16.6782,7.7503,1.0408,0.0000,0.0000,2
9 · Ba phần tụ lại,16.6666,7.9795,0.9101,0.0000,0.0000,2
9 · Ba phần tụ lại,16.6665,7.9619,0.8939,0.0000,0.0000,2
9 · Ba phần tụ lại,16.6662,8.1238,0.9485,0.0000,0.0000,2
9 · Ba phần tụ lại,16.6669,7.8615,0.9436,0.0000,0.0000,2
9 · Ba phần tụ lại,16.6678,7.9333,0.9106,0.0000,0.0000,2
9 · Ba phần tụ lại,16.6663,7.9912,0.7934,0.0000,0.0000,2
9 · Ba phần tụ lại,16.6673,8.2430,0.8980,0.0000,0.0000,2
9 · Ba phần tụ lại,16.6737,8.6529,1.0504,0.0000,0.0000,2
9 · Ba phần tụ lại,16.6667,8.8668,0.7949,0.0000,0.0000,2
9 · Ba phần tụ lại,16.6656,8.6979,0.8090,0.0000,0.0000,2
9 · Ba phần tụ lại,16.6680,8.4590,0.8165,0.0000,0.0000,2
9 · Ba phần tụ lại,16.6656,8.2903,0.8318,0.0000,0.0000,2
9 · Ba phần tụ lại,16.6675,9.2264,0.8684,0.0000,0.0000,2
9 · Ba phần tụ lại,16.6662,9.2491,0.8016,0.0000,0.0000,2
9 · Ba phần tụ lại,16.6673,9.2613,0.8417,0.0000,0.0000,2
9 · Ba phần tụ lại,16.6658,8.9805,0.8451,0.0000,0.0000,2
9 · Ba phần tụ lại,16.6833,8.8244,0.8815,0.0000,0.0000,2
9 · Ba phần tụ lại,16.6707,9.2478,0.8050,0.0000,0.0000,2
9 · Ba phần tụ lại,16.6638,9.2958,0.8388,0.0000,0.0000,2
9 · Ba phần tụ lại,16.6650,9.2143,0.9053,0.0000,0.0000,2
9 · Ba phần tụ lại,16.6669,9.0936,1.1044,0.0000,0.0000,2
9 · Ba phần tụ lại,16.6699,8.6700,1.0985,0.0000,0.0000,2
9 · Ba phần tụ lại,16.6644,8.8547,1.1778,0.0000,0.0000,2
9 · Ba phần tụ lại,16.6697,8.7092,0.9326,0.0000,0.0000,2
9 · Ba phần tụ lại,16.6647,8.8544,0.8245,0.0000,0.0000,2
9 · Ba phần tụ lại,16.6880,8.6296,0.8991,0.0000,0.0000,2
9 · Ba phần tụ lại,16.8406,8.7901,0.8584,0.0000,0.0000,2
9 · Ba phần tụ lại,16.6682,8.8435,0.9046,0.0000,0.0000,2
9 · Ba phần tụ lại,16.6673,8.9213,0.8897,0.0000,0.0000,2
9 · Ba phần tụ lại,16.6926,8.8381,0.8973,0.0000,0.0000,2
9 · Ba phần tụ lại,16.6704,8.8202,0.8172,0.0000,0.0000,2
9 · Ba phần tụ lại,16.6668,9.0433,0.8254,0.0000,0.0000,2
9 · Ba phần tụ lại,16.6750,9.0636,0.9023,0.0000,0.0000,2
9 · Ba phần tụ lại,16.6651,8.8442,0.9085,0.0000,0.0000,2
9 · Ba phần tụ lại,16.6682,9.0492,1.0137,0.0000,0.0000,2
9 · Ba phần tụ lại,16.6855,8.9817,0.9910,0.0000,0.0000,2
9 · Ba phần tụ lại,16.6654,8.9600,0.8641,0.0000,0.0000,2
9 · Ba phần tụ lại,16.6881,8.7486,0.9725,0.0000,0.0000,2
9 · Ba phần tụ lại,16.7609,8.8766,0.9307,0.0000,0.0000,2
9 · Ba phần tụ lại,16.7084,8.7824,0.9200,0.0000,0.0000,2
9 · Ba phần tụ lại,16.6798,9.3017,0.9841,0.0000,0.0000,2
9 · Ba phần tụ lại,16.6865,9.0924,0.9018,0.0000,0.0000,2
9 · Ba phần tụ lại,16.6818,9.2652,0.9065,0.0000,0.0000,2
9 · Ba phần tụ lại,16.7021,9.0243,0.9359,0.0000,0.0000,2
9 · Ba phần tụ lại,16.6964,8.9500,0.8373,0.0000,0.0000,2
9 · Ba phần tụ lại,16.6935,8.8930,0.9055,0.0000,0.0000,2
10 · Hợp thể kéo nắp H,16.6945,5.9664,1.3087,459.5966,0.7193,1
10 · Hợp thể kéo nắp H,482.2033,6.1859,4.2509,0.0000,0.0000,1
10 · Hợp thể kéo nắp H,16.6663,5.8302,0.9170,0.0000,0.0000,1
10 · Hợp thể kéo nắp H,17.1043,5.8385,1.1827,0.0000,0.0000,1
10 · Hợp thể kéo nắp H,16.6662,5.8612,1.0587,0.0000,0.0000,1
10 · Hợp thể kéo nắp H,16.6680,6.0239,1.1970,0.0000,0.0000,1
10 · Hợp thể kéo nắp H,16.6680,6.0350,1.1790,0.0000,0.0000,1
10 · Hợp thể kéo nắp H,16.6651,6.0735,0.8954,0.0000,0.0000,1
10 · Hợp thể kéo nắp H,16.6669,5.9352,0.7503,0.0000,0.0000,1
10 · Hợp thể kéo nắp H,16.6672,6.1410,0.8876,0.0000,0.0000,1
10 · Hợp thể kéo nắp H,16.6663,6.0727,0.9680,0.0000,0.0000,1
10 · Hợp thể kéo nắp H,16.6660,6.4809,1.1646,0.0000,0.0000,1
10 · Hợp thể kéo nắp H,16.6674,6.3363,1.1101,0.0000,0.0000,1
10 · Hợp thể kéo nắp H,16.6661,6.5415,1.1092,0.0000,0.0000,1
10 · Hợp thể kéo nắp H,16.6668,6.3400,1.2869,0.0000,0.0000,1
10 · Hợp thể kéo nắp H,16.6661,6.6596,1.1174,0.0000,0.0000,1
10 · Hợp thể kéo nắp H,16.6683,6.3469,1.0115,0.0000,0.0000,1
10 · Hợp thể kéo nắp H,16.6777,6.4744,1.4306,0.0000,0.0000,1
10 · Hợp thể kéo nắp H,16.6641,6.4063,1.1782,0.0000,0.0000,1
10 · Hợp thể kéo nắp H,16.6678,6.3515,1.1739,0.0000,0.0000,1
10 · Hợp thể kéo nắp H,16.6640,6.2474,0.9262,0.0000,0.0000,1
10 · Hợp thể kéo nắp H,16.6675,6.3302,1.0501,0.0000,0.0000,1
10 · Hợp thể kéo nắp H,16.6943,6.4517,0.7874,0.0000,0.0000,1
10 · Hợp thể kéo nắp H,16.6677,6.5264,0.7548,0.0000,0.0000,1
10 · Hợp thể kéo nắp H,16.6667,6.7380,0.8025,0.0000,0.0000,1
10 · Hợp thể kéo nắp H,16.6657,6.8563,0.7532,0.0000,0.0000,1
10 · Hợp thể kéo nắp H,16.6666,6.6166,0.7593,0.0000,0.0000,1
10 · Hợp thể kéo nắp H,16.6670,6.3738,1.2519,0.0000,0.0000,1
10 · Hợp thể kéo nắp H,16.6668,6.3248,0.8374,0.0000,0.0000,1
10 · Hợp thể kéo nắp H,16.6672,6.7477,1.2451,0.0000,0.0000,1
10 · Hợp thể kéo nắp H,16.6671,6.7124,1.0732,0.0000,0.0000,1
10 · Hợp thể kéo nắp H,16.6664,7.0076,0.9822,0.0000,0.0000,1
10 · Hợp thể kéo nắp H,16.6666,6.6187,0.9965,0.0000,0.0000,1
10 · Hợp thể kéo nắp H,16.6660,6.9213,0.7818,0.0000,0.0000,1
10 · Hợp thể kéo nắp H,16.6671,7.0057,0.8522,0.0000,0.0000,1
10 · Hợp thể kéo nắp H,16.6663,6.9200,0.9486,0.0000,0.0000,1
10 · Hợp thể kéo nắp H,16.6681,7.3949,0.8006,0.0000,0.0000,1
10 · Hợp thể kéo nắp H,16.6660,7.4908,1.0611,0.0000,0.0000,1
10 · Hợp thể kéo nắp H,16.6669,7.4585,0.7882,0.0000,0.0000,1
10 · Hợp thể kéo nắp H,16.6663,7.7299,0.7487,0.0000,0.0000,1
10 · Hợp thể kéo nắp H,16.6670,7.2077,0.8265,0.0000,0.0000,1
10 · Hợp thể kéo nắp H,16.6666,7.3154,0.8587,0.0000,0.0000,1
10 · Hợp thể kéo nắp H,16.6668,7.1570,0.8072,0.0000,0.0000,1
10 · Hợp thể kéo nắp H,16.6664,7.3858,0.8444,0.0000,0.0000,1
10 · Hợp thể kéo nắp H,16.6726,7.4398,0.8104,0.0000,0.0000,1
10 · Hợp thể kéo nắp H,16.6665,7.6844,0.8290,0.0000,0.0000,1
10 · Hợp thể kéo nắp H,16.6675,7.8406,0.8357,0.0000,0.0000,1
10 · Hợp thể kéo nắp H,16.6697,7.0928,0.8429,0.0000,0.0000,1
10 · Hợp thể kéo nắp H,16.6648,7.2219,0.9515,0.0000,0.0000,1
10 · Hợp thể kéo nắp H,16.6685,7.1991,0.8814,0.0000,0.0000,1
10 · Hợp thể kéo nắp H,16.6945,7.4254,0.9911,0.0000,0.0000,1
10 · Hợp thể kéo nắp H,16.6635,7.0360,0.8232,0.0000,0.0000,1
10 · Hợp thể kéo nắp H,16.6683,7.2866,0.7407,0.0000,0.0000,1
10 · Hợp thể kéo nắp H,16.6649,7.0294,0.7190,0.0000,0.0000,1
10 · Hợp thể kéo nắp H,16.6669,7.1478,0.7886,0.0000,0.0000,1
10 · Hợp thể kéo nắp H,16.6660,6.8664,0.6304,0.0000,0.0000,1
10 · Hợp thể kéo nắp H,16.6674,7.1087,0.6424,0.0000,0.0000,1
10 · Hợp thể kéo nắp H,16.6671,6.9649,0.8623,0.0000,0.0000,1
10 · Hợp thể kéo nắp H,16.6696,7.2160,0.9118,0.0000,0.0000,1
10 · Hợp thể kéo nắp H,16.6672,7.1207,0.7058,0.0000,0.0000,1
10 · Hợp thể kéo nắp H,16.6718,7.3253,0.8122,0.0000,0.0000,1
10 · Hợp thể kéo nắp H,16.6683,7.4972,228.2287,227.3454,0.0000,1
10 · Hợp thể kéo nắp H,250.0891,7.5181,2.6624,0.0000,0.0000,1
10 · Hợp thể kéo nắp H,16.6738,7.3965,0.4751,0.0000,0.0000,1
10 · Hợp thể kéo nắp H,16.6682,7.6470,0.6491,0.0000,0.0000,1
10 · Hợp thể kéo nắp H,16.6660,7.6529,0.5596,0.0000,0.0000,1
10 · Hợp thể kéo nắp H,16.6682,7.4441,0.6243,0.0000,0.0000,1
10 · Hợp thể kéo nắp H,16.6671,7.5160,0.6166,0.0000,0.0000,1
10 · Hợp thể kéo nắp H,16.6657,7.5732,0.5703,0.0000,0.0000,1
10 · Hợp thể kéo nắp H,16.6671,7.4556,0.6081,0.0000,0.0000,1
10 · Hợp thể kéo nắp H,16.6656,7.5495,0.5375,0.0000,0.0000,1
10 · Hợp thể kéo nắp H,16.6882,7.9605,0.5988,0.0000,0.0000,1
10 · Hợp thể kéo nắp H,16.6668,7.7258,0.5915,0.0000,0.0000,1
10 · Hợp thể kéo nắp H,16.6810,7.4807,0.5445,0.0000,0.0000,1
10 · Hợp thể kéo nắp H,16.6688,7.4270,0.5938,0.0000,0.0000,1
10 · Hợp thể kéo nắp H,16.6652,7.5712,0.8296,0.0000,0.0000,1
10 · Hợp thể kéo nắp H,16.6660,7.7119,0.8897,0.0000,0.0000,1
10 · Hợp thể kéo nắp H,16.6677,7.6369,0.5947,0.0000,0.0000,1
10 · Hợp thể kéo nắp H,16.7114,7.5666,0.6201,0.0000,0.0000,1
10 · Hợp thể kéo nắp H,16.6662,7.6984,0.6517,0.0000,0.0000,1
10 · Hợp thể kéo nắp H,16.6673,7.7293,0.6555,0.0000,0.0000,1
10 · Hợp thể kéo nắp H,16.6674,7.8288,0.5447,0.0000,0.0000,1
10 · Hợp thể kéo nắp H,16.6658,7.7632,0.6869,0.0000,0.0000,1
10 · Hợp thể kéo nắp H,16.6853,8.2625,0.8308,0.0000,0.0000,1
10 · Hợp thể kéo nắp H,16.6672,8.3074,1.0758,0.0000,0.0000,1
10 · Hợp thể kéo nắp H,16.6658,8.1673,0.8330,0.0000,0.0000,1
10 · Hợp thể kéo nắp H,16.6669,8.4454,0.7639,0.0000,0.0000,1
10 · Hợp thể kéo nắp H,16.6675,8.3279,0.9811,0.0000,0.0000,1
10 · Hợp thể kéo nắp H,16.6661,8.4916,0.8434,0.0000,0.0000,1
10 · Hợp thể kéo nắp H,16.6660,8.3467,0.7954,0.0000,0.0000,1
10 · Hợp thể kéo nắp H,16.6667,8.2682,0.6562,0.0000,0.0000,1
10 · Hợp thể kéo nắp H,16.6671,8.4325,0.5830,0.0000,0.0000,1
10 · Hợp thể kéo nắp H,16.6665,8.4394,0.7197,0.0000,0.0000,1
10 · Hợp thể kéo nắp H,16.6670,8.4700,0.6779,0.0000,0.0000,1
10 · Hợp thể kéo nắp H,16.6662,7.8934,229.2005,228.5554,0.0000,1
10 · Hợp thể kéo nắp H,249.7431,8.3475,2.9810,0.0000,0.0000,1
10 · Hợp thể kéo nắp H,16.6657,8.1947,0.6179,0.0000,0.0000,1
10 · Hợp thể kéo nắp H,16.6672,8.4296,0.5496,0.0000,0.0000,1
10 · Hợp thể kéo nắp H,16.6661,8.2434,0.5727,0.0000,0.0000,1
10 · Hợp thể kéo nắp H,16.6687,8.1454,0.6999,0.0000,0.0000,1
10 · Hợp thể kéo nắp H,16.6651,8.2937,0.6290,0.0000,0.0000,1
10 · Hợp thể kéo nắp H,16.6673,8.0731,0.6692,0.0000,0.0000,1
10 · Hợp thể kéo nắp H,16.6667,8.2895,0.6087,0.0000,0.0000,1
10 · Hợp thể kéo nắp H,16.6673,8.1270,0.6599,0.0000,0.0000,1
10 · Hợp thể kéo nắp H,16.6667,8.1104,0.5629,0.0000,0.0000,1
10 · Hợp thể kéo nắp H,16.6664,7.8975,0.6068,0.0000,0.0000,1
10 · Hợp thể kéo nắp H,16.6673,7.8986,0.6660,0.0000,0.0000,1
10 · Hợp thể kéo nắp H,16.6676,8.1694,0.6710,0.0000,0.0000,1
10 · Hợp thể kéo nắp H,16.8101,8.3713,0.8996,0.0000,0.0000,1
10 · Hợp thể kéo nắp H,16.6642,8.2202,0.6471,0.0000,0.0000,1
10 · Hợp thể kéo nắp H,16.6702,7.5769,0.6751,0.0000,0.0000,1
10 · Hợp thể kéo nắp H,16.6670,7.8633,0.6427,0.0000,0.0000,1
10 · Hợp thể kéo nắp H,16.6673,7.2992,0.5449,0.0000,0.0000,1
10 · Hợp thể kéo nắp H,16.6771,7.4808,0.5541,0.0000,0.0000,1
10 · Hợp thể kéo nắp H,16.6622,7.1667,0.6075,0.0000,0.0000,1
10 · Hợp thể kéo nắp H,16.6667,7.1608,0.5306,0.0000,0.0000,1
10 · Hợp thể kéo nắp H,16.6725,6.7232,0.5969,0.0000,0.0000,1
10 · Hợp thể kéo nắp H,16.6663,6.8447,0.5900,0.0000,0.0000,1
10 · Hợp thể kéo nắp H,16.6675,6.9487,0.5904,0.0000,0.0000,1
10 · Hợp thể kéo nắp H,16.6668,7.0251,0.5499,0.0000,0.0000,1
10 · Hợp thể kéo nắp H,16.6671,7.1039,0.7188,0.0000,0.0000,1
10 · Hợp thể kéo nắp H,16.6678,7.0829,0.6519,0.0000,0.0000,1
10 · Hợp thể kéo nắp H,16.6657,6.8437,0.5948,0.0000,0.0000,1
10 · Hợp thể kéo nắp H,16.6679,7.1032,0.6715,0.0000,0.0000,1
10 · Hợp thể kéo nắp H,16.6655,7.3082,0.6488,0.0000,0.0000,1
10 · Hợp thể kéo nắp H,16.6675,7.2083,0.6815,0.0000,0.0000,1
10 · Hợp thể kéo nắp H,16.6668,7.7262,0.6150,0.0000,0.0000,1
10 · Hợp thể kéo nắp H,16.6655,7.2485,0.5476,0.0000,0.0000,1
10 · Hợp thể kéo nắp H,16.6670,7.3970,0.5565,0.0000,0.0000,1
10 · Hợp thể kéo nắp H,16.6682,7.6883,0.6490,0.0000,0.0000,1
10 · Hợp thể kéo nắp H,16.6659,7.5456,0.6341,0.0000,0.0000,1
10 · Hợp thể kéo nắp H,16.6666,7.7189,226.9892,226.0525,0.0000,1
10 · Hợp thể kéo nắp H,249.9992,7.9084,2.8775,0.0000,0.0000,1
10 · Hợp thể kéo nắp H,16.6858,7.7939,0.7631,0.0000,0.0000,1
10 · Hợp thể kéo nắp H,16.6663,7.6183,0.5215,0.0000,0.0000,1
10 · Hợp thể kéo nắp H,16.6726,7.5823,0.6373,0.0000,0.0000,1
10 · Hợp thể kéo nắp H,16.6652,7.6414,0.4953,0.0000,0.0000,1
10 · Hợp thể kéo nắp H,16.6670,7.7067,0.5319,0.0000,0.0000,1
10 · Hợp thể kéo nắp H,16.6661,7.5162,0.5171,0.0000,0.0000,1
10 · Hợp thể kéo nắp H,16.6673,7.8215,0.5395,0.0000,0.0000,1
10 · Hợp thể kéo nắp H,16.6666,7.6114,0.7626,0.0000,0.0000,1
10 · Hợp thể kéo nắp H,16.6661,7.6361,0.5469,0.0000,0.0000,1
10 · Hợp thể kéo nắp H,16.6679,7.5622,0.6297,0.0000,0.0000,1
10 · Hợp thể kéo nắp H,16.6655,7.8583,0.5958,0.0000,0.0000,1
10 · Hợp thể kéo nắp H,16.6677,7.7087,0.5563,0.0000,0.0000,1
10 · Hợp thể kéo nắp H,16.6664,8.0684,0.5400,0.0000,0.0000,1
10 · Hợp thể kéo nắp H,16.6663,8.1207,0.5903,0.0000,0.0000,1
10 · Hợp thể kéo nắp H,16.6691,8.2129,0.6081,0.0000,0.0000,1
10 · Hợp thể kéo nắp H,16.6652,8.5535,0.5527,0.0000,0.0000,1
10 · Hợp thể kéo nắp H,16.6674,8.1213,0.5391,0.0000,0.0000,1
10 · Hợp thể kéo nắp H,16.6681,8.0125,0.5926,0.0000,0.0000,1
10 · Hợp thể kéo nắp H,16.6658,8.2218,0.7319,0.0000,0.0000,1
10 · Hợp thể kéo nắp H,16.6648,8.3006,0.5732,0.0000,0.0000,1
10 · Hợp thể kéo nắp H,16.6688,8.2039,0.6222,0.0000,0.0000,1
10 · Hợp thể kéo nắp H,16.6652,8.2106,0.5233,0.0000,0.0000,1
10 · Hợp thể kéo nắp H,16.6677,8.1566,0.5311,0.0000,0.0000,1
10 · Hợp thể kéo nắp H,16.6657,8.1001,0.5323,0.0000,0.0000,1
10 · Hợp thể kéo nắp H,16.6683,8.4180,0.5144,0.0000,0.0000,1
10 · Hợp thể kéo nắp H,16.6652,8.5828,0.5398,0.0000,0.0000,1
10 · Hợp thể kéo nắp H,16.6694,8.4592,0.5392,0.0000,0.0000,1
10 · Hợp thể kéo nắp H,16.6649,8.4733,0.5773,0.0000,0.0000,1
10 · Hợp thể kéo nắp H,16.6678,8.3897,0.5351,0.0000,0.0000,1
10 · Hợp thể kéo nắp H,16.6646,8.5608,0.5446,0.0000,0.0000,1
10 · Hợp thể kéo nắp H,16.6677,8.3752,0.5523,0.0000,0.0000,1
10 · Hợp thể kéo nắp H,16.6676,8.4744,0.6268,0.0000,0.0000,1
10 · Hợp thể kéo nắp H,16.6657,8.5320,0.6063,0.0000,0.0000,1
10 · Hợp thể kéo nắp H,16.6711,8.5153,0.5864,0.0000,0.0000,1
10 · Hợp thể kéo nắp H,16.6623,8.5837,230.5602,229.9027,0.0000,1
10 · Hợp thể kéo nắp H,249.8505,8.3431,2.9980,0.0000,0.0000,1
10 · Hợp thể kéo nắp H,33.4286,8.6416,0.9591,0.0000,0.0000,1
10 · Hợp thể kéo nắp H,16.6673,8.4251,0.5385,0.0000,0.0000,1
10 · Hợp thể kéo nắp H,16.6659,8.5048,0.5594,0.0000,0.0000,1
10 · Hợp thể kéo nắp H,16.6670,8.5189,0.5820,0.0000,0.0000,1
10 · Hợp thể kéo nắp H,16.6662,8.5782,0.5390,0.0000,0.0000,1
10 · Hợp thể kéo nắp H,16.6677,8.5395,0.6034,0.0000,0.0000,1
10 · Hợp thể kéo nắp H,16.6670,8.3814,0.6257,0.0000,0.0000,1
10 · Hợp thể kéo nắp H,16.6671,8.4309,0.6655,0.0000,0.0000,1
10 · Hợp thể kéo nắp H,16.6659,8.5166,0.6317,0.0000,0.0000,1
10 · Hợp thể kéo nắp H,16.6681,8.4039,0.6336,0.0000,0.0000,1
10 · Hợp thể kéo nắp H,16.6658,8.4395,0.5967,0.0000,0.0000,1
10 · Hợp thể kéo nắp H,16.6665,8.4224,0.5800,0.0000,0.0000,1
10 · Hợp thể kéo nắp H,16.6704,8.6093,0.5556,0.0000,0.0000,1
10 · Hợp thể kéo nắp H,16.6635,8.3374,0.5782,0.0000,0.0000,1
10 · Hợp thể kéo nắp H,16.6661,8.5694,0.5449,0.0000,0.0000,1
10 · Hợp thể kéo nắp H,16.6708,8.8878,0.6091,0.0000,0.0000,1
10 · Hợp thể kéo nắp H,16.6628,8.6630,0.5874,0.0000,0.0000,1
10 · Hợp thể kéo nắp H,16.6680,8.3966,0.5870,0.0000,0.0000,1
10 · Hợp thể kéo nắp H,16.6662,8.4965,0.5325,0.0000,0.0000,1
10 · Hợp thể kéo nắp H,16.6671,8.4563,0.5502,0.0000,0.0000,1
10 · Hợp thể kéo nắp H,16.6664,8.4046,0.5721,0.0000,0.0000,1
10 · Hợp thể kéo nắp H,16.6665,8.5431,0.5743,0.0000,0.0000,1
10 · Hợp thể kéo nắp H,16.6675,8.3345,0.5587,0.0000,0.0000,1
10 · Hợp thể kéo nắp H,16.6667,8.7064,0.6266,0.0000,0.0000,1
10 · Hợp thể kéo nắp H,16.6665,8.5731,0.6523,0.0000,0.0000,1
10 · Hợp thể kéo nắp H,16.6661,8.4603,0.6031,0.0000,0.0000,1
10 · Hợp thể kéo nắp H,16.6673,8.7025,0.5851,0.0000,0.0000,1
10 · Hợp thể kéo nắp H,16.6668,8.5757,0.5989,0.0000,0.0000,1
10 · Hợp thể kéo nắp H,16.6660,8.5520,0.6445,0.0000,0.0000,1
10 · Hợp thể kéo nắp H,16.6677,8.3708,0.5814,0.0000,0.0000,1
10 · Hợp thể kéo nắp H,16.6671,8.5893,0.6027,0.0000,0.0000,1
10 · Hợp thể kéo nắp H,16.6668,8.6033,0.6508,0.0000,0.0000,1
10 · Hợp thể kéo nắp H,16.6654,8.6391,0.5405,0.0000,0.0000,1
10 · Hợp thể kéo nắp H,16.6675,8.6065,0.5441,0.0000,0.0000,1
10 · Hợp thể kéo nắp H,16.6666,8.3949,228.1420,227.4928,0.0000,1
10 · Hợp thể kéo nắp H,249.9964,8.5181,2.8299,0.0000,0.0000,1
10 · Hợp thể kéo nắp H,33.3336,8.4588,1.0314,0.0000,0.0000,1
10 · Hợp thể kéo nắp H,16.6664,8.7533,0.5763,0.0000,0.0000,1
10 · Hợp thể kéo nắp H,16.6672,8.6045,0.5521,0.0000,0.0000,1
10 · Hợp thể kéo nắp H,16.6666,8.4958,0.5935,0.0000,0.0000,1
10 · Hợp thể kéo nắp H,16.6669,8.2258,0.5848,0.0000,0.0000,1
10 · Hợp thể kéo nắp H,16.6655,8.2657,0.6204,0.0000,0.0000,1
10 · Hợp thể kéo nắp H,16.6674,8.1335,0.5845,0.0000,0.0000,1
10 · Hợp thể kéo nắp H,16.6673,8.5766,0.5513,0.0000,0.0000,1
10 · Hợp thể kéo nắp H,16.6675,8.3039,0.5616,0.0000,0.0000,1
10 · Hợp thể kéo nắp H,16.6668,8.2845,0.5619,0.0000,0.0000,1
10 · Hợp thể kéo nắp H,16.6662,7.7582,0.5559,0.0000,0.0000,1
10 · Hợp thể kéo nắp H,16.6671,7.9552,0.5775,0.0000,0.0000,1
10 · Hợp thể kéo nắp H,16.6665,7.9540,0.6093,0.0000,0.0000,1
10 · Hợp thể kéo nắp H,16.6682,7.8736,0.6883,0.0000,0.0000,1
10 · Hợp thể kéo nắp H,16.6641,7.8968,0.5422,0.0000,0.0000,1
10 · Hợp thể kéo nắp H,16.6676,7.7041,0.5514,0.0000,0.0000,1
10 · Hợp thể kéo nắp H,16.6660,7.6150,0.5266,0.0000,0.0000,1
10 · Hợp thể kéo nắp H,16.6674,7.7064,0.5378,0.0000,0.0000,1
10 · Hợp thể kéo nắp H,16.6668,7.5777,0.5175,0.0000,0.0000,1
10 · Hợp thể kéo nắp H,16.6667,7.5978,0.5390,0.0000,0.0000,1
10 · Hợp thể kéo nắp H,16.6662,7.6968,0.5340,0.0000,0.0000,1
10 · Hợp thể kéo nắp H,16.6672,7.4346,0.5585,0.0000,0.0000,1
10 · Hợp thể kéo nắp H,16.6769,7.2680,0.5556,0.0000,0.0000,1
10 · Hợp thể kéo nắp H,16.6666,7.3660,0.5480,0.0000,0.0000,1
10 · Hợp thể kéo nắp H,16.6670,6.9293,0.5685,0.0000,0.0000,1
10 · Hợp thể kéo nắp H,16.6670,6.8665,0.5550,0.0000,0.0000,1
10 · Hợp thể kéo nắp H,16.6668,6.9092,0.5085,0.0000,0.0000,1
10 · Hợp thể kéo nắp H,16.6663,6.9703,0.5270,0.0000,0.0000,1
10 · Hợp thể kéo nắp H,16.6673,6.9868,0.5180,0.0000,0.0000,1
10 · Hợp thể kéo nắp H,16.6674,6.9200,0.5333,0.0000,0.0000,1
10 · Hợp thể kéo nắp H,16.6661,7.3532,0.5359,0.0000,0.0000,1
10 · Hợp thể kéo nắp H,16.6670,7.3051,0.5447,0.0000,0.0000,1
10 · Hợp thể kéo nắp H,16.6667,7.3387,0.5637,0.0000,0.0000,1
10 · Hợp thể kéo nắp H,16.6670,7.4624,0.5722,0.0000,0.0000,1
10 · Hợp thể kéo nắp H,16.6658,7.4457,229.8820,229.2372,0.0000,1
10 · Hợp thể kéo nắp H,250.0152,7.3850,3.0353,0.0000,0.0000,1
10 · Hợp thể kéo nắp H,16.6839,7.5739,0.5585,0.0000,0.0000,1
10 · Hợp thể kéo nắp H,16.6673,7.4534,0.5374,0.0000,0.0000,1
10 · Hợp thể kéo nắp H,16.6676,7.7734,0.5967,0.0000,0.0000,1
10 · Hợp thể kéo nắp H,16.6664,7.8377,0.5958,0.0000,0.0000,1
10 · Hợp thể kéo nắp H,16.6662,7.8236,0.5883,0.0000,0.0000,1
10 · Hợp thể kéo nắp H,16.6669,7.7600,0.5372,0.0000,0.0000,1
10 · Hợp thể kéo nắp H,16.6669,7.7671,0.5375,0.0000,0.0000,1
10 · Hợp thể kéo nắp H,16.6675,7.7026,0.5317,0.0000,0.0000,1
10 · Hợp thể kéo nắp H,16.6668,7.7664,0.5272,0.0000,0.0000,1
10 · Hợp thể kéo nắp H,16.6680,7.5095,0.5407,0.0000,0.0000,1
10 · Hợp thể kéo nắp H,16.6666,7.7182,0.8926,0.0000,0.0000,1
10 · Hợp thể kéo nắp H,16.6734,7.8026,0.7069,0.0000,0.0000,1
10 · Hợp thể kéo nắp H,16.6658,7.8325,0.5952,0.0000,0.0000,1
10 · Hợp thể kéo nắp H,16.6657,7.6776,0.5361,0.0000,0.0000,1
10 · Hợp thể kéo nắp H,16.6671,7.6710,0.5635,0.0000,0.0000,1
10 · Hợp thể kéo nắp H,16.6680,7.7675,0.7128,0.0000,0.0000,1
10 · Hợp thể kéo nắp H,16.6660,7.7406,0.6417,0.0000,0.0000,1
10 · Hợp thể kéo nắp H,16.6655,7.8220,0.5649,0.0000,0.0000,1
10 · Hợp thể kéo nắp H,16.6680,7.6721,0.6916,0.0000,0.0000,1
10 · Hợp thể kéo nắp H,16.6839,7.6532,0.6834,0.0000,0.0000,1
10 · Hợp thể kéo nắp H,16.6672,7.9963,0.6344,0.0000,0.0000,1
10 · Hợp thể kéo nắp H,16.6679,7.7616,0.5656,0.0000,0.0000,1
10 · Hợp thể kéo nắp H,16.6660,7.4587,0.5379,0.0000,0.0000,1
10 · Hợp thể kéo nắp H,16.6685,7.5607,0.6010,0.0000,0.0000,1
10 · Hợp thể kéo nắp H,16.6681,7.7139,0.6480,0.0000,0.0000,1
10 · Hợp thể kéo nắp H,16.6659,7.6196,0.5563,0.0000,0.0000,1
10 · Hợp thể kéo nắp H,16.6669,8.0688,0.5673,0.0000,0.0000,1
10 · Hợp thể kéo nắp H,16.6803,7.8434,0.5534,0.0000,0.0000,1
10 · Hợp thể kéo nắp H,16.6692,8.0427,0.8096,0.0000,0.0000,1
10 · Hợp thể kéo nắp H,16.6642,8.3553,0.5728,0.0000,0.0000,1
10 · Hợp thể kéo nắp H,16.6678,8.3018,0.5711,0.0000,0.0000,1
10 · Hợp thể kéo nắp H,16.6656,8.2537,0.5658,0.0000,0.0000,1
10 · Hợp thể kéo nắp H,16.6675,8.2627,0.5739,0.0000,0.0000,1
10 · Hợp thể kéo nắp H,16.6660,8.2079,0.5383,0.0000,0.0000,1
10 · Hợp thể kéo nắp H,16.6669,8.4190,0.5985,0.0000,0.0000,1
10 · Hợp thể kéo nắp H,16.6668,8.4948,228.8772,228.2152,0.0000,1
10 · Hợp thể kéo nắp H,249.8453,8.7734,3.0129,0.0000,0.0000,1
10 · Hợp thể kéo nắp H,16.6804,8.5414,0.8921,0.0000,0.0000,1
10 · Hợp thể kéo nắp H,16.6682,8.3727,0.7661,0.0000,0.0000,1
10 · Hợp thể kéo nắp H,16.6817,8.4843,0.7675,0.0000,0.0000,1
10 · Hợp thể kéo nắp H,16.6907,8.3803,0.8374,0.0000,0.0000,1
10 · Hợp thể kéo nắp H,16.6648,8.0801,0.5850,0.0000,0.0000,1
10 · Hợp thể kéo nắp H,16.6666,8.6779,0.5450,0.0000,0.0000,1
10 · Hợp thể kéo nắp H,16.6670,8.2598,0.5225,0.0000,0.0000,1
10 · Hợp thể kéo nắp H,16.6664,8.3687,0.7293,0.0000,0.0000,1
10 · Hợp thể kéo nắp H,16.6667,8.3786,0.5496,0.0000,0.0000,1
10 · Hợp thể kéo nắp H,16.6674,8.2784,0.5414,0.0000,0.0000,1
10 · Hợp thể kéo nắp H,16.6667,8.1724,0.8766,0.0000,0.0000,1
10 · Hợp thể kéo nắp H,16.6657,8.3160,0.5285,0.0000,0.0000,1
10 · Hợp thể kéo nắp H,16.6688,8.3877,0.7474,0.0000,0.0000,1
10 · Hợp thể kéo nắp H,16.6655,8.0632,0.5508,0.0000,0.0000,1
10 · Hợp thể kéo nắp H,16.6702,8.1556,0.7130,0.0000,0.0000,1
10 · Hợp thể kéo nắp H,16.6656,8.5772,0.6462,0.0000,0.0000,1
10 · Hợp thể kéo nắp H,16.6658,8.5112,0.5578,0.0000,0.0000,1
10 · Hợp thể kéo nắp H,16.6686,8.1970,0.6396,0.0000,0.0000,1
10 · Hợp thể kéo nắp H,16.6648,8.2698,0.5389,0.0000,0.0000,1
10 · Hợp thể kéo nắp H,16.6759,8.2919,0.5760,0.0000,0.0000,1
10 · Hợp thể kéo nắp H,16.6641,8.3517,0.5748,0.0000,0.0000,1
10 · Hợp thể kéo nắp H,16.6663,8.3580,0.7525,0.0000,0.0000,1
10 · Hợp thể kéo nắp H,16.6699,8.2092,0.8516,0.0000,0.0000,1
10 · Hợp thể kéo nắp H,16.6632,8.1515,0.6138,0.0000,0.0000,1
10 · Hợp thể kéo nắp H,16.6663,8.3938,0.7063,0.0000,0.0000,1
10 · Hợp thể kéo nắp H,16.6728,8.1566,0.8292,0.0000,0.0000,1
10 · Hợp thể kéo nắp H,16.6755,8.3707,0.7470,0.0000,0.0000,1
10 · Hợp thể kéo nắp H,16.6671,8.4803,0.9388,0.0000,0.0000,1
10 · Hợp thể kéo nắp H,16.6657,8.4537,0.5215,0.0000,0.0000,1
10 · Hợp thể kéo nắp H,16.6673,8.4461,0.6088,0.0000,0.0000,1
10 · Hợp thể kéo nắp H,16.6660,8.3488,0.5543,0.0000,0.0000,1
10 · Hợp thể kéo nắp H,16.6670,8.3955,0.7148,0.0000,0.0000,1
10 · Hợp thể kéo nắp H,16.6663,8.5658,0.5607,0.0000,0.0000,1
10 · Hợp thể kéo nắp H,16.6679,8.3255,0.6292,0.0000,0.0000,1
10 · Hợp thể kéo nắp H,16.6664,8.2250,0.5234,0.0000,0.0000,1
10 · Hợp thể kéo nắp H,16.6662,8.3415,227.9193,227.2356,0.0000,1
10 · Hợp thể kéo nắp H,249.7269,8.4840,3.0364,0.0000,0.0000,1
10 · Hợp thể kéo nắp H,16.6662,8.5782,0.5307,0.0000,0.0000,1
10 · Hợp thể kéo nắp H,16.6673,8.4035,0.5859,0.0000,0.0000,1
10 · Hợp thể kéo nắp H,16.6670,8.1627,0.8706,0.0000,0.0000,1
10 · Hợp thể kéo nắp H,16.6702,8.5008,0.6148,0.0000,0.0000,1
10 · Hợp thể kéo nắp H,16.6638,8.3543,0.7069,0.0000,0.0000,1
10 · Hợp thể kéo nắp H,16.6694,8.4155,0.5695,0.0000,0.0000,1
10 · Hợp thể kéo nắp H,16.6631,8.4044,0.5455,0.0000,0.0000,1
10 · Hợp thể kéo nắp H,16.6662,8.3329,0.6661,0.0000,0.0000,1
10 · Hợp thể kéo nắp H,16.6682,8.4323,0.7226,0.0000,0.0000,1
10 · Hợp thể kéo nắp H,16.6695,8.4409,0.8190,0.0000,0.0000,1
10 · Hợp thể kéo nắp H,16.6675,8.2650,0.7732,0.0000,0.0000,1
10 · Hợp thể kéo nắp H,16.6634,8.3773,0.7352,0.0000,0.0000,1
10 · Hợp thể kéo nắp H,16.6668,8.7077,0.6188,0.0000,0.0000,1
10 · Hợp thể kéo nắp H,16.6715,8.4363,0.5855,0.0000,0.0000,1
10 · Hợp thể kéo nắp H,16.6611,8.0797,0.5980,0.0000,0.0000,1
10 · Hợp thể kéo nắp H,16.6664,7.6772,0.5234,0.0000,0.0000,1
10 · Hợp thể kéo nắp H,16.6695,7.6055,0.6158,0.0000,0.0000,1
10 · Hợp thể kéo nắp H,16.6635,7.6416,0.6263,0.0000,0.0000,1
10 · Hợp thể kéo nắp H,16.6684,7.6495,0.7808,0.0000,0.0000,1
10 · Hợp thể kéo nắp H,16.6668,7.5652,0.5581,0.0000,0.0000,1
10 · Hợp thể kéo nắp H,16.6660,7.4675,0.5444,0.0000,0.0000,1
10 · Hợp thể kéo nắp H,16.7287,7.8677,0.5398,0.0000,0.0000,1
10 · Hợp thể kéo nắp H,16.6671,7.7789,0.5160,0.0000,0.0000,1
10 · Hợp thể kéo nắp H,16.6666,7.6218,0.5113,0.0000,0.0000,1
10 · Hợp thể kéo nắp H,16.6686,7.7116,0.6610,0.0000,0.0000,1
10 · Hợp thể kéo nắp H,16.6670,7.2853,0.6671,0.0000,0.0000,1
10 · Hợp thể kéo nắp H,16.6649,7.3225,0.5552,0.0000,0.0000,1
10 · Hợp thể kéo nắp H,16.6669,7.4405,0.5312,0.0000,0.0000,1
10 · Hợp thể kéo nắp H,16.6683,7.2349,0.5585,0.0000,0.0000,1
10 · Hợp thể kéo nắp H,16.6669,7.5374,0.5835,0.0000,0.0000,1
10 · Hợp thể kéo nắp H,16.6653,7.3701,0.5799,0.0000,0.0000,1
10 · Hợp thể kéo nắp H,16.6674,7.3039,0.6332,0.0000,0.0000,1
10 · Hợp thể kéo nắp H,16.6676,7.1892,0.6598,0.0000,0.0000,1
10 · Hợp thể kéo nắp H,16.6671,7.1031,0.7626,0.0000,0.0000,1
10 · Hợp thể kéo nắp H,16.6647,7.1132,0.5503,0.0000,0.0000,1
10 · Hợp thể kéo nắp H,16.6866,7.3897,227.9961,227.3580,0.0000,1
10 · Hợp thể kéo nắp H,250.1535,7.0726,3.2042,0.0000,0.0000,1
10 · Hợp thể kéo nắp H,16.6665,6.8695,0.6023,0.0000,0.0000,1
10 · Hợp thể kéo nắp H,16.6674,6.7562,0.6676,0.0000,0.0000,1
10 · Hợp thể kéo nắp H,16.6668,6.8149,0.7071,0.0000,0.0000,1
10 · Hợp thể kéo nắp H,16.6669,6.9035,1.1245,0.0000,0.0000,1
10 · Hợp thể kéo nắp H,16.6660,6.8670,0.6828,0.0000,0.0000,1
10 · Hợp thể kéo nắp H,16.6668,7.0080,0.7480,0.0000,0.0000,1
10 · Hợp thể kéo nắp H,16.6720,6.6251,0.7042,0.0000,0.0000,1
10 · Hợp thể kéo nắp H,16.6663,6.9225,0.6931,0.0000,0.0000,1
10 · Hợp thể kéo nắp H,16.6669,6.8954,0.6129,0.0000,0.0000,1
10 · Hợp thể kéo nắp H,16.6682,6.8825,0.9915,0.0000,0.0000,1
10 · Hợp thể kéo nắp H,16.6652,6.8590,0.9436,0.0000,0.0000,1
10 · Hợp thể kéo nắp H,16.6889,6.8391,1.0359,0.0000,0.0000,1
10 · Hợp thể kéo nắp H,16.6448,6.9237,0.5750,0.0000,0.0000,1
10 · Hợp thể kéo nắp H,16.6681,6.8665,0.8839,0.0000,0.0000,1
10 · Hợp thể kéo nắp H,16.6656,6.8899,0.6924,0.0000,0.0000,1
10 · Hợp thể kéo nắp H,16.6663,6.9561,0.6254,0.0000,0.0000,1
10 · Hợp thể kéo nắp H,16.6670,6.6809,0.8300,0.0000,0.0000,1
10 · Hợp thể kéo nắp H,16.6663,6.9189,0.5245,0.0000,0.0000,1
10 · Hợp thể kéo nắp H,16.6680,6.7803,0.8196,0.0000,0.0000,1
10 · Hợp thể kéo nắp H,16.6657,7.4198,0.5391,0.0000,0.0000,1
10 · Hợp thể kéo nắp H,16.6670,7.2374,0.7313,0.0000,0.0000,1
10 · Hợp thể kéo nắp H,16.6677,7.1550,0.8625,0.0000,0.0000,1
10 · Hợp thể kéo nắp H,16.6689,7.6123,0.6685,0.0000,0.0000,1
10 · Hợp thể kéo nắp H,16.6650,7.5146,0.7936,0.0000,0.0000,1
10 · Hợp thể kéo nắp H,16.6887,7.4816,0.9042,0.0000,0.0000,1
10 · Hợp thể kéo nắp H,16.6467,7.5644,0.6250,0.0000,0.0000,1
10 · Hợp thể kéo nắp H,16.6668,8.2282,0.6597,0.0000,0.0000,1
10 · Hợp thể kéo nắp H,16.6683,7.8996,0.6294,0.0000,0.0000,1
10 · Hợp thể kéo nắp H,16.6650,8.1848,0.7255,0.0000,0.0000,1
10 · Hợp thể kéo nắp H,16.6688,7.8052,0.7119,0.0000,0.0000,1
10 · Hợp thể kéo nắp H,16.6863,7.7009,0.6105,0.0000,0.0000,1
10 · Hợp thể kéo nắp H,16.6650,7.8589,0.6565,0.0000,0.0000,1
10 · Hợp thể kéo nắp H,16.6720,8.1586,0.6405,0.0000,0.0000,1
10 · Hợp thể kéo nắp H,16.6609,7.7406,0.5456,0.0000,0.0000,1
10 · Hợp thể kéo nắp H,16.6669,7.8244,0.6272,0.0000,0.0000,1
10 · Hợp thể kéo nắp H,16.6674,7.8757,230.8417,230.1155,0.0000,1
10 · Hợp thể kéo nắp H,249.8183,8.5268,3.2924,0.0000,0.0000,1
10 · Hợp thể kéo nắp H,33.4594,8.3008,1.1336,0.0000,0.0000,1
10 · Hợp thể kéo nắp H,16.6656,8.0537,0.6239,0.0000,0.0000,1
10 · Hợp thể kéo nắp H,16.6689,8.3331,0.6210,0.0000,0.0000,1
10 · Hợp thể kéo nắp H,16.6666,8.1768,0.5943,0.0000,0.0000,1
10 · Hợp thể kéo nắp H,16.6651,8.1752,0.5363,0.0000,0.0000,1
10 · Hợp thể kéo nắp H,16.6692,7.9723,0.6294,0.0000,0.0000,1
10 · Hợp thể kéo nắp H,16.6669,8.0875,0.7389,0.0000,0.0000,1
10 · Hợp thể kéo nắp H,16.6711,8.2148,0.6296,0.0000,0.0000,1
10 · Hợp thể kéo nắp H,16.6663,8.1756,0.6106,0.0000,0.0000,1
10 · Hợp thể kéo nắp H,16.6678,8.3442,0.6115,0.0000,0.0000,1
10 · Hợp thể kéo nắp H,16.6681,8.3316,0.6200,0.0000,0.0000,1
10 · Hợp thể kéo nắp H,16.6652,8.2192,0.5909,0.0000,0.0000,1
10 · Hợp thể kéo nắp H,16.6656,8.2623,0.6187,0.0000,0.0000,1
10 · Hợp thể kéo nắp H,16.6669,8.1926,0.5783,0.0000,0.0000,1
10 · Hợp thể kéo nắp H,16.6666,8.3286,0.5690,0.0000,0.0000,1
10 · Hợp thể kéo nắp H,16.6668,8.1996,0.5506,0.0000,0.0000,1
10 · Hợp thể kéo nắp H,16.6665,8.1325,0.5829,0.0000,0.0000,1
10 · Hợp thể kéo nắp H,16.6676,8.1495,0.5773,0.0000,0.0000,1
10 · Hợp thể kéo nắp H,16.6667,7.9899,0.5554,0.0000,0.0000,1
11 · Thoát ra ngoài,16.6677,8.3644,0.5989,457.8758,0.6669,1
11 · Thoát ra ngoài,483.2825,8.0877,4.6128,0.0000,0.0000,1
11 · Thoát ra ngoài,33.3382,7.8693,1.4018,0.0000,0.0000,1
11 · Thoát ra ngoài,16.6673,8.0657,0.7029,0.0000,0.0000,1
11 · Thoát ra ngoài,16.6657,7.9155,0.7502,0.0000,0.0000,1
11 · Thoát ra ngoài,16.6677,8.1446,0.7413,0.0000,0.0000,1
11 · Thoát ra ngoài,16.6672,7.8554,0.7919,0.0000,0.0000,1
11 · Thoát ra ngoài,16.6666,7.7700,0.7587,0.0000,0.0000,1
11 · Thoát ra ngoài,16.6660,8.1811,0.7133,0.0000,0.0000,1
11 · Thoát ra ngoài,16.6678,8.1565,0.8561,0.0000,0.0000,1
11 · Thoát ra ngoài,16.6660,7.6487,0.8530,0.0000,0.0000,1
11 · Thoát ra ngoài,16.6670,7.6714,0.7544,0.0000,0.0000,1
11 · Thoát ra ngoài,16.6668,8.0475,0.7534,0.0000,0.0000,1
11 · Thoát ra ngoài,16.6680,7.6274,0.8283,0.0000,0.0000,1
11 · Thoát ra ngoài,16.6656,7.7161,0.7722,0.0000,0.0000,1
11 · Thoát ra ngoài,16.6666,7.7867,0.7181,0.0000,0.0000,1
11 · Thoát ra ngoài,16.6667,7.7040,0.7618,0.0000,0.0000,1
11 · Thoát ra ngoài,16.6691,7.7329,0.7883,0.0000,0.0000,1
11 · Thoát ra ngoài,16.6634,7.6688,0.7673,0.0000,0.0000,1
11 · Thoát ra ngoài,16.6668,7.7511,0.8649,0.0000,0.0000,1
11 · Thoát ra ngoài,16.6680,7.6079,0.9083,0.0000,0.0000,1
11 · Thoát ra ngoài,16.6683,7.7502,0.8471,0.0000,0.0000,1
11 · Thoát ra ngoài,16.6655,8.0130,0.7325,0.0000,0.0000,1
11 · Thoát ra ngoài,16.6660,7.7526,0.7362,0.0000,0.0000,1
11 · Thoát ra ngoài,16.6664,7.6100,0.7362,0.0000,0.0000,1
11 · Thoát ra ngoài,16.6675,7.5035,1.0243,0.0000,0.0000,1
11 · Thoát ra ngoài,16.6683,7.5477,0.8239,0.0000,0.0000,1
11 · Thoát ra ngoài,16.6655,7.8540,0.7743,0.0000,0.0000,1
11 · Thoát ra ngoài,16.6663,7.5996,0.8287,0.0000,0.0000,1
11 · Thoát ra ngoài,16.6698,7.3777,0.9529,0.0000,0.0000,1
11 · Thoát ra ngoài,16.6670,7.5626,0.8259,0.0000,0.0000,1
11 · Thoát ra ngoài,16.6673,7.4210,0.7991,0.0000,0.0000,1
11 · Thoát ra ngoài,16.6667,7.3073,0.7639,0.0000,0.0000,1
11 · Thoát ra ngoài,16.6671,7.5617,0.8367,0.0000,0.0000,1
11 · Thoát ra ngoài,16.6754,7.5470,0.8443,0.0000,0.0000,1
11 · Thoát ra ngoài,16.6674,7.4142,0.8587,0.0000,0.0000,1
11 · Thoát ra ngoài,16.6634,7.2817,0.7232,0.0000,0.0000,1
11 · Thoát ra ngoài,16.6677,7.4957,0.7794,0.0000,0.0000,1
11 · Thoát ra ngoài,16.6668,7.6806,0.8484,0.0000,0.0000,1
11 · Thoát ra ngoài,16.6658,7.5522,0.7134,0.0000,0.0000,1
11 · Thoát ra ngoài,16.6681,7.4557,0.8226,0.0000,0.0000,1
11 · Thoát ra ngoài,16.6666,7.7382,0.7545,0.0000,0.0000,1
11 · Thoát ra ngoài,16.6658,7.7852,0.7958,0.0000,0.0000,1
11 · Thoát ra ngoài,16.6664,7.6767,0.7219,0.0000,0.0000,1
11 · Thoát ra ngoài,16.6679,7.7761,0.7136,0.0000,0.0000,1
11 · Thoát ra ngoài,16.6664,8.0889,0.8052,0.0000,0.0000,1
11 · Thoát ra ngoài,16.6682,7.6680,0.9628,0.0000,0.0000,1
11 · Thoát ra ngoài,16.6651,7.9958,0.7430,0.0000,0.0000,1
11 · Thoát ra ngoài,16.6674,7.4281,0.8065,0.0000,0.0000,1
11 · Thoát ra ngoài,16.6660,8.1702,1.3570,0.0000,0.0000,1
11 · Thoát ra ngoài,16.6658,7.6156,0.9991,0.0000,0.0000,1
11 · Thoát ra ngoài,16.6677,7.4498,0.9232,0.0000,0.0000,1
11 · Thoát ra ngoài,16.6675,7.5440,0.9210,0.0000,0.0000,1
11 · Thoát ra ngoài,16.6660,7.6545,0.9312,0.0000,0.0000,1
11 · Thoát ra ngoài,16.6667,7.8117,0.9818,0.0000,0.0000,1
11 · Thoát ra ngoài,16.6690,7.5698,1.1860,0.0000,0.0000,1
11 · Thoát ra ngoài,16.6666,7.3339,0.9075,0.0000,0.0000,1
11 · Thoát ra ngoài,16.7213,7.5909,0.9561,0.0000,0.0000,1
11 · Thoát ra ngoài,16.6668,7.6120,0.9145,0.0000,0.0000,1
11 · Thoát ra ngoài,16.6678,7.2672,1.1286,0.0000,0.0000,1
11 · Thoát ra ngoài,16.6650,6.8757,1.0286,0.0000,0.0000,1
11 · Thoát ra ngoài,16.6667,6.8320,1.0609,0.0000,0.0000,1
11 · Thoát ra ngoài,16.6668,7.1377,1.1606,0.0000,0.0000,1
11 · Thoát ra ngoài,16.6680,7.0088,1.2165,0.0000,0.0000,1
11 · Thoát ra ngoài,16.6663,6.9241,1.2510,0.0000,0.0000,1
11 · Thoát ra ngoài,16.6915,6.8410,1.4828,0.0000,0.0000,1
11 · Thoát ra ngoài,16.6550,6.7040,1.3204,0.0000,0.0000,1
11 · Thoát ra ngoài,16.6657,6.6504,1.4303,0.0000,0.0000,1
11 · Thoát ra ngoài,16.6666,6.4427,1.5210,0.0000,0.0000,1
11 · Thoát ra ngoài,16.6661,6.2123,1.3481,0.0000,0.0000,1
11 · Thoát ra ngoài,16.6668,6.2740,1.5262,0.0000,0.0000,1
11 · Thoát ra ngoài,16.6667,6.0911,1.3674,0.0000,0.0000,1
11 · Thoát ra ngoài,16.6677,6.4524,1.7710,0.0000,0.0000,1
11 · Thoát ra ngoài,16.7695,6.2556,1.5325,0.0000,0.0000,1
11 · Thoát ra ngoài,16.5654,6.3810,1.6579,0.0000,0.0000,1
11 · Thoát ra ngoài,16.7025,6.2945,1.4419,0.0000,0.0000,1
11 · Thoát ra ngoài,16.6631,6.0565,1.5612,0.0000,0.0000,1
11 · Thoát ra ngoài,16.6671,5.9848,2.4482,0.0000,0.0000,1
11 · Thoát ra ngoài,16.6659,6.0705,5.9803,0.0000,0.0000,1
11 · Thoát ra ngoài,16.6660,6.0485,6.3110,0.0000,0.0000,1
11 · Thoát ra ngoài,16.6794,5.9626,5.8343,0.0000,0.0000,1
11 · Thoát ra ngoài,16.6708,5.7366,5.8577,0.0000,0.0000,1
11 · Thoát ra ngoài,16.6711,5.8543,6.1076,0.0000,0.0000,1
11 · Thoát ra ngoài,16.6800,5.8542,6.2378,0.0000,0.0000,1
11 · Thoát ra ngoài,16.6790,5.5968,6.0957,0.0000,0.0000,1
11 · Thoát ra ngoài,16.6756,5.7693,5.5285,0.0000,0.0000,1
11 · Thoát ra ngoài,16.6916,5.6883,5.4041,0.0000,0.0000,1
11 · Thoát ra ngoài,16.6691,5.7928,5.1238,0.0000,0.0000,1
11 · Thoát ra ngoài,16.6678,6.0715,5.4546,0.0000,0.0000,1
11 · Thoát ra ngoài,16.6658,5.9083,5.3804,0.0000,0.0000,1
11 · Thoát ra ngoài,16.6667,6.0221,5.1852,0.0000,0.0000,1
11 · Thoát ra ngoài,16.6914,5.6747,5.6552,0.0000,0.0000,1
11 · Thoát ra ngoài,16.6832,5.6971,4.7817,0.0000,0.0000,1
11 · Thoát ra ngoài,16.6669,5.7266,4.8899,0.0000,0.0000,1
11 · Thoát ra ngoài,16.6680,5.6446,4.5122,0.0000,0.0000,1
11 · Thoát ra ngoài,16.6655,5.8287,4.6177,0.0000,0.0000,1
11 · Thoát ra ngoài,16.6793,5.7650,4.5833,0.0000,0.0000,1
11 · Thoát ra ngoài,16.6670,5.6819,4.4563,0.0000,0.0000,1
11 · Thoát ra ngoài,16.6748,5.7331,4.3053,0.0000,0.0000,1
11 · Thoát ra ngoài,16.6628,5.8723,4.7578,0.0000,0.0000,1
11 · Thoát ra ngoài,16.6658,5.7799,4.4717,0.0000,0.0000,1
11 · Thoát ra ngoài,16.6768,5.6680,4.0575,0.0000,0.0000,1
11 · Thoát ra ngoài,16.6651,5.6385,4.0524,0.0000,0.0000,1
11 · Thoát ra ngoài,16.6689,5.5383,4.0005,0.0000,0.0000,1
11 · Thoát ra ngoài,16.6641,5.5021,3.9201,0.0000,0.0000,1
11 · Thoát ra ngoài,16.6675,5.5753,3.9818,0.0000,0.0000,1
11 · Thoát ra ngoài,16.6679,5.4400,3.9066,0.0000,0.0000,1
11 · Thoát ra ngoài,16.6691,5.3184,3.8395,0.0000,0.0000,1
11 · Thoát ra ngoài,16.6641,5.5532,4.1915,0.0000,0.0000,1
11 · Thoát ra ngoài,16.6661,5.6313,3.9510,0.0000,0.0000,1
11 · Thoát ra ngoài,16.6663,5.3868,3.7112,0.0000,0.0000,1
11 · Thoát ra ngoài,16.6659,5.5116,3.7411,0.0000,0.0000,1
11 · Thoát ra ngoài,16.6700,5.2543,3.5055,0.0000,0.0000,1
11 · Thoát ra ngoài,16.6809,5.1015,3.5050,0.0000,0.0000,1
11 · Thoát ra ngoài,16.6646,5.2145,3.5621,0.0000,0.0000,1
11 · Thoát ra ngoài,16.6691,5.3993,3.2631,0.0000,0.0000,1
11 · Thoát ra ngoài,16.6663,5.2542,2.9602,0.0000,0.0000,1
11 · Thoát ra ngoài,16.6654,5.4010,2.5516,0.0000,0.0000,1
11 · Thoát ra ngoài,16.6662,5.2298,2.6073,0.0000,0.0000,1
11 · Thoát ra ngoài,16.6685,5.2593,2.6849,0.0000,0.0000,1
11 · Thoát ra ngoài,16.6650,5.2361,2.4463,0.0000,0.0000,1
11 · Thoát ra ngoài,16.6665,5.1512,2.2439,0.0000,0.0000,1
11 · Thoát ra ngoài,16.6667,5.4056,2.0133,0.0000,0.0000,1
11 · Thoát ra ngoài,16.6664,5.2277,1.9852,0.0000,0.0000,1
11 · Thoát ra ngoài,16.6673,5.2839,1.9803,0.0000,0.0000,1
11 · Thoát ra ngoài,16.6779,5.0880,2.0389,0.0000,0.0000,1
11 · Thoát ra ngoài,16.6675,5.3370,1.9552,0.0000,0.0000,1
11 · Thoát ra ngoài,16.6660,5.0776,2.3787,0.0000,0.0000,1
11 · Thoát ra ngoài,16.6666,4.9323,2.4437,0.0000,0.0000,1
11 · Thoát ra ngoài,16.7142,4.8914,2.3092,0.0000,0.0000,1
11 · Thoát ra ngoài,16.7188,4.8281,2.1623,0.0000,0.0000,1
11 · Thoát ra ngoài,16.7110,4.7893,1.8654,0.0000,0.0000,1
11 · Thoát ra ngoài,16.6388,4.7566,1.7507,0.0000,0.0000,1
11 · Thoát ra ngoài,16.6931,4.7915,1.4810,0.0000,0.0000,1
11 · Thoát ra ngoài,16.6683,4.9117,1.4164,0.0000,0.0000,1
11 · Thoát ra ngoài,16.6653,5.2124,1.0723,0.0000,0.0000,1
11 · Thoát ra ngoài,16.6671,5.2034,1.1192,0.0000,0.0000,1
11 · Thoát ra ngoài,16.6658,4.8245,1.0856,0.0000,0.0000,1
11 · Thoát ra ngoài,16.7835,4.8907,1.0020,0.0000,0.0000,1
11 · Thoát ra ngoài,16.6755,4.6587,0.7530,0.0000,0.0000,1
11 · Thoát ra ngoài,16.6765,6.4451,3.4140,0.0000,0.0000,1
11 · Thoát ra ngoài,16.7345,4.1295,0.2107,0.0000,0.0000,1
11 · Thoát ra ngoài,16.6670,3.9648,0.2888,0.0000,0.0000,1
11 · Thoát ra ngoài,16.6673,3.9525,0.2602,0.0000,0.0000,1
11 · Thoát ra ngoài,16.6661,3.8395,0.2006,0.0000,0.0000,1
11 · Thoát ra ngoài,16.6670,3.8030,0.2608,0.0000,0.0000,1
11 · Thoát ra ngoài,16.6665,3.9082,0.2029,0.0000,0.0000,1
11 · Thoát ra ngoài,16.6690,3.7656,0.2380,0.0000,0.0000,1
11 · Thoát ra ngoài,16.6665,3.9044,0.2734,0.0000,0.0000,1
11 · Thoát ra ngoài,16.6665,4.1641,0.3016,0.0000,0.0000,1
11 · Thoát ra ngoài,16.6653,3.8520,0.2162,0.0000,0.0000,1
11 · Thoát ra ngoài,16.6670,3.9339,0.2676,0.0000,0.0000,1
11 · Thoát ra ngoài,16.6669,3.8514,0.3181,0.0000,0.0000,1
11 · Thoát ra ngoài,16.6681,3.9641,0.3282,0.0000,0.0000,1
11 · Thoát ra ngoài,16.7247,3.7863,0.2330,0.0000,0.0000,1
11 · Thoát ra ngoài,16.6710,3.8671,0.3491,0.0000,0.0000,1
11 · Thoát ra ngoài,16.6660,3.9754,0.2674,0.0000,0.0000,1
11 · Thoát ra ngoài,16.6653,3.9764,0.2414,0.0000,0.0000,1
11 · Thoát ra ngoài,16.6647,3.8156,0.3032,0.0000,0.0000,1
11 · Thoát ra ngoài,16.6698,3.7596,0.3412,0.0000,0.0000,1
11 · Thoát ra ngoài,16.7209,3.7875,0.3357,0.0000,0.0000,1
11 · Thoát ra ngoài,16.6658,3.7738,0.3086,0.0000,0.0000,1
11 · Thoát ra ngoài,16.7561,3.7122,0.2887,0.0000,0.0000,1
11 · Thoát ra ngoài,16.6700,3.8467,0.2817,0.0000,0.0000,1
11 · Thoát ra ngoài,16.6660,3.7577,0.2504,0.0000,0.0000,1
11 · Thoát ra ngoài,16.7445,3.9150,0.2875,0.0000,0.0000,1
11 · Thoát ra ngoài,16.6701,3.8656,0.3486,0.0000,0.0000,1
11 · Thoát ra ngoài,16.6832,3.7561,0.2621,0.0000,0.0000,1
11 · Thoát ra ngoài,16.6896,3.9070,0.3303,0.0000,0.0000,1
11 · Thoát ra ngoài,16.7130,3.7227,0.2639,0.0000,0.0000,1
11 · Thoát ra ngoài,16.7136,3.8259,0.2810,0.0000,0.0000,1
11 · Thoát ra ngoài,16.7963,3.7451,0.2821,0.0000,0.0000,1
11 · Thoát ra ngoài,16.8077,4.1160,0.2784,0.0000,0.0000,1
11 · Thoát ra ngoài,16.7687,3.7684,0.4502,0.0000,0.0000,1
11 · Thoát ra ngoài,16.7579,3.8200,0.3368,0.0000,0.0000,1
11 · Thoát ra ngoài,16.7925,3.8218,0.2805,0.0000,0.0000,1
11 · Thoát ra ngoài,16.7823,3.7436,0.2998,0.0000,0.0000,1
11 · Thoát ra ngoài,16.7830,3.7120,0.2804,0.0000,0.0000,1
11 · Thoát ra ngoài,16.8143,3.8359,0.2727,0.0000,0.0000,1
11 · Thoát ra ngoài,16.8171,3.7533,0.3219,0.0000,0.0000,1
11 · Thoát ra ngoài,16.8488,3.8645,0.2386,0.0000,0.0000,1
11 · Thoát ra ngoài,16.8668,3.7313,0.3191,0.0000,0.0000,1
11 · Thoát ra ngoài,16.9096,3.8691,0.2660,0.0000,0.0000,1
11 · Thoát ra ngoài,16.9160,4.0148,0.2399,0.0000,0.0000,1
11 · Thoát ra ngoài,16.9588,3.7092,0.2591,0.0000,0.0000,1
11 · Thoát ra ngoài,16.9973,3.7452,0.4128,0.0000,0.0000,1
11 · Thoát ra ngoài,17.0556,4.0442,0.2556,0.0000,0.0000,1
11 · Thoát ra ngoài,17.1636,3.8857,0.2609,0.0000,0.0000,1
11 · Thoát ra ngoài,17.1638,3.9638,0.2696,0.0000,0.0000,1
11 · Thoát ra ngoài,17.2795,3.6973,0.2590,0.0000,0.0000,1
11 · Thoát ra ngoài,17.3134,4.0896,0.2525,0.0000,0.0000,1
11 · Thoát ra ngoài,17.4301,3.6420,0.3585,0.0000,0.0000,1
11 · Thoát ra ngoài,17.5330,3.8487,0.6037,0.0000,0.0000,1
11 · Thoát ra ngoài,17.5835,3.7925,0.2882,0.0000,0.0000,1
11 · Thoát ra ngoài,17.5789,3.7331,0.3208,0.0000,0.0000,1
11 · Thoát ra ngoài,17.0975,3.7081,0.3396,0.0000,0.0000,1
11 · Thoát ra ngoài,17.5724,3.7158,0.2995,0.0000,0.0000,1
11 · Thoát ra ngoài,22.1533,3.7563,0.4419,0.0000,0.0000,1
11 · Thoát ra ngoài,16.6672,3.8682,0.2758,0.0000,0.0000,1
11 · Thoát ra ngoài,16.6767,3.9665,0.2491,0.0000,0.0000,1
11 · Thoát ra ngoài,16.6772,3.7913,0.2986,0.0000,0.0000,1
11 · Thoát ra ngoài,16.6666,3.8065,0.4332,0.0000,0.0000,1
11 · Thoát ra ngoài,16.6665,3.9753,0.3630,0.0000,0.0000,1
11 · Thoát ra ngoài,16.8013,4.0460,0.2578,0.0000,0.0000,1
11 · Thoát ra ngoài,16.6680,3.7611,0.4337,0.0000,0.0000,1
11 · Thoát ra ngoài,16.6658,3.7041,0.8459,0.0000,0.0000,1
11 · Thoát ra ngoài,16.6675,3.8149,0.3980,0.0000,0.0000,1
11 · Thoát ra ngoài,16.6667,3.7526,0.2940,0.0000,0.0000,1
11 · Thoát ra ngoài,16.6794,3.8852,0.3353,0.0000,0.0000,1
11 · Thoát ra ngoài,16.6663,4.0534,0.2704,0.0000,0.0000,1
11 · Thoát ra ngoài,16.6659,4.0439,0.3193,0.0000,0.0000,1
11 · Thoát ra ngoài,16.6677,4.2673,0.2562,0.0000,0.0000,1
11 · Thoát ra ngoài,16.6687,4.0249,0.3020,0.0000,0.0000,1
11 · Thoát ra ngoài,16.6646,3.8674,0.2815,0.0000,0.0000,1
11 · Thoát ra ngoài,16.6666,3.8438,0.4363,0.0000,0.0000,1
11 · Thoát ra ngoài,16.6723,3.7329,0.3096,0.0000,0.0000,1
11 · Thoát ra ngoài,16.6622,3.8501,0.3373,0.0000,0.0000,1
11 · Thoát ra ngoài,16.6656,3.8464,0.3953,0.0000,0.0000,1
11 · Thoát ra ngoài,16.6676,4.1287,0.2728,0.0000,0.0000,1
11 · Thoát ra ngoài,16.6669,4.2574,0.2698,0.0000,0.0000,1
11 · Thoát ra ngoài,16.6669,3.8648,0.3952,0.0000,0.0000,1
11 · Thoát ra ngoài,16.6662,4.1298,0.3900,0.0000,0.0000,1
11 · Thoát ra ngoài,16.6703,3.6432,0.7406,0.0000,0.0000,1
11 · Thoát ra ngoài,16.6639,3.7915,0.3375,0.0000,0.0000,1
11 · Thoát ra ngoài,16.6667,4.0102,0.4358,0.0000,0.0000,1
11 · Thoát ra ngoài,16.6685,4.0709,0.3900,0.0000,0.0000,1
11 · Thoát ra ngoài,16.6638,4.0735,0.3413,0.0000,0.0000,1
11 · Thoát ra ngoài,16.6677,4.1199,0.2503,0.0000,0.0000,1
11 · Thoát ra ngoài,16.6658,3.9460,0.2469,0.0000,0.0000,1
11 · Thoát ra ngoài,16.6668,4.2323,0.2542,0.0000,0.0000,1
11 · Thoát ra ngoài,16.6666,3.8634,0.2448,0.0000,0.0000,1
11 · Thoát ra ngoài,16.6669,3.6666,0.3220,0.0000,0.0000,1
11 · Thoát ra ngoài,16.6660,3.7265,0.2761,0.0000,0.0000,1
11 · Thoát ra ngoài,16.6698,3.7676,0.2660,0.0000,0.0000,1
11 · Thoát ra ngoài,16.6641,3.6917,0.2624,0.0000,0.0000,1
11 · Thoát ra ngoài,16.6681,3.7635,0.2484,0.0000,0.0000,1
11 · Thoát ra ngoài,16.6660,3.7058,0.2870,0.0000,0.0000,1
11 · Thoát ra ngoài,16.6671,3.6903,0.3712,0.0000,0.0000,1
11 · Thoát ra ngoài,16.6735,3.8823,0.3441,0.0000,0.0000,1
11 · Thoát ra ngoài,16.6650,3.8027,0.4718,0.0000,0.0000,1
11 · Thoát ra ngoài,16.6679,3.8024,0.4529,0.0000,0.0000,1
11 · Thoát ra ngoài,16.6668,3.8250,0.3214,0.0000,0.0000,1
11 · Thoát ra ngoài,16.6660,3.9660,0.3212,0.0000,0.0000,1
11 · Thoát ra ngoài,16.6664,3.8173,0.2787,0.0000,0.0000,1
11 · Thoát ra ngoài,16.6670,4.0423,0.3327,0.0000,0.0000,1
11 · Thoát ra ngoài,16.6656,4.0532,0.2659,0.0000,0.0000,1
11 · Thoát ra ngoài,16.6688,3.8007,0.4313,0.0000,0.0000,1
11 · Thoát ra ngoài,16.6645,3.9925,0.3372,0.0000,0.0000,1
11 · Thoát ra ngoài,16.6690,3.7963,0.3766,0.0000,0.0000,1
11 · Thoát ra ngoài,16.6645,4.0311,0.2781,0.0000,0.0000,1
11 · Thoát ra ngoài,16.6674,3.9106,0.4995,0.0000,0.0000,1
11 · Thoát ra ngoài,16.6675,3.9062,0.3451,0.0000,0.0000,1
11 · Thoát ra ngoài,16.6648,4.1899,0.2426,0.0000,0.0000,1
11 · Thoát ra ngoài,16.6677,3.6588,0.3134,0.0000,0.0000,1
11 · Thoát ra ngoài,16.6665,3.8641,0.3232,0.0000,0.0000,1
11 · Thoát ra ngoài,16.6663,4.2507,0.2900,0.0000,0.0000,1
11 · Thoát ra ngoài,16.6690,3.7477,0.3324,0.0000,0.0000,1
11 · Thoát ra ngoài,16.7492,3.5510,0.3570,0.0000,0.0000,1
11 · Thoát ra ngoài,16.6639,3.9263,0.2707,0.0000,0.0000,1
11 · Thoát ra ngoài,16.6671,4.0932,0.2420,0.0000,0.0000,1
11 · Thoát ra ngoài,16.6665,3.8240,0.2468,0.0000,0.0000,1
11 · Thoát ra ngoài,16.6682,3.8708,0.3804,0.0000,0.0000,1
11 · Thoát ra ngoài,16.6909,3.7686,0.3031,0.0000,0.0000,1
11 · Thoát ra ngoài,16.6667,3.7133,0.2471,0.0000,0.0000,1
11 · Thoát ra ngoài,16.6679,3.6645,0.3387,0.0000,0.0000,1
11 · Thoát ra ngoài,16.6676,3.8596,0.3964,0.0000,0.0000,1
11 · Thoát ra ngoài,16.6677,3.8038,0.3309,0.0000,0.0000,1
11 · Thoát ra ngoài,16.6651,3.8359,0.2695,0.0000,0.0000,1
11 · Thoát ra ngoài,16.6648,3.6908,0.2471,0.0000,0.0000,1
11 · Thoát ra ngoài,16.6670,4.0187,0.2490,0.0000,0.0000,1
11 · Thoát ra ngoài,16.6667,3.7758,0.3126,0.0000,0.0000,1
11 · Thoát ra ngoài,16.6669,3.7107,0.2588,0.0000,0.0000,1
11 · Thoát ra ngoài,16.6663,3.7859,0.2604,0.0000,0.0000,1
11 · Thoát ra ngoài,16.6700,3.7020,0.4059,0.0000,0.0000,1
11 · Thoát ra ngoài,16.6905,3.6785,0.2777,0.0000,0.0000,1
11 · Thoát ra ngoài,16.6665,3.6105,0.2838,0.0000,0.0000,1
11 · Thoát ra ngoài,16.6651,3.9198,0.2406,0.0000,0.0000,1
11 · Thoát ra ngoài,16.6682,3.7963,0.2840,0.0000,0.0000,1
11 · Thoát ra ngoài,16.6658,3.8021,0.2705,0.0000,0.0000,1
11 · Thoát ra ngoài,16.6675,3.6651,0.2805,0.0000,0.0000,1
11 · Thoát ra ngoài,16.6678,3.7433,0.2562,0.0000,0.0000,1
11 · Thoát ra ngoài,16.6652,3.7428,0.2563,0.0000,0.0000,1
11 · Thoát ra ngoài,16.6665,3.7021,0.2623,0.0000,0.0000,1
11 · Thoát ra ngoài,16.6673,4.0746,0.2766,0.0000,0.0000,1
11 · Thoát ra ngoài,16.7075,3.7676,0.4219,0.0000,0.0000,1
11 · Thoát ra ngoài,16.6651,3.6656,0.2670,0.0000,0.0000,1
11 · Thoát ra ngoài,16.6680,3.9328,0.2799,0.0000,0.0000,1
11 · Thoát ra ngoài,16.6650,4.0733,0.3366,0.0000,0.0000,1
11 · Thoát ra ngoài,16.6668,3.7360,0.2458,0.0000,0.0000,1
11 · Thoát ra ngoài,16.6682,3.9118,0.3426,0.0000,0.0000,1
11 · Thoát ra ngoài,16.6672,4.0526,0.2621,0.0000,0.0000,1
11 · Thoát ra ngoài,16.6657,3.7864,0.2541,0.0000,0.0000,1
11 · Thoát ra ngoài,16.6703,3.9593,0.2643,0.0000,0.0000,1
11 · Thoát ra ngoài,16.6640,4.0656,0.2715,0.0000,0.0000,1
11 · Thoát ra ngoài,16.6665,3.7664,0.2493,0.0000,0.0000,1
11 · Thoát ra ngoài,16.6657,3.6489,0.3997,0.0000,0.0000,1
11 · Thoát ra ngoài,16.6665,3.6898,0.3481,0.0000,0.0000,1
11 · Thoát ra ngoài,16.6675,3.7757,0.2779,0.0000,0.0000,1
11 · Thoát ra ngoài,16.6668,3.8756,0.2797,0.0000,0.0000,1
11 · Thoát ra ngoài,16.6760,3.7174,0.2756,0.0000,0.0000,1
11 · Thoát ra ngoài,16.6838,3.7466,0.3536,0.0000,0.0000,1
11 · Thoát ra ngoài,16.6688,4.0209,0.2666,0.0000,0.0000,1
11 · Thoát ra ngoài,16.6904,3.7157,0.2442,0.0000,0.0000,1
11 · Thoát ra ngoài,16.6666,3.8252,0.2690,0.0000,0.0000,1
11 · Thoát ra ngoài,16.6665,3.8430,0.2696,0.0000,0.0000,1
11 · Thoát ra ngoài,16.6660,3.9522,0.2476,0.0000,0.0000,1
11 · Thoát ra ngoài,16.6669,3.9258,0.2531,0.0000,0.0000,1
11 · Thoát ra ngoài,16.6674,3.7747,0.2526,0.0000,0.0000,1
11 · Thoát ra ngoài,16.6892,3.6535,0.2439,0.0000,0.0000,1
11 · Thoát ra ngoài,16.6648,3.9324,0.2663,0.0000,0.0000,1
11 · Thoát ra ngoài,16.6664,3.7350,0.2453,0.0000,0.0000,1
11 · Thoát ra ngoài,16.6843,3.6722,0.2480,0.0000,0.0000,1
11 · Thoát ra ngoài,16.6667,3.6549,0.2581,0.0000,0.0000,1
11 · Thoát ra ngoài,16.6667,3.6940,0.2802,0.0000,0.0000,1
11 · Thoát ra ngoài,16.6672,3.8447,0.2553,0.0000,0.0000,1
11 · Thoát ra ngoài,16.6660,4.0137,0.2560,0.0000,0.0000,1
11 · Thoát ra ngoài,16.6675,3.7206,0.2712,0.0000,0.0000,1
11 · Thoát ra ngoài,16.6663,3.9796,0.2618,0.0000,0.0000,1
11 · Thoát ra ngoài,16.6677,3.9030,0.3117,0.0000,0.0000,1
11 · Thoát ra ngoài,16.7158,3.9434,0.2815,0.0000,0.0000,1
11 · Thoát ra ngoài,16.6708,3.7132,0.2881,0.0000,0.0000,1
11 · Thoát ra ngoài,16.6637,3.9268,0.2921,0.0000,0.0000,1
11 · Thoát ra ngoài,16.6661,3.9828,0.2721,0.0000,0.0000,1
11 · Thoát ra ngoài,16.6666,3.9469,0.2590,0.0000,0.0000,1
11 · Thoát ra ngoài,16.6665,3.8351,0.2871,0.0000,0.0000,1
11 · Thoát ra ngoài,16.6676,3.7746,0.3861,0.0000,0.0000,1
11 · Thoát ra ngoài,16.6738,3.8109,0.4259,0.0000,0.0000,1
11 · Thoát ra ngoài,16.6764,3.7367,0.2841,0.0000,0.0000,1
11 · Thoát ra ngoài,16.6550,3.7903,0.3150,0.0000,0.0000,1
11 · Thoát ra ngoài,16.6688,3.8796,0.2824,0.0000,0.0000,1
11 · Thoát ra ngoài,16.6734,3.7330,0.3830,0.0000,0.0000,1
11 · Thoát ra ngoài,16.6632,3.7660,0.3568,0.0000,0.0000,1
11 · Thoát ra ngoài,16.6831,3.7359,0.2694,0.0000,0.0000,1
11 · Thoát ra ngoài,16.6663,3.7496,0.2996,0.0000,0.0000,1
11 · Thoát ra ngoài,16.6674,3.8447,0.5240,0.0000,0.0000,1
11 · Thoát ra ngoài,16.7414,3.6680,0.2697,0.0000,0.0000,1
11 · Thoát ra ngoài,16.6542,3.5812,0.2560,0.0000,0.0000,1
11 · Thoát ra ngoài,16.6654,3.9307,0.2647,0.0000,0.0000,1
11 · Thoát ra ngoài,16.7293,3.6712,0.2500,0.0000,0.0000,1
11 · Thoát ra ngoài,16.7148,3.7215,0.2997,0.0000,0.0000,1
11 · Thoát ra ngoài,16.7397,3.7975,0.2873,0.0000,0.0000,1
11 · Thoát ra ngoài,16.7314,3.7769,0.2940,0.0000,0.0000,1
11 · Thoát ra ngoài,16.7128,3.8086,0.3873,0.0000,0.0000,1
11 · Thoát ra ngoài,16.6629,3.7116,0.5891,0.0000,0.0000,1
11 · Thoát ra ngoài,16.7372,3.6222,0.3846,0.0000,0.0000,1
11 · Thoát ra ngoài,16.7230,3.6762,0.6328,0.0000,0.0000,1
11 · Thoát ra ngoài,16.6645,3.6545,0.3626,0.0000,0.0000,1
11 · Thoát ra ngoài,16.6808,3.9344,0.2655,0.0000,0.0000,1
11 · Thoát ra ngoài,16.6630,3.9582,0.2672,0.0000,0.0000,1
11 · Thoát ra ngoài,16.7037,3.9071,0.2450,0.0000,0.0000,1
11 · Thoát ra ngoài,16.7264,3.6832,0.2819,0.0000,0.0000,1
11 · Thoát ra ngoài,16.6993,4.1911,0.2693,0.0000,0.0000,1
11 · Thoát ra ngoài,16.6922,3.9471,0.2436,0.0000,0.0000,1
11 · Thoát ra ngoài,16.7127,3.9022,0.2761,0.0000,0.0000,1
11 · Thoát ra ngoài,16.7088,3.8921,0.3755,0.0000,0.0000,1
11 · Thoát ra ngoài,16.7051,3.8039,0.3500,0.0000,0.0000,1
11 · Thoát ra ngoài,16.7296,3.8562,0.2786,0.0000,0.0000,1
11 · Thoát ra ngoài,16.7318,3.7654,0.5361,0.0000,0.0000,1
11 · Thoát ra ngoài,16.6613,3.8240,0.2510,0.0000,0.0000,1
11 · Thoát ra ngoài,16.8226,3.8683,0.2649,0.0000,0.0000,1
11 · Thoát ra ngoài,16.7658,3.9801,0.2630,0.0000,0.0000,1
11 · Thoát ra ngoài,16.8719,3.8610,0.2633,0.0000,0.0000,1
11 · Thoát ra ngoài,16.8288,3.6976,0.2601,0.0000,0.0000,1
11 · Thoát ra ngoài,16.8028,3.7422,0.2588,0.0000,0.0000,1
11 · Thoát ra ngoài,16.9004,3.6852,0.2622,0.0000,0.0000,1
11 · Thoát ra ngoài,16.8532,3.7505,0.2490,0.0000,0.0000,1
11 · Thoát ra ngoài,16.9130,3.6889,0.2417,0.0000,0.0000,1
11 · Thoát ra ngoài,16.9826,3.7015,0.2813,0.0000,0.0000,1
11 · Thoát ra ngoài,17.0295,3.9560,0.2486,0.0000,0.0000,1
11 · Thoát ra ngoài,16.9963,3.9179,0.2576,0.0000,0.0000,1
11 · Thoát ra ngoài,16.8201,3.7165,0.2716,0.0000,0.0000,1
11 · Thoát ra ngoài,16.6631,3.9019,0.3043,0.0000,0.0000,1
11 · Thoát ra ngoài,17.0835,3.7649,0.3187,0.0000,0.0000,1
11 · Thoát ra ngoài,17.1404,3.9920,0.2677,0.0000,0.0000,1
11 · Thoát ra ngoài,16.9348,3.8497,0.3925,0.0000,0.0000,1
11 · Thoát ra ngoài,17.2872,3.7245,0.3482,0.0000,0.0000,1
11 · Thoát ra ngoài,17.3786,3.9799,0.2702,0.0000,0.0000,1
11 · Thoát ra ngoài,17.4231,3.6963,0.2909,0.0000,0.0000,1
11 · Thoát ra ngoài,17.5637,3.5895,0.5026,0.0000,0.0000,1
11 · Thoát ra ngoài,17.5695,3.6438,0.2603,0.0000,0.0000,1
11 · Thoát ra ngoài,17.5877,3.6378,0.2713,0.0000,0.0000,1
11 · Thoát ra ngoài,16.7713,3.7542,0.2860,0.0000,0.0000,1
11 · Thoát ra ngoài,17.4750,3.8983,0.3096,0.0000,0.0000,1
11 · Thoát ra ngoài,22.6228,3.8263,0.3874,0.0000,0.0000,1
11 · Thoát ra ngoài,16.6645,3.6536,0.2873,0.0000,0.0000,1
11 · Thoát ra ngoài,16.6673,3.6462,0.2621,0.0000,0.0000,1
11 · Thoát ra ngoài,16.6676,3.7343,0.2654,0.0000,0.0000,1
11 · Thoát ra ngoài,16.6645,3.8982,0.2802,0.0000,0.0000,1
11 · Thoát ra ngoài,16.6693,3.8203,0.2752,0.0000,0.0000,1
11 · Thoát ra ngoài,16.6656,3.9078,0.2753,0.0000,0.0000,1
11 · Thoát ra ngoài,16.7103,3.7729,0.3745,0.0000,0.0000,1
11 · Thoát ra ngoài,16.6638,3.8206,0.2698,0.0000,0.0000,1
11 · Thoát ra ngoài,16.6668,3.8685,0.2968,0.0000,0.0000,1
11 · Thoát ra ngoài,16.6670,3.7750,0.2549,0.0000,0.0000,1
11 · Thoát ra ngoài,16.6650,3.8365,0.2588,0.0000,0.0000,1
11 · Thoát ra ngoài,16.6681,3.9188,0.2902,0.0000,0.0000,1
11 · Thoát ra ngoài,16.6659,3.9800,0.2552,0.0000,0.0000,1
11 · Thoát ra ngoài,16.6673,4.0069,0.2453,0.0000,0.0000,1
11 · Thoát ra ngoài,16.6678,4.0938,0.3147,0.0000,0.0000,1
11 · Thoát ra ngoài,16.6668,4.0487,0.2751,0.0000,0.0000,1
11 · Thoát ra ngoài,16.6855,4.0009,0.2514,0.0000,0.0000,1
11 · Thoát ra ngoài,16.6696,3.6964,0.3824,0.0000,0.0000,1
11 · Thoát ra ngoài,16.6651,3.7136,0.5594,0.0000,0.0000,1
11 · Thoát ra ngoài,16.6733,3.8001,0.5115,0.0000,0.0000,1
11 · Thoát ra ngoài,16.6605,3.9432,0.2802,0.0000,0.0000,1
11 · Thoát ra ngoài,16.6654,3.9418,0.4175,0.0000,0.0000,1
11 · Thoát ra ngoài,16.6660,4.3364,0.2476,0.0000,0.0000,1
11 · Thoát ra ngoài,16.6665,3.7601,0.2530,0.0000,0.0000,1
11 · Thoát ra ngoài,16.6669,3.6654,0.2519,0.0000,0.0000,1
11 · Thoát ra ngoài,16.6679,4.1100,0.2803,0.0000,0.0000,1
11 · Thoát ra ngoài,16.6660,3.7258,0.3038,0.0000,0.0000,1
11 · Thoát ra ngoài,16.6665,3.9518,0.2479,0.0000,0.0000,1
11 · Thoát ra ngoài,16.6663,3.8698,0.2698,0.0000,0.0000,1
11 · Thoát ra ngoài,16.6687,3.6316,0.2687,0.0000,0.0000,1
11 · Thoát ra ngoài,16.6655,3.8177,0.2554,0.0000,0.0000,1
11 · Thoát ra ngoài,16.6660,3.6173,0.2463,0.0000,0.0000,1
11 · Thoát ra ngoài,16.7653,3.6788,0.3397,0.0000,0.0000,1
11 · Thoát ra ngoài,16.6635,3.8988,0.3483,0.0000,0.0000,1
11 · Thoát ra ngoài,16.6922,3.6547,0.3309,0.0000,0.0000,1
11 · Thoát ra ngoài,16.6648,3.6961,0.3349,0.0000,0.0000,1
11 · Thoát ra ngoài,16.6662,3.7637,0.2483,0.0000,0.0000,1
11 · Thoát ra ngoài,16.6685,3.8020,0.2711,0.0000,0.0000,1
11 · Thoát ra ngoài,16.6657,3.7281,0.2558,0.0000,0.0000,1
11 · Thoát ra ngoài,16.6987,3.9050,0.3007,0.0000,0.0000,1
11 · Thoát ra ngoài,16.6678,4.0240,0.2747,0.0000,0.0000,1
11 · Thoát ra ngoài,16.6731,3.7680,0.2501,0.0000,0.0000,1
11 · Thoát ra ngoài,16.6635,3.7095,0.2601,0.0000,0.0000,1
11 · Thoát ra ngoài,16.6665,3.6526,0.3154,0.0000,0.0000,1
11 · Thoát ra ngoài,16.6685,3.7962,0.2614,0.0000,0.0000,1
11 · Thoát ra ngoài,16.6776,3.9036,0.2963,0.0000,0.0000,1
11 · Thoát ra ngoài,16.6549,3.7135,0.2911,0.0000,0.0000,1
11 · Thoát ra ngoài,16.6665,3.8326,0.2546,0.0000,0.0000,1
11 · Thoát ra ngoài,16.6737,3.9661,0.2718,0.0000,0.0000,1
11 · Thoát ra ngoài,16.6860,3.9418,0.2511,0.0000,0.0000,1
11 · Thoát ra ngoài,16.6664,3.7279,0.3926,0.0000,0.0000,1
11 · Thoát ra ngoài,16.6659,3.9169,0.2484,0.0000,0.0000,1
11 · Thoát ra ngoài,16.6679,3.7468,0.2540,0.0000,0.0000,1
11 · Thoát ra ngoài,16.6669,3.7305,0.2769,0.0000,0.0000,1
11 · Thoát ra ngoài,16.6662,3.8897,0.2636,0.0000,0.0000,1
