phase,frame_ms,skin_ms,step_ms,graph_ms,path_ms,groups
"1 · Chia phần giữ A",16.6850,5.6025,0.0000,0.0000,1.3786,1
"1 · Chia phần giữ A",31.8979,6.3379,2.4081,0.0000,0.0000,1
"1 · Chia phần giữ A",16.6899,5.8983,0.7054,0.0000,0.0000,1
"1 · Chia phần giữ A",16.9838,6.0404,0.7493,0.0000,0.0000,1
"1 · Chia phần giữ A",16.6671,6.0220,0.7033,0.0000,0.0000,1
"1 · Chia phần giữ A",16.8934,6.0185,0.7569,0.0000,0.0000,1
"1 · Chia phần giữ A",16.6652,6.2639,0.7282,0.0000,0.0000,1
"1 · Chia phần giữ A",16.6669,6.0043,0.7407,0.0000,0.0000,1
"1 · Chia phần giữ A",16.6672,6.0461,0.8767,0.0000,0.0000,1
"1 · Chia phần giữ A",16.6685,6.0458,0.7914,0.0000,0.0000,1
"1 · Chia phần giữ A",16.6644,6.2332,0.7513,0.0000,0.0000,1
"1 · Chia phần giữ A",16.6661,6.3108,0.7461,0.0000,0.0000,1
"1 · Chia phần giữ A",16.6672,6.1787,0.7550,0.0000,0.0000,1
"1 · Chia phần giữ A",16.6669,6.1676,0.7369,0.0000,0.0000,1
"1 · Chia phần giữ A",16.6665,6.2417,0.7239,0.0000,0.0000,1
"1 · Chia phần giữ A",16.6807,6.3698,0.7401,0.0000,0.0000,1
"1 · Chia phần giữ A",16.6656,6.2270,0.7558,0.0000,0.0000,1
"1 · Chia phần giữ A",16.6670,6.0662,0.9156,0.0000,0.0000,1
"1 · Chia phần giữ A",16.6671,6.2301,0.8250,0.0000,0.0000,1
"1 · Chia phần giữ A",17.5602,6.0754,0.7982,0.0000,0.0000,1
"1 · Chia phần giữ A",16.7808,6.1765,0.9293,0.0000,0.0000,1
"1 · Chia phần giữ A",16.7189,6.1842,0.7703,0.0000,0.0000,1
"1 · Chia phần giữ A",16.7361,6.0873,0.7555,0.0000,0.0000,1
"1 · Chia phần giữ A",16.7226,6.1391,0.8258,0.0000,0.0000,1
"1 · Chia phần giữ A",16.7428,5.9865,0.8335,0.0000,0.0000,1
"1 · Chia phần giữ A",16.7420,6.0520,0.7848,0.0000,0.0000,1
"1 · Chia phần giữ A",16.9121,6.0335,0.9629,0.0000,0.0000,1
"1 · Chia phần giữ A",16.8116,6.1922,0.8125,0.0000,0.0000,1
"1 · Chia phần giữ A",16.8213,6.0418,0.7242,0.0000,0.0000,1
"1 · Chia phần giữ A",16.8738,6.0177,0.7896,0.0000,0.0000,1
"1 · Chia phần giữ A",16.9239,6.2143,0.7916,0.0000,0.0000,1
"1 · Chia phần giữ A",16.9774,6.3178,0.7356,0.0000,0.0000,1
"1 · Chia phần giữ A",16.9591,6.3386,0.8378,0.0000,0.0000,1
"1 · Chia phần giữ A",17.0022,6.3951,0.7717,0.0000,0.0000,1
"1 · Chia phần giữ A",17.0662,6.2155,0.7243,0.0000,0.0000,1
"1 · Chia phần giữ A",16.6854,6.3640,0.8250,0.0000,0.0000,1
"1 · Chia phần giữ A",17.1273,6.3813,0.8557,0.0000,0.0000,1
"1 · Chia phần giữ A",17.1643,6.3574,1.1980,0.0000,0.0000,1
"1 · Chia phần giữ A",17.2641,6.1328,0.7916,0.0000,0.0000,1
"1 · Chia phần giữ A",17.3126,6.2713,0.7215,0.0000,0.0000,1
"1 · Chia phần giữ A",17.4103,6.3248,0.7488,0.0000,0.0000,1
"1 · Chia phần giữ A",25.9335,6.2905,1.1155,0.0000,0.0000,1
"1 · Chia phần giữ A",17.3669,6.3272,0.7331,0.0000,0.0000,1
"1 · Chia phần giữ A",16.6668,6.1425,0.7819,0.0000,0.0000,1
"1 · Chia phần giữ A",16.6667,6.2415,0.7507,0.0000,0.0000,1
"1 · Chia phần giữ A",16.6663,6.2647,0.7457,0.0000,0.0000,1
"1 · Chia phần giữ A",16.6667,6.2727,0.7295,0.0000,0.0000,1
"1 · Chia phần giữ A",16.6666,6.0017,0.7225,0.0000,0.0000,1
"1 · Chia phần giữ A",16.6670,5.9828,0.7539,0.0000,0.0000,1
"1 · Chia phần giữ A",16.6832,6.0097,0.7939,0.0000,0.0000,1
"1 · Chia phần giữ A",16.6650,6.0237,0.8182,0.0000,0.0000,1
"1 · Chia phần giữ A",16.6667,5.9502,0.7403,0.0000,0.0000,1
"1 · Chia phần giữ A",16.6673,5.9665,0.7489,0.0000,0.0000,1
"1 · Chia phần giữ A",16.6673,5.9289,0.7835,0.0000,0.0000,1
"1 · Chia phần giữ A",16.6663,5.9213,0.8073,0.0000,0.0000,1
"1 · Chia phần giữ A",16.6662,5.9181,0.7288,0.0000,0.0000,1
"1 · Chia phần giữ A",16.6681,5.9058,0.7621,0.0000,0.0000,1
"1 · Chia phần giữ A",16.6665,6.0222,0.7559,0.0000,0.0000,1
"1 · Chia phần giữ A",16.6663,6.0062,0.7722,0.0000,0.0000,1
"1 · Chia phần giữ A",16.6670,5.9864,0.7348,0.0000,0.0000,1
"1 · Chia phần giữ A",16.6658,6.0569,0.7381,0.0000,0.0000,1
"1 · Chia phần giữ A",16.6683,6.2714,0.7419,0.0000,0.0000,1
"1 · Chia phần giữ A",16.6658,6.0472,0.7727,0.0000,0.0000,1
"1 · Chia phần giữ A",16.6666,6.1503,0.7213,0.0000,0.0000,1
"1 · Chia phần giữ A",16.6669,6.1032,0.7549,0.0000,0.0000,1
"1 · Chia phần giữ A",16.6680,6.1580,0.7726,0.0000,0.0000,1
"1 · Chia phần giữ A",16.6659,6.0588,0.7170,0.0000,0.0000,1
"1 · Chia phần giữ A",16.6676,6.0656,0.7858,0.0000,0.0000,1
"1 · Chia phần giữ A",16.6678,6.0864,0.8549,0.0000,0.0000,1
"1 · Chia phần giữ A",16.6658,5.9907,0.8310,0.0000,0.0000,1
"1 · Chia phần giữ A",16.6692,5.8826,0.9056,0.0000,0.0000,1
"1 · Chia phần giữ A",16.6633,5.9633,0.7541,0.0000,0.0000,1
"1 · Chia phần giữ A",16.6678,5.6642,0.9206,0.0000,0.0000,1
"1 · Chia phần giữ A",16.6656,5.8006,0.9357,0.0000,0.0000,1
"1 · Chia phần giữ A",16.6666,6.0073,0.8239,0.0000,0.0000,1
"1 · Chia phần giữ A",16.6671,5.8316,0.8362,0.0000,0.0000,1
"1 · Chia phần giữ A",16.6680,6.0177,1.7085,0.0000,0.0000,1
"1 · Chia phần giữ A",16.6656,6.0287,0.9269,0.0000,0.0000,1
"1 · Chia phần giữ A",16.6665,5.9657,0.8049,0.0000,0.0000,1
"1 · Chia phần giữ A",16.6669,6.1354,0.8082,0.0000,0.0000,1
"1 · Chia phần giữ A",16.6668,5.7730,0.7984,0.0000,0.0000,1
"1 · Chia phần giữ A",16.6737,5.8417,1.0462,0.0000,0.0000,1
"1 · Chia phần giữ A",16.6659,6.0393,1.1054,0.0000,0.0000,1
"1 · Chia phần giữ A",16.6675,6.1574,0.8237,0.0000,0.0000,1
"1 · Chia phần giữ A",16.6665,5.8842,0.8364,0.0000,0.0000,1
"1 · Chia phần giữ A",16.6687,5.7252,0.8037,0.0000,0.0000,1
"1 · Chia phần giữ A",16.6650,5.7944,0.9095,0.0000,0.0000,1
"1 · Chia phần giữ A",16.6672,5.7913,0.9150,0.0000,0.0000,1
"1 · Chia phần giữ A",16.6760,6.0801,0.9694,0.0000,0.0000,1
"1 · Chia phần giữ A",16.6660,6.2054,0.8781,0.0000,0.0000,1
"1 · Chia phần giữ A",16.6683,6.2074,0.8970,0.0000,0.0000,1
"1 · Chia phần giữ A",16.6667,6.1281,0.8743,0.0000,0.0000,1
"1 · Chia phần giữ A",16.6668,6.0898,1.1432,0.0000,0.0000,1
"1 · Chia phần giữ A",16.6662,6.1216,0.9429,0.0000,0.0000,1
"1 · Chia phần giữ A",16.6666,5.8398,1.2557,0.0000,0.0000,1
"1 · Chia phần giữ A",16.7053,5.9031,1.0201,0.0000,0.0000,1
"1 · Chia phần giữ A",16.6632,5.8488,1.2497,0.0000,0.0000,1
"1 · Chia phần giữ A",16.6682,5.6594,1.0229,0.0000,0.0000,1
"1 · Chia phần giữ A",16.6658,5.5379,1.0989,0.0000,0.0000,1
"1 · Chia phần giữ A",16.6660,5.5134,0.8922,0.0000,0.0000,1
"1 · Chia phần giữ A",16.6670,5.5401,0.8324,0.0000,0.0000,1
"1 · Chia phần giữ A",16.6653,5.7078,0.8830,0.0000,0.0000,1
"1 · Chia phần giữ A",16.6687,5.8051,0.9727,0.0000,0.0000,1
"1 · Chia phần giữ A",16.6653,5.8395,0.8566,0.0000,0.0000,1
"1 · Chia phần giữ A",16.6670,5.5815,0.8483,0.0000,0.0000,1
"1 · Chia phần giữ A",16.6663,5.9885,0.9056,0.0000,0.0000,1
"1 · Chia phần giữ A",16.6733,5.6146,1.1755,0.0000,0.0000,1
"1 · Chia phần giữ A",16.6655,5.4791,0.7647,0.0000,0.0000,1
"1 · Chia phần giữ A",16.6674,5.9231,0.8139,0.0000,0.0000,1
"1 · Chia phần giữ A",16.6670,5.4645,0.8804,0.0000,0.0000,1
"1 · Chia phần giữ A",16.6672,6.1175,0.8066,0.0000,0.0000,1
"1 · Chia phần giữ A",16.6726,5.8511,0.8855,0.0000,0.0000,1
"1 · Chia phần giữ A",16.6653,5.5443,1.1959,0.0000,0.0000,1
"1 · Chia phần giữ A",16.6637,5.3787,1.0487,0.0000,0.0000,1
"1 · Chia phần giữ A",16.6653,5.3557,0.7838,0.0000,0.0000,1
"1 · Chia phần giữ A",16.6657,5.4983,0.8056,0.0000,0.0000,1
"1 · Chia phần giữ A",16.6662,5.8729,0.7861,0.0000,0.0000,1
"1 · Chia phần giữ A",16.6669,5.9065,0.8177,0.0000,0.0000,1
"1 · Chia phần giữ A",16.6714,5.7805,0.7742,0.0000,0.0000,1
"1 · Chia phần giữ A",16.6663,5.9554,0.7754,0.0000,0.3916,1
"1 · Chia phần giữ A",16.6816,6.0195,0.8156,0.0000,0.0000,1
"1 · Chia phần giữ A",16.6665,5.8801,0.8425,0.0000,0.0000,1
"1 · Chia phần giữ A",16.6670,6.2072,0.9697,0.0000,0.0000,1
"1 · Chia phần giữ A",16.6681,6.2482,1.0594,0.0000,0.0000,1
"1 · Chia phần giữ A",16.6648,5.8709,0.8449,0.0000,0.0000,1
"1 · Chia phần giữ A",16.6671,5.8757,0.9355,0.0000,0.0000,1
"1 · Chia phần giữ A",16.6664,6.0015,0.8574,0.0000,0.0000,1
"1 · Chia phần giữ A",16.6823,5.8741,0.8940,0.0000,0.0000,1
"1 · Chia phần giữ A",16.6684,6.0773,0.8709,0.0000,0.0000,1
"1 · Chia phần giữ A",16.6628,5.9973,0.9417,0.0000,0.0000,1
"1 · Chia phần giữ A",16.6675,5.9446,0.9469,0.0000,0.0000,1
"1 · Chia phần giữ A",16.6669,6.0987,0.9999,0.0000,0.0000,1
"1 · Chia phần giữ A",16.6668,5.9510,0.9551,0.0000,0.0000,1
"1 · Chia phần giữ A",16.6667,6.0393,0.8369,0.0000,0.0000,1
"1 · Chia phần giữ A",16.6670,5.9869,1.0386,0.0000,0.0000,1
"1 · Chia phần giữ A",16.6670,5.9639,0.9513,0.0000,0.0000,1
"1 · Chia phần giữ A",16.6675,6.0242,0.8881,0.0000,0.0000,1
"1 · Chia phần giữ A",16.6666,6.1809,0.9476,0.0000,0.0000,1
"1 · Chia phần giữ A",16.6657,6.6024,0.9408,0.0000,0.0000,1
"1 · Chia phần giữ A",16.6689,6.1655,0.8512,0.0000,0.0000,1
"1 · Chia phần giữ A",16.6667,5.8536,0.8983,0.0000,0.0000,1
"1 · Chia phần giữ A",16.6666,6.0195,1.0396,0.0000,0.0000,1
"1 · Chia phần giữ A",16.6656,5.9395,1.3696,0.0000,0.0000,1
"1 · Chia phần giữ A",16.6664,6.2882,0.7421,0.0000,0.0000,1
"1 · Chia phần giữ A",16.6707,6.2357,1.8040,0.0000,0.0000,1
"1 · Chia phần giữ A",16.6714,6.2204,0.7555,0.0000,0.0000,1
"1 · Chia phần giữ A",16.6661,5.9464,0.7670,0.0000,0.0000,1
"1 · Chia phần giữ A",16.6674,6.2188,0.7959,0.0000,0.0000,1
"1 · Chia phần giữ A",16.6664,6.0306,0.7976,0.0000,0.0000,1
"1 · Chia phần giữ A",16.6667,6.1822,0.7963,0.0000,0.0000,1
"1 · Chia phần giữ A",16.6673,6.0379,0.8841,0.0000,0.0000,1
"1 · Chia phần giữ A",16.6671,5.8744,0.7770,0.0000,0.0000,1
"1 · Chia phần giữ A",16.6660,5.9633,0.7651,0.0000,0.0000,1
"1 · Chia phần giữ A",16.6670,5.8442,0.8070,0.0000,0.0000,1
"1 · Chia phần giữ A",16.6898,5.8625,0.8755,0.0000,0.0000,1
"1 · Chia phần giữ A",16.6646,5.8257,0.8828,0.0000,0.0000,1
"1 · Chia phần giữ A",16.6656,6.4114,0.8947,0.0000,0.0000,1
"1 · Chia phần giữ A",16.6998,6.1277,0.8155,0.0000,0.0000,1
"1 · Chia phần giữ A",16.6655,6.1445,0.9357,0.0000,0.0000,1
"1 · Chia phần giữ A",16.6656,6.2451,1.0647,0.0000,0.0000,1
"1 · Chia phần giữ A",16.6668,6.4963,0.9532,0.0000,0.0000,1
"1 · Chia phần giữ A",16.6678,6.3414,0.8329,0.0000,0.0000,1
"1 · Chia phần giữ A",16.6668,6.5842,1.5368,0.0000,0.0000,1
"1 · Chia phần giữ A",16.6667,6.5804,1.4457,0.0000,0.0000,1
"1 · Chia phần giữ A",16.7296,6.5272,1.2564,0.0000,0.0000,1
"1 · Chia phần giữ A",16.6685,6.3918,1.2013,0.0000,0.0000,1
"1 · Chia phần giữ A",16.6631,6.7705,0.8005,0.0000,0.0000,1
"1 · Chia phần giữ A",16.6669,7.4540,1.4200,0.0000,0.0000,1
"1 · Chia phần giữ A",16.6676,7.4782,0.9101,0.0000,0.0000,1
"1 · Chia phần giữ A",16.6668,7.6018,1.4289,0.0000,0.0000,1
"1 · Chia phần giữ A",16.6889,7.1379,0.9659,0.0000,0.0000,1
"1 · Chia phần giữ A",16.6678,9.0209,1.3303,0.0000,0.0000,1
"1 · Chia phần giữ A",16.6994,8.1808,1.7660,0.0000,0.0000,1
"1 · Chia phần giữ A",16.6956,8.5933,1.3073,0.0000,0.0000,1
"1 · Chia phần giữ A",16.6813,8.6689,1.1221,0.0000,0.0000,1
"1 · Chia phần giữ A",16.6722,7.3042,1.0034,0.0000,0.0000,1
"1 · Chia phần giữ A",16.6657,7.2624,1.0490,0.0000,0.0000,1
"1 · Chia phần giữ A",16.6993,6.2497,0.8878,0.0000,0.0000,1
"1 · Chia phần giữ A",16.6674,6.6231,0.9978,0.0000,0.0000,1
"1 · Chia phần giữ A",16.6701,6.6920,0.9356,0.0000,0.0000,1
"1 · Chia phần giữ A",16.6626,6.3585,1.0347,0.0000,0.0000,1
"1 · Chia phần giữ A",16.6665,5.9916,1.0846,0.0000,0.0000,1
"1 · Chia phần giữ A",16.6823,7.2779,1.1831,0.0000,0.0000,1
"1 · Chia phần giữ A",16.6771,7.9877,1.0669,0.0000,0.0000,1
"1 · Chia phần giữ A",16.6710,8.3328,1.5457,0.0000,0.0000,1
"1 · Chia phần giữ A",16.6900,8.6556,1.1283,0.0000,0.0000,1
"1 · Chia phần giữ A",16.6809,8.5866,1.5107,0.0000,0.0000,1
"1 · Chia phần giữ A",16.6931,7.0708,1.3010,0.0000,0.0000,1
"1 · Chia phần giữ A",16.6725,7.2198,1.3748,0.0000,0.0000,1
"1 · Chia phần giữ A",16.6973,6.7044,1.3016,0.0000,0.0000,1
"1 · Chia phần giữ A",16.6836,6.7744,1.1805,0.0000,0.0000,1
"1 · Chia phần giữ A",16.6845,6.5406,1.2093,0.0000,0.0000,1
"1 · Chia phần giữ A",16.6743,5.7010,0.8859,0.0000,0.0000,1
"1 · Chia phần giữ A",16.6681,5.6593,0.9390,0.0000,0.0000,1
"1 · Chia phần giữ A",16.6696,5.5451,1.0963,0.0000,0.0000,1
"1 · Chia phần giữ A",16.6631,5.5822,1.0007,0.0000,0.0000,1
"1 · Chia phần giữ A",16.7047,5.5803,1.0111,0.0000,0.0000,1
"1 · Chia phần giữ A",16.7226,5.8508,0.9249,0.0000,0.0000,1
"1 · Chia phần giữ A",16.6956,5.8265,0.8063,0.0000,0.0000,1
"1 · Chia phần giữ A",16.6695,5.3162,1.3115,0.0000,0.0000,1
"1 · Chia phần giữ A",16.7327,5.4779,0.8835,0.0000,0.0000,1
"1 · Chia phần giữ A",27.3233,5.2116,1.4895,0.0000,0.0000,1
"1 · Chia phần giữ A",22.0337,5.8166,1.3854,0.0000,0.0000,1
"1 · Chia phần giữ A",16.6661,5.4972,0.8193,0.0000,0.0000,1
"1 · Chia phần giữ A",16.6678,5.1298,0.9849,0.0000,0.0000,1
"1 · Chia phần giữ A",16.6680,5.3391,0.8789,0.0000,0.0000,1
"1 · Chia phần giữ A",16.6661,5.3902,1.0874,0.0000,0.0000,1
"1 · Chia phần giữ A",16.6670,5.3915,1.3762,0.0000,0.0000,1
"1 · Chia phần giữ A",16.6655,5.8725,0.8385,0.0000,0.0000,1
"1 · Chia phần giữ A",16.6665,5.6648,0.8229,0.0000,0.0000,1
"1 · Chia phần giữ A",16.6673,5.6586,0.8584,0.0000,0.0000,1
"1 · Chia phần giữ A",16.6667,5.5214,0.8651,0.0000,0.0000,1
"1 · Chia phần giữ A",16.6664,5.6343,0.9585,0.0000,0.0000,1
"1 · Chia phần giữ A",16.6668,5.5312,0.8169,0.0000,0.0000,1
"1 · Chia phần giữ A",16.6665,5.4734,0.8468,0.0000,0.0000,1
"1 · Chia phần giữ A",16.6675,5.7702,0.8096,0.0000,0.0000,1
"1 · Chia phần giữ A",16.6671,5.4602,1.0009,0.0000,0.0000,1
"1 · Chia phần giữ A",16.6722,5.4679,0.9367,0.0000,0.0000,1
"1 · Chia phần giữ A",16.6662,5.4974,0.8161,0.0000,0.0000,1
"1 · Chia phần giữ A",16.6666,5.2497,0.9497,0.0000,0.0000,1
"1 · Chia phần giữ A",16.6670,5.9739,0.8538,0.0000,0.0000,1
"1 · Chia phần giữ A",16.6662,5.7405,0.8188,0.0000,0.0000,1
"1 · Chia phần giữ A",16.6681,5.7866,0.8205,0.0000,0.0000,1
"1 · Chia phần giữ A",16.6665,5.6329,0.8138,0.0000,0.0000,1
"1 · Chia phần giữ A",16.6673,6.0013,0.8454,0.0000,0.0000,1
"1 · Chia phần giữ A",16.6648,5.9486,0.8159,0.0000,0.0000,1
"1 · Chia phần giữ A",16.6670,5.9484,0.8241,0.0000,0.0000,1
"1 · Chia phần giữ A",16.6675,5.7450,0.8269,0.0000,0.0000,1
"1 · Chia phần giữ A",16.6665,5.6199,0.8509,0.0000,0.0000,1
"1 · Chia phần giữ A",16.6666,5.7135,0.8145,0.0000,0.0000,1
"1 · Chia phần giữ A",16.6669,6.0300,0.8326,0.0000,0.0000,1
"1 · Chia phần giữ A",16.6670,6.0020,0.8759,0.0000,0.0000,1
"1 · Chia phần giữ A",16.6682,5.8617,0.8568,0.0000,0.0000,1
"1 · Chia phần giữ A",16.6660,6.0381,0.7939,0.0000,0.0000,1
"1 · Chia phần giữ A",16.6677,5.9622,0.9659,0.0000,0.0000,1
"1 · Chia phần giữ A",16.6670,5.6429,0.9334,0.0000,0.0000,1
"1 · Chia phần giữ A",16.6661,5.7607,0.8163,0.0000,0.0000,1
"1 · Chia phần giữ A",16.6762,5.6454,0.9825,0.0000,0.0000,1
"1 · Chia phần giữ A",16.6648,5.5849,0.8397,0.0000,0.0000,1
"1 · Chia phần giữ A",16.6679,5.6567,0.8199,0.0000,0.0000,1
"1 · Chia phần giữ A",16.6645,5.4590,0.9828,0.0000,0.0000,1
"1 · Chia phần giữ A",16.6673,5.5524,0.8931,0.0000,0.0000,1
"1 · Chia phần giữ A",16.6664,6.0518,0.9475,0.0000,0.0000,1
"1 · Chia phần giữ A",16.6678,5.9041,0.8716,0.0000,0.0000,1
"1 · Chia phần giữ A",16.6653,5.9107,0.9289,0.0000,0.0000,1
"1 · Chia phần giữ A",16.6663,6.2347,0.8412,0.0000,0.0000,1
"1 · Chia phần giữ A",16.6670,5.8011,0.8972,0.0000,0.0000,1
"1 · Chia phần giữ A",16.6862,6.2440,0.9902,0.0000,0.0000,1
"1 · Chia phần giữ A",16.6630,5.8616,1.0243,0.0000,0.0000,1
"1 · Chia phần giữ A",16.6663,5.7939,1.0710,0.0000,0.0000,1
"1 · Chia phần giữ A",16.6678,6.0048,0.8851,0.0000,0.0000,1
"1 · Chia phần giữ A",16.6680,5.8197,0.9035,0.0000,0.0000,1
"1 · Chia phần giữ A",16.6640,5.9409,0.8702,0.0000,0.0000,1
"1 · Chia phần giữ A",16.6683,5.9698,0.9564,0.0000,0.0000,1
"1 · Chia phần giữ A",16.6660,5.9101,1.0522,0.0000,0.0000,1
"1 · Chia phần giữ A",16.6705,5.9455,1.3925,0.0000,0.0000,1
"1 · Chia phần giữ A",16.6667,5.9974,2.4798,0.0000,0.0000,2
"1 · Chia phần giữ A",16.6671,5.7299,0.7883,0.0000,0.0000,2
"1 · Chia phần giữ A",16.6782,6.0082,0.5832,0.0000,0.0000,2
"1 · Chia phần giữ A",16.6677,6.0249,0.7405,0.0000,0.0000,2
"1 · Chia phần giữ A",16.6650,6.2294,0.5470,0.0000,0.0000,2
"1 · Chia phần giữ A",16.6670,6.0227,0.5371,0.0000,0.0000,2
"1 · Chia phần giữ A",16.6664,6.0586,0.5267,0.0000,0.0000,2
"1 · Chia phần giữ A",16.6673,6.1705,0.5378,0.0000,0.0000,2
"1 · Chia phần giữ A",16.6665,6.2013,0.5711,0.0000,0.0000,2
"1 · Chia phần giữ A",16.6670,6.2000,0.5280,0.0000,0.0000,2
"1 · Chia phần giữ A",16.6658,6.1557,0.5216,0.0000,0.0000,2
"1 · Chia phần giữ A",16.6690,6.4474,0.6102,0.0000,0.0000,2
"1 · Chia phần giữ A",16.6663,6.0144,0.6065,0.0000,0.0000,2
"1 · Chia phần giữ A",16.6660,6.5041,0.5961,0.0000,0.0000,2
"1 · Chia phần giữ A",16.6668,6.5982,0.6010,0.0000,0.0000,2
"1 · Chia phần giữ A",16.6663,6.5466,0.5981,0.0000,0.0000,2
"1 · Chia phần giữ A",16.6740,6.8984,0.6073,0.0000,0.0000,2
"1 · Chia phần giữ A",16.6644,6.7951,0.5922,0.0000,0.0000,2
"1 · Chia phần giữ A",16.6669,6.8044,0.5758,0.0000,0.0000,2
"1 · Chia phần giữ A",16.6671,6.9300,0.5788,0.0000,0.0000,2
"1 · Chia phần giữ A",16.6668,7.2605,0.6031,0.0000,0.0000,2
"1 · Chia phần giữ A",16.6677,7.2764,0.5652,0.0000,0.0000,2
"1 · Chia phần giữ A",16.6650,7.0748,0.5549,0.0000,0.0000,2
"1 · Chia phần giữ A",16.6672,7.4731,0.5638,0.0000,0.0000,2
"1 · Chia phần giữ A",16.6666,7.1864,0.6059,0.0000,0.0000,2
"1 · Chia phần giữ A",16.6672,7.5144,0.5396,0.0000,0.0000,2
"1 · Chia phần giữ A",16.6677,7.4396,0.5702,0.0000,0.0000,2
"1 · Chia phần giữ A",16.6665,7.2209,0.5056,0.0000,0.0000,2
"1 · Chia phần giữ A",16.6657,7.2847,0.5188,0.0000,0.0000,2
"1 · Chia phần giữ A",16.6671,7.2595,0.5555,0.0000,0.0000,2
"2 · Phần nhỏ giữ A",16.6667,7.4713,0.5410,34.7774,0.4734,2
"2 · Phần nhỏ giữ A",49.2545,7.9662,1.9019,0.0000,0.0000,2
"2 · Phần nhỏ giữ A",16.7813,7.8444,0.6535,0.0000,0.0000,2
"2 · Phần nhỏ giữ A",17.0008,7.7039,0.6935,0.0000,0.0000,2
"2 · Phần nhỏ giữ A",16.6672,7.5733,0.6541,0.0000,0.0000,2
"2 · Phần nhỏ giữ A",16.6670,7.9199,0.6521,0.0000,0.0000,2
"2 · Phần nhỏ giữ A",16.6660,8.2106,0.6170,0.0000,0.0000,2
"2 · Phần nhỏ giữ A",16.6671,8.3371,0.6274,0.0000,0.0000,2
"2 · Phần nhỏ giữ A",16.6667,8.6357,0.6893,0.0000,0.0000,2
"2 · Phần nhỏ giữ A",16.6679,8.6117,0.6383,0.0000,0.0000,2
"2 · Phần nhỏ giữ A",16.6663,8.5861,0.6341,0.0000,0.0000,2
"2 · Phần nhỏ giữ A",16.6670,8.6895,0.6482,0.0000,0.0000,2
"2 · Phần nhỏ giữ A",16.6666,8.6549,0.6583,0.0000,0.0000,2
"2 · Phần nhỏ giữ A",16.6664,8.8295,0.6192,0.0000,0.0000,2
"2 · Phần nhỏ giữ A",16.6668,8.7493,0.6362,0.0000,0.0000,2
"2 · Phần nhỏ giữ A",16.6667,8.7898,0.6299,0.0000,0.0000,2
"2 · Phần nhỏ giữ A",16.6666,8.8907,0.6398,0.0000,0.0000,2
"2 · Phần nhỏ giữ A",16.6669,8.7617,0.6541,0.0000,0.0000,2
"2 · Phần nhỏ giữ A",16.6665,8.9382,0.6248,0.0000,0.0000,2
"2 · Phần nhỏ giữ A",16.6674,8.8518,0.6932,0.0000,0.0000,2
"2 · Phần nhỏ giữ A",16.6670,8.9298,0.6682,0.0000,0.0000,2
"2 · Phần nhỏ giữ A",16.6669,8.8727,0.6693,0.0000,0.0000,2
"2 · Phần nhỏ giữ A",16.6670,8.8711,0.6874,0.0000,0.0000,2
"2 · Phần nhỏ giữ A",16.6665,8.7777,0.7035,0.0000,0.0000,2
"2 · Phần nhỏ giữ A",16.6675,9.1445,0.6971,0.0000,0.0000,2
"2 · Phần nhỏ giữ A",16.6657,9.0855,0.6831,0.0000,0.0000,2
"2 · Phần nhỏ giữ A",16.6662,9.0968,0.6865,0.0000,0.0000,2
"2 · Phần nhỏ giữ A",16.6673,8.8340,0.6751,0.0000,0.0000,2
"2 · Phần nhỏ giữ A",16.6667,8.8648,0.6707,0.0000,0.0000,2
"2 · Phần nhỏ giữ A",16.6676,8.7465,0.6925,0.0000,0.0000,2
"2 · Phần nhỏ giữ A",16.6678,8.7396,0.7181,0.0000,0.0000,2
"2 · Phần nhỏ giữ A",16.6647,8.6414,0.6352,0.0000,0.0000,2
"2 · Phần nhỏ giữ A",16.6665,8.6345,0.6699,0.0000,0.0000,2
"2 · Phần nhỏ giữ A",16.6669,8.8449,0.6614,0.0000,0.0000,2
"2 · Phần nhỏ giữ A",16.6718,8.8329,0.6925,0.0000,0.0000,2
"2 · Phần nhỏ giữ A",16.6610,8.8331,0.7257,0.0000,0.0000,2
"2 · Phần nhỏ giữ A",16.6670,8.7817,0.7015,0.0000,0.0000,2
"2 · Phần nhỏ giữ A",16.6678,8.9404,0.6818,0.0000,0.0000,2
"2 · Phần nhỏ giữ A",16.6656,9.0232,0.7226,0.0000,0.0000,2
"2 · Phần nhỏ giữ A",16.6668,9.0790,0.7345,0.0000,0.0000,2
"2 · Phần nhỏ giữ A",16.6666,8.7280,0.6436,0.0000,0.0000,2
"2 · Phần nhỏ giữ A",16.6681,8.9201,0.6595,0.0000,0.0000,2
"2 · Phần nhỏ giữ A",16.6670,8.9618,0.5909,0.0000,0.0000,2
"2 · Phần nhỏ giữ A",16.6648,8.8612,0.6158,0.0000,0.0000,2
"2 · Phần nhỏ giữ A",16.6665,8.7458,0.5991,0.0000,0.0000,2
"2 · Phần nhỏ giữ A",16.6707,8.9905,0.5999,0.0000,0.0000,2
"2 · Phần nhỏ giữ A",16.6629,8.8527,0.5976,0.0000,0.0000,2
"2 · Phần nhỏ giữ A",16.6679,8.8052,0.6285,0.0000,0.0000,2
"2 · Phần nhỏ giữ A",16.6657,8.7004,0.6236,0.0000,0.0000,2
"2 · Phần nhỏ giữ A",16.6673,9.0483,0.7016,0.0000,0.0000,2
"2 · Phần nhỏ giữ A",16.6670,8.8588,0.5974,0.0000,0.0000,2
"2 · Phần nhỏ giữ A",16.6662,8.7579,0.5982,0.0000,0.0000,2
"2 · Phần nhỏ giữ A",16.6666,8.8787,0.6158,0.0000,0.0000,2
"2 · Phần nhỏ giữ A",16.6698,8.8293,0.6948,0.0000,0.0000,2
"2 · Phần nhỏ giữ A",16.6635,8.9518,0.6043,0.0000,0.0000,2
"2 · Phần nhỏ giữ A",16.6682,8.8926,0.6133,0.0000,0.0000,2
"2 · Phần nhỏ giữ A",16.6649,8.8031,0.6165,0.0000,0.0000,2
"2 · Phần nhỏ giữ A",16.6680,8.7402,0.5783,0.0000,0.0000,2
"2 · Phần nhỏ giữ A",16.6677,8.8455,0.6005,0.0000,0.0000,2
"2 · Phần nhỏ giữ A",16.6660,8.9197,0.6304,0.0000,0.0000,2
"2 · Phần nhỏ giữ A",16.6673,8.9584,0.6307,0.0000,0.0000,2
"2 · Phần nhỏ giữ A",16.6657,8.9543,0.6620,0.0000,0.0000,2
"2 · Phần nhỏ giữ A",16.6697,9.2438,0.6807,0.0000,0.0000,2
"2 · Phần nhỏ giữ A",16.6645,8.8358,0.7479,0.0000,0.0000,2
"2 · Phần nhỏ giữ A",16.6690,8.6349,0.6646,0.0000,0.0000,2
"2 · Phần nhỏ giữ A",16.6655,8.6614,0.7122,0.0000,0.0000,2
"2 · Phần nhỏ giữ A",16.6675,8.6658,0.6450,0.0000,0.0000,2
"2 · Phần nhỏ giữ A",16.6674,8.4781,0.7374,0.0000,0.0000,2
"2 · Phần nhỏ giữ A",16.6660,8.5156,0.7119,0.0000,0.0000,2
"2 · Phần nhỏ giữ A",16.6657,8.6634,0.7035,0.0000,0.0000,2
"2 · Phần nhỏ giữ A",16.6663,8.7309,0.6818,0.0000,0.0000,2
"2 · Phần nhỏ giữ A",16.6664,8.7103,0.7647,0.0000,0.0000,2
"2 · Phần nhỏ giữ A",16.6662,8.4513,0.6388,0.0000,0.0000,2
"2 · Phần nhỏ giữ A",16.6696,8.0562,0.6410,0.0000,0.0000,2
"2 · Phần nhỏ giữ A",16.6658,8.1516,0.6690,0.0000,0.0000,2
"2 · Phần nhỏ giữ A",16.6656,8.0307,0.8224,0.0000,0.0000,2
"2 · Phần nhỏ giữ A",16.6667,8.0997,0.8126,0.0000,0.0000,2
"2 · Phần nhỏ giữ A",16.6668,8.2265,0.6320,0.0000,0.0000,2
"2 · Phần nhỏ giữ A",16.6681,8.1038,0.7319,0.0000,0.0000,2
"2 · Phần nhỏ giữ A",16.6657,7.9805,0.6918,0.0000,0.0000,2
"2 · Phần nhỏ giữ A",16.6672,8.2317,0.6950,0.0000,0.0000,2
"2 · Phần nhỏ giữ A",16.6696,7.8492,0.7107,0.0000,0.0000,2
"2 · Phần nhỏ giữ A",16.6642,7.6607,0.6507,0.0000,0.0000,2
"2 · Phần nhỏ giữ A",16.6747,7.6962,0.7963,0.0000,0.0000,2
"2 · Phần nhỏ giữ A",16.6676,7.6204,0.7446,0.0000,0.0000,2
"2 · Phần nhỏ giữ A",16.6659,7.7524,0.7809,0.0000,0.0000,2
"2 · Phần nhỏ giữ A",16.6662,7.7059,0.6592,0.0000,0.0000,2
"2 · Phần nhỏ giữ A",16.6662,8.1874,0.7876,0.0000,0.0000,2
"2 · Phần nhỏ giữ A",16.6764,7.7622,0.8261,0.0000,0.0000,2
"2 · Phần nhỏ giữ A",16.6572,7.8875,0.6647,0.0000,0.0000,2
"2 · Phần nhỏ giữ A",16.6681,7.9615,0.8351,0.0000,0.0000,2
"2 · Phần nhỏ giữ A",16.6651,7.8423,0.6615,0.0000,0.0000,2
"2 · Phần nhỏ giữ A",16.8273,7.8571,0.8497,0.0000,0.0000,2
"2 · Phần nhỏ giữ A",16.6740,7.6393,0.7997,0.0000,0.0000,2
"2 · Phần nhỏ giữ A",16.6638,7.1299,0.8728,0.0000,0.0000,2
"2 · Phần nhỏ giữ A",16.6698,7.0903,0.6796,0.0000,0.0000,2
"2 · Phần nhỏ giữ A",16.6662,6.9135,0.8902,0.0000,0.0000,2
"2 · Phần nhỏ giữ A",16.6664,7.6163,0.6420,0.0000,0.0000,2
"2 · Phần nhỏ giữ A",16.6697,7.0605,1.1291,0.0000,0.0000,2
"2 · Phần nhỏ giữ A",16.6627,7.2925,0.7259,0.0000,0.0000,2
"2 · Phần nhỏ giữ A",16.6775,7.0651,0.7593,0.0000,0.0000,2
"2 · Phần nhỏ giữ A",16.6684,7.1104,0.8700,0.0000,0.0000,2
"2 · Phần nhỏ giữ A",16.6618,7.3301,0.6442,0.0000,0.0000,2
"2 · Phần nhỏ giữ A",16.6706,7.5912,0.7273,0.0000,0.0000,2
"2 · Phần nhỏ giữ A",16.6629,7.5519,0.6816,0.0000,0.0000,2
"2 · Phần nhỏ giữ A",16.6669,7.5104,0.6309,0.0000,0.0000,2
"2 · Phần nhỏ giữ A",16.6788,7.3757,0.7083,0.0000,0.0000,2
"2 · Phần nhỏ giữ A",16.6633,7.5415,0.7430,0.0000,0.0000,2
"2 · Phần nhỏ giữ A",16.6670,7.3268,0.6865,0.0000,0.0000,2
"2 · Phần nhỏ giữ A",16.6668,7.4976,0.8385,0.0000,0.0000,2
"2 · Phần nhỏ giữ A",16.6685,7.4086,0.8806,0.0000,0.0000,2
"3 · Phần lớn qua ống",16.6644,7.2586,0.6770,34.9622,1.3806,2
"3 · Phần lớn qua ống",49.2037,7.7251,2.5740,0.0000,0.0000,2
"3 · Phần lớn qua ống",16.8562,7.7984,0.8485,0.0000,0.0000,2
"3 · Phần lớn qua ống",16.6661,7.4590,0.8405,0.0000,0.0000,2
"3 · Phần lớn qua ống",17.0722,7.7127,0.8846,0.0000,0.0000,2
"3 · Phần lớn qua ống",16.6674,7.9068,0.8919,0.0000,0.0000,2
"3 · Phần lớn qua ống",16.6650,7.8775,0.8853,0.0000,0.0000,2
"3 · Phần lớn qua ống",16.6674,8.3550,0.9208,0.0000,0.0000,2
"3 · Phần lớn qua ống",16.6668,8.0374,1.1400,0.0000,0.0000,2
"3 · Phần lớn qua ống",16.6715,8.1088,0.9743,0.0000,0.0000,2
"3 · Phần lớn qua ống",16.6656,7.8449,0.8078,0.0000,0.0000,2
"3 · Phần lớn qua ống",16.6670,8.2253,0.8330,0.0000,0.0000,2
"3 · Phần lớn qua ống",16.6665,8.0516,0.8429,0.0000,0.0000,2
"3 · Phần lớn qua ống",16.6692,8.1563,1.0037,0.0000,0.0000,2
"3 · Phần lớn qua ống",16.6655,7.9512,0.9985,0.0000,0.0000,2
"3 · Phần lớn qua ống",16.6658,8.1665,0.8894,0.0000,0.0000,2
"3 · Phần lớn qua ống",16.6690,8.2751,0.9327,0.0000,0.0000,2
"3 · Phần lớn qua ống",16.6648,7.9436,1.1249,0.0000,0.0000,2
"3 · Phần lớn qua ống",16.6671,8.0415,0.8255,0.0000,0.0000,2
"3 · Phần lớn qua ống",16.6664,8.3666,0.8699,0.0000,0.0000,2
"3 · Phần lớn qua ống",16.6675,8.4128,0.8354,0.0000,0.0000,2
"3 · Phần lớn qua ống",16.6737,7.9742,1.0640,0.0000,0.0000,2
"3 · Phần lớn qua ống",16.6665,8.1654,0.8683,0.0000,0.0000,2
"3 · Phần lớn qua ống",16.6665,8.0984,0.8515,0.0000,0.0000,2
"3 · Phần lớn qua ống",16.6660,7.8983,0.8816,0.0000,0.0000,2
"3 · Phần lớn qua ống",16.6742,8.1859,0.9086,0.0000,0.0000,2
"3 · Phần lớn qua ống",16.6605,8.0471,1.0143,0.0000,0.0000,2
"3 · Phần lớn qua ống",16.6655,7.9001,0.8309,0.0000,0.0000,2
"3 · Phần lớn qua ống",16.6671,7.8328,0.8315,0.0000,0.0000,2
"3 · Phần lớn qua ống",16.6695,7.5377,0.8552,0.0000,0.0000,2
"3 · Phần lớn qua ống",16.6645,7.9712,0.9679,0.0000,0.0000,2
"3 · Phần lớn qua ống",16.6668,7.9975,0.8521,0.0000,0.0000,2
"3 · Phần lớn qua ống",16.6667,7.8197,1.1816,0.0000,0.0000,2
"3 · Phần lớn qua ống",16.6665,8.1111,1.0478,0.0000,0.0000,2
"3 · Phần lớn qua ống",16.6666,7.9858,0.8515,0.0000,0.0000,2
"3 · Phần lớn qua ống",16.6674,7.9673,0.8282,0.0000,0.0000,2
"3 · Phần lớn qua ống",16.6670,7.8671,0.8875,0.0000,0.0000,2
"3 · Phần lớn qua ống",16.6659,8.3255,0.8782,0.0000,0.0000,2
"3 · Phần lớn qua ống",16.6799,8.5256,0.9105,0.0000,0.0000,2
"3 · Phần lớn qua ống",16.6657,8.4960,0.8731,0.0000,0.0000,2
"3 · Phần lớn qua ống",16.6669,8.1545,0.8808,0.0000,0.0000,2
"3 · Phần lớn qua ống",16.6686,8.4518,0.9711,0.0000,0.0000,2
"3 · Phần lớn qua ống",16.6658,8.7366,0.9873,0.0000,0.0000,2
"3 · Phần lớn qua ống",16.6668,8.9379,0.8398,0.0000,0.0000,2
"3 · Phần lớn qua ống",16.6663,8.5518,0.9766,0.0000,0.0000,2
"3 · Phần lớn qua ống",16.6674,8.7332,0.9601,0.0000,0.0000,2
"3 · Phần lớn qua ống",16.6659,8.7722,0.8300,0.0000,0.0000,2
"3 · Phần lớn qua ống",16.6693,8.4802,1.0152,0.0000,0.0000,2
"3 · Phần lớn qua ống",16.6653,8.7849,0.8035,0.0000,0.0000,2
"3 · Phần lớn qua ống",16.6660,9.1086,0.8327,0.0000,0.0000,2
"3 · Phần lớn qua ống",16.6698,9.1851,0.8441,0.0000,0.0000,2
"3 · Phần lớn qua ống",16.6647,8.8302,1.2161,0.0000,0.0000,2
"3 · Phần lớn qua ống",16.6667,8.9185,0.8577,0.0000,0.0000,2
"3 · Phần lớn qua ống",16.6670,8.8070,1.0850,0.0000,0.0000,2
"3 · Phần lớn qua ống",16.6665,8.7742,0.9168,0.0000,0.0000,2
"3 · Phần lớn qua ống",16.6661,8.4480,0.8889,0.0000,0.0000,2
"3 · Phần lớn qua ống",16.6675,8.4834,0.8297,0.0000,0.0000,2
"3 · Phần lớn qua ống",16.6686,8.7504,0.9678,0.0000,0.0000,2
"3 · Phần lớn qua ống",16.6635,8.8252,1.0180,0.0000,0.0000,2
"3 · Phần lớn qua ống",16.6690,8.6149,0.9728,0.0000,0.0000,2
"3 · Phần lớn qua ống",16.6668,8.6436,0.9361,0.0000,0.0000,2
"3 · Phần lớn qua ống",16.6653,8.0209,0.9510,0.0000,0.0000,2
"3 · Phần lớn qua ống",16.6679,8.3733,1.0092,0.0000,0.0000,2
"3 · Phần lớn qua ống",16.6653,8.5277,0.7965,0.0000,0.0000,2
"3 · Phần lớn qua ống",16.6673,8.3914,0.8142,0.0000,0.0000,2
"3 · Phần lớn qua ống",16.6665,8.4333,0.9939,0.0000,0.0000,2
"3 · Phần lớn qua ống",16.6668,8.3856,0.8135,0.0000,0.0000,2
"3 · Phần lớn qua ống",16.6668,8.3124,0.8003,0.0000,0.0000,2
"3 · Phần lớn qua ống",16.6668,8.3034,0.8935,0.0000,0.0000,2
"3 · Phần lớn qua ống",16.6660,8.2913,0.8062,0.0000,0.0000,2
"3 · Phần lớn qua ống",16.6663,8.2758,0.7772,0.0000,0.0000,2
"3 · Phần lớn qua ống",16.6686,8.3853,1.0620,0.0000,0.0000,2
"3 · Phần lớn qua ống",16.6658,8.5033,0.7852,0.0000,0.0000,2
"3 · Phần lớn qua ống",16.6791,8.5179,1.0455,0.0000,0.0000,2
"3 · Phần lớn qua ống",16.6641,8.5945,0.8602,0.0000,0.0000,2
"3 · Phần lớn qua ống",16.6994,8.5626,1.1805,0.0000,0.0000,2
"3 · Phần lớn qua ống",16.6350,8.7412,1.0139,0.0000,0.0000,2
"3 · Phần lớn qua ống",16.6671,8.8660,1.1454,0.0000,0.0000,2
"3 · Phần lớn qua ống",16.6665,8.5410,0.8793,0.0000,0.0000,2
"3 · Phần lớn qua ống",16.6663,8.4711,0.8268,0.0000,0.0000,2
"3 · Phần lớn qua ống",16.6677,8.7123,0.8980,0.0000,0.0000,2
"3 · Phần lớn qua ống",16.6660,8.2236,0.8690,0.0000,0.0000,2
"3 · Phần lớn qua ống",16.6694,8.5315,0.8905,0.0000,0.0000,2
"3 · Phần lớn qua ống",16.6655,8.3376,1.0575,0.0000,0.0000,2
"3 · Phần lớn qua ống",16.6654,8.5360,0.8584,0.0000,0.0000,2
"3 · Phần lớn qua ống",16.6697,8.3621,1.3691,0.0000,0.0000,2
"3 · Phần lớn qua ống",16.6641,8.2732,0.8811,0.0000,0.0000,2
"3 · Phần lớn qua ống",16.6686,8.4553,1.0432,0.0000,0.0000,2
"3 · Phần lớn qua ống",16.6668,7.9999,0.9534,0.0000,0.0000,2
"3 · Phần lớn qua ống",16.6652,8.3276,0.8044,0.0000,0.0000,2
"3 · Phần lớn qua ống",16.6669,8.1116,0.8858,0.0000,0.0000,2
"3 · Phần lớn qua ống",16.6668,8.0805,0.8583,0.0000,0.0000,2
"3 · Phần lớn qua ống",16.6664,8.0103,0.8904,0.0000,0.0000,2
"3 · Phần lớn qua ống",16.6668,7.5169,0.8605,0.0000,0.0000,2
"3 · Phần lớn qua ống",16.6673,8.2838,0.8333,0.0000,0.0000,2
"3 · Phần lớn qua ống",16.6669,8.0408,0.8847,0.0000,0.0000,2
"3 · Phần lớn qua ống",16.6659,8.0505,0.7923,0.0000,0.0000,2
"3 · Phần lớn qua ống",16.6663,7.3475,0.8492,0.0000,0.0000,2
"3 · Phần lớn qua ống",16.6678,7.3492,0.9484,0.0000,0.0000,2
"3 · Phần lớn qua ống",16.6662,7.5884,0.9990,0.0000,0.0000,2
"3 · Phần lớn qua ống",16.6835,7.7206,0.8421,0.0000,0.0000,2
"3 · Phần lớn qua ống",16.6497,8.0788,0.8043,0.0000,0.0000,2
"3 · Phần lớn qua ống",16.6824,6.9606,0.8839,0.0000,0.0000,2
"3 · Phần lớn qua ống",16.6520,6.7393,0.8840,0.0000,0.0000,2
"3 · Phần lớn qua ống",16.6708,6.8299,0.8742,0.0000,0.0000,2
"3 · Phần lớn qua ống",16.6618,6.9490,0.7797,0.0000,0.0000,2
"3 · Phần lớn qua ống",16.6666,6.9930,0.9299,0.0000,0.0000,2
"3 · Phần lớn qua ống",16.6663,6.9434,0.7898,0.0000,0.0000,2
"3 · Phần lớn qua ống",16.6667,6.6699,0.8116,0.0000,0.0000,2
"3 · Phần lớn qua ống",16.6682,7.0844,0.7780,0.0000,0.0000,2
"3 · Phần lớn qua ống",16.6661,6.9807,0.7746,0.0000,0.0000,2
"3 · Phần lớn qua ống",16.6680,6.7978,0.8600,0.0000,0.0000,2
"3 · Phần lớn qua ống",16.6649,7.2172,0.8019,0.0000,0.0000,2
"3 · Phần lớn qua ống",16.6704,6.7587,0.8675,0.0000,0.0000,2
"3 · Phần lớn qua ống",16.6652,7.1667,0.9843,0.0000,0.0000,2
"3 · Phần lớn qua ống",16.6645,6.9663,0.9254,0.0000,0.0000,2
"3 · Phần lớn qua ống",16.6686,6.8820,0.8384,0.0000,0.0000,2
"3 · Phần lớn qua ống",16.6656,7.0772,0.7945,0.0000,0.0000,2
"3 · Phần lớn qua ống",16.6662,6.9167,0.7766,0.0000,0.0000,2
"3 · Phần lớn qua ống",16.6670,6.3428,1.0133,0.0000,0.0000,2
"3 · Phần lớn qua ống",16.6669,6.4867,0.8368,0.0000,0.0000,2
"3 · Phần lớn qua ống",16.6703,6.3965,0.9159,0.0000,0.0000,2
"3 · Phần lớn qua ống",16.6647,6.4701,0.7698,0.0000,0.0000,2
"3 · Phần lớn qua ống",16.6668,6.2909,0.7743,0.0000,0.0000,2
"3 · Phần lớn qua ống",16.7228,8.1759,0.9420,0.0000,0.0000,2
"3 · Phần lớn qua ống",16.6657,6.8976,0.7881,0.0000,0.0000,2
"3 · Phần lớn qua ống",16.6670,6.7056,0.7931,0.0000,0.0000,2
"3 · Phần lớn qua ống",16.6670,6.6245,0.7853,0.0000,0.0000,2
"3 · Phần lớn qua ống",16.6665,7.1483,0.8115,0.0000,0.0000,2
"3 · Phần lớn qua ống",16.6673,7.0926,0.7396,0.0000,0.0000,2
"3 · Phần lớn qua ống",16.6660,6.9503,0.7791,0.0000,0.0000,2
"3 · Phần lớn qua ống",16.6671,8.3643,0.8080,0.0000,0.0000,2
"3 · Phần lớn qua ống",16.6672,8.2660,0.8880,0.0000,0.0000,2
"3 · Phần lớn qua ống",16.6665,8.1493,0.7680,0.0000,0.0000,2
"3 · Phần lớn qua ống",16.6679,8.1364,0.8424,0.0000,0.0000,2
"3 · Phần lớn qua ống",16.6690,8.0183,0.8828,0.0000,0.0000,2
"3 · Phần lớn qua ống",16.6628,8.2455,0.7696,0.0000,0.0000,2
"3 · Phần lớn qua ống",16.6672,7.6478,0.9256,0.0000,0.0000,2
"3 · Phần lớn qua ống",16.6666,8.1139,0.7433,0.0000,0.0000,2
"3 · Phần lớn qua ống",16.6670,8.1646,0.7890,0.0000,0.0000,2
"3 · Phần lớn qua ống",16.6671,8.1597,0.7568,0.0000,0.0000,2
"3 · Phần lớn qua ống",16.6668,8.0674,0.8347,0.0000,0.0000,2
"3 · Phần lớn qua ống",16.6662,8.0858,0.7865,0.0000,0.0000,2
"3 · Phần lớn qua ống",16.6669,7.8672,0.9504,0.0000,0.0000,2
"3 · Phần lớn qua ống",16.6675,8.0281,0.7553,0.0000,0.0000,2
"3 · Phần lớn qua ống",16.6668,8.0103,0.7904,0.0000,0.0000,2
"3 · Phần lớn qua ống",16.6668,8.1322,0.7695,0.0000,0.0000,2
"3 · Phần lớn qua ống",16.6664,7.9842,0.8616,0.0000,0.0000,2
"3 · Phần lớn qua ống",16.6669,7.6782,1.0438,0.0000,0.0000,2
"3 · Phần lớn qua ống",16.6667,7.8397,0.8855,0.0000,0.0000,2
"3 · Phần lớn qua ống",16.6664,7.8181,0.8559,0.0000,0.0000,2
"3 · Phần lớn qua ống",16.6662,7.8319,0.7568,0.0000,0.0000,2
"3 · Phần lớn qua ống",16.6672,7.6945,0.7608,0.0000,0.0000,2
"3 · Phần lớn qua ống",16.6667,8.1383,0.7271,0.0000,0.0000,2
"3 · Phần lớn qua ống",16.6671,8.0515,0.7750,0.0000,0.0000,2
"3 · Phần lớn qua ống",16.6680,7.5797,0.7690,0.0000,0.0000,2
"3 · Phần lớn qua ống",16.6655,7.3287,0.7906,0.0000,0.0000,2
"3 · Phần lớn qua ống",16.6668,7.7938,0.9628,0.0000,0.0000,2
"3 · Phần lớn qua ống",16.6681,8.0632,0.8574,0.0000,0.0000,2
"3 · Phần lớn qua ống",16.6648,8.3562,0.7577,0.0000,0.0000,2
"3 · Phần lớn qua ống",16.7024,8.3696,1.0744,0.0000,0.0000,2
"3 · Phần lớn qua ống",16.6668,8.1619,0.9240,0.0000,0.0000,2
"3 · Phần lớn qua ống",16.6674,8.4119,0.7447,0.0000,0.0000,2
"3 · Phần lớn qua ống",16.6651,8.9713,0.9815,0.0000,0.0000,2
"3 · Phần lớn qua ống",16.6652,8.6152,0.7547,0.0000,0.0000,2
"3 · Phần lớn qua ống",16.6685,8.3756,1.0259,0.0000,0.0000,2
"3 · Phần lớn qua ống",16.6664,8.4761,0.7347,0.0000,0.0000,2
"3 · Phần lớn qua ống",16.6669,8.4039,0.8024,0.0000,0.0000,2
"3 · Phần lớn qua ống",16.6655,8.0499,0.7296,0.0000,0.0000,2
"3 · Phần lớn qua ống",16.6680,8.1289,0.8044,0.0000,0.0000,2
"3 · Phần lớn qua ống",16.6652,8.1918,0.7501,0.0000,0.0000,2
"3 · Phần lớn qua ống",16.6707,8.0344,0.7929,0.0000,0.0000,2
"3 · Phần lớn qua ống",16.6636,8.7362,0.8224,0.0000,0.0000,2
"3 · Phần lớn qua ống",16.6677,8.5875,0.9249,0.0000,0.0000,2
"3 · Phần lớn qua ống",16.6661,8.5901,0.7618,0.0000,0.0000,2
"3 · Phần lớn qua ống",16.6675,8.7436,0.8664,0.0000,0.0000,2
"3 · Phần lớn qua ống",16.6682,8.5843,0.8520,0.0000,0.0000,2
"3 · Phần lớn qua ống",16.6648,8.5720,0.8682,0.0000,0.0000,2
"3 · Phần lớn qua ống",16.6658,8.8232,0.7573,0.0000,0.0000,2
"3 · Phần lớn qua ống",16.6673,8.7919,0.9011,0.0000,0.0000,2
"3 · Phần lớn qua ống",16.6680,8.9553,0.8374,0.0000,0.0000,2
"3 · Phần lớn qua ống",16.6653,8.8355,0.8287,0.0000,0.0000,2
"3 · Phần lớn qua ống",16.6677,8.6593,1.0356,0.0000,0.0000,2
"3 · Phần lớn qua ống",16.6676,9.0115,0.8875,0.0000,0.0000,2
"3 · Phần lớn qua ống",16.6656,9.3465,0.8303,0.0000,0.0000,2
"3 · Phần lớn qua ống",16.6692,9.0977,0.9514,0.0000,0.0000,2
"3 · Phần lớn qua ống",16.6657,8.8764,0.9765,0.0000,0.0000,2
"3 · Phần lớn qua ống",16.6673,8.9175,0.9926,0.0000,0.0000,2
"3 · Phần lớn qua ống",16.6728,9.2067,0.9851,0.0000,0.0000,2
"3 · Phần lớn qua ống",16.6582,9.1914,1.3545,0.0000,0.0000,2
"3 · Phần lớn qua ống",16.6664,9.3050,0.8329,0.0000,0.0000,2
"3 · Phần lớn qua ống",16.6662,9.3176,0.8207,0.0000,0.0000,2
"3 · Phần lớn qua ống",16.6708,9.2510,1.0824,0.0000,0.0000,2
"3 · Phần lớn qua ống",16.6634,9.5710,0.7773,0.0000,0.0000,2
"3 · Phần lớn qua ống",16.7118,9.4560,1.0804,0.0000,0.0000,2
"3 · Phần lớn qua ống",16.6648,9.6740,0.9628,0.0000,0.0000,2
"3 · Phần lớn qua ống",16.6646,9.6178,0.7685,0.0000,0.0000,2
"3 · Phần lớn qua ống",16.6678,9.6500,0.9615,0.0000,0.0000,2
"3 · Phần lớn qua ống",16.6685,9.4671,0.8701,0.0000,0.0000,2
"3 · Phần lớn qua ống",16.6687,9.2967,1.0008,0.0000,0.0000,2
"3 · Phần lớn qua ống",16.6627,7.4693,0.8316,0.0000,0.0000,2
"3 · Phần lớn qua ống",16.6670,7.3990,3.1166,0.0000,0.0000,2
"3 · Phần lớn qua ống",16.6656,7.4978,0.8885,0.0000,0.0000,2
"3 · Phần lớn qua ống",16.6676,7.4666,0.7021,0.0000,0.0000,2
"3 · Phần lớn qua ống",16.6679,7.3949,0.8565,0.0000,0.0000,2
"3 · Phần lớn qua ống",16.6650,7.4877,0.6816,0.0000,0.0000,2
"3 · Phần lớn qua ống",16.6676,7.4878,0.7493,0.0000,0.0000,2
"3 · Phần lớn qua ống",16.6667,7.7844,0.9227,0.0000,0.0000,2
"3 · Phần lớn qua ống",16.6753,7.7234,0.9709,0.0000,0.0000,2
"3 · Phần lớn qua ống",16.6717,7.9525,0.8993,0.0000,0.0000,2
"3 · Phần lớn qua ống",16.6629,7.2590,0.8968,0.0000,0.0000,2
"3 · Phần lớn qua ống",16.6665,7.4902,0.6706,0.0000,0.0000,2
"3 · Phần lớn qua ống",16.6667,7.2549,0.6656,0.0000,0.0000,2
"3 · Phần lớn qua ống",16.6676,7.3689,0.9997,0.0000,0.0000,2
"3 · Phần lớn qua ống",16.6658,7.5223,0.6870,0.0000,0.0000,2
"3 · Phần lớn qua ống",16.6676,7.5561,1.0687,0.0000,0.0000,2
"3 · Phần lớn qua ống",16.6665,7.4573,0.6953,0.0000,0.0000,2
"3 · Phần lớn qua ống",16.6665,7.3156,0.9341,0.0000,0.0000,2
"3 · Phần lớn qua ống",16.6666,7.2658,0.6906,0.0000,0.0000,2
"3 · Phần lớn qua ống",16.6668,7.4879,0.7333,0.0000,0.0000,2
"3 · Phần lớn qua ống",16.6686,7.3283,0.8316,0.0000,0.0000,2
"3 · Phần lớn qua ống",16.6664,7.3409,0.8843,0.0000,0.0000,2
"3 · Phần lớn qua ống",16.6879,7.2592,0.8033,0.0000,0.0000,2
"3 · Phần lớn qua ống",16.6563,7.3982,0.8327,0.0000,0.0000,2
"3 · Phần lớn qua ống",16.6642,7.4562,0.6589,0.0000,0.0000,2
"3 · Phần lớn qua ống",16.6666,7.3859,0.6841,0.0000,0.0000,2
"3 · Phần lớn qua ống",16.6697,7.3314,0.8702,0.0000,0.0000,2
"3 · Phần lớn qua ống",16.6668,7.4802,0.7440,0.0000,0.0000,2
"3 · Phần lớn qua ống",16.6639,7.3372,0.8762,0.0000,0.0000,2
"3 · Phần lớn qua ống",16.6705,7.2452,0.8952,0.0000,0.0000,2
"3 · Phần lớn qua ống",16.6640,7.3630,0.7313,0.0000,0.0000,2
"3 · Phần lớn qua ống",16.6679,7.3661,0.7645,0.0000,0.0000,2
"3 · Phần lớn qua ống",16.6653,7.4361,0.7500,0.0000,0.0000,2
"3 · Phần lớn qua ống",16.6659,6.9424,0.7229,0.0000,0.0000,2
"3 · Phần lớn qua ống",16.6675,6.8828,0.7696,0.0000,0.0000,2
"3 · Phần lớn qua ống",16.6668,7.1850,0.8745,0.0000,0.0000,2
"3 · Phần lớn qua ống",16.6658,7.0846,0.7430,0.0000,0.0000,2
"3 · Phần lớn qua ống",16.6670,7.3125,0.6865,0.0000,0.0000,2
"3 · Phần lớn qua ống",16.6699,6.9582,0.8594,0.0000,0.0000,2
"3 · Phần lớn qua ống",16.6646,7.3705,0.6985,0.0000,0.0000,2
"3 · Phần lớn qua ống",16.6746,7.3172,0.6623,0.0000,0.0000,2
"3 · Phần lớn qua ống",16.6652,7.7612,1.0675,0.0000,0.0000,2
"3 · Phần lớn qua ống",16.6687,7.6212,0.8731,0.0000,0.0000,2
"3 · Phần lớn qua ống",16.6654,7.9847,0.8348,0.0000,0.0000,2
"3 · Phần lớn qua ống",16.6699,7.9382,0.7661,0.0000,0.0000,2
"3 · Phần lớn qua ống",16.6623,8.0372,0.6804,0.0000,0.0000,2
"3 · Phần lớn qua ống",16.6664,7.7998,0.7163,0.0000,0.0000,2
"3 · Phần lớn qua ống",16.6678,7.8119,0.7655,0.0000,0.0000,2
"3 · Phần lớn qua ống",16.6658,7.9491,0.6616,0.0000,0.0000,2
"3 · Phần lớn qua ống",16.6671,7.9630,0.7369,0.0000,0.0000,2
"3 · Phần lớn qua ống",16.6678,7.7635,0.7754,0.0000,0.0000,2
"3 · Phần lớn qua ống",16.6651,7.7705,0.6770,0.0000,0.0000,2
"3 · Phần lớn qua ống",16.6679,7.8898,0.6754,0.0000,0.0000,2
"3 · Phần lớn qua ống",16.6668,7.8448,0.6812,0.0000,0.0000,2
"3 · Phần lớn qua ống",16.6670,8.1620,0.7722,0.0000,0.0000,2
"3 · Phần lớn qua ống",16.6695,8.4165,0.8345,0.0000,0.0000,2
"3 · Phần lớn qua ống",16.6652,8.5853,0.9264,0.0000,0.0000,2
"3 · Phần lớn qua ống",16.6722,8.2777,0.9133,0.0000,0.0000,2
"3 · Phần lớn qua ống",16.6682,7.9516,0.6605,0.0000,0.0000,2
"3 · Phần lớn qua ống",16.6685,8.1508,0.7801,0.0000,0.0000,2
"3 · Phần lớn qua ống",16.6689,8.1685,0.7783,0.0000,0.0000,2
"3 · Phần lớn qua ống",16.6643,8.3159,0.8447,0.0000,0.0000,2
"3 · Phần lớn qua ống",16.6748,8.1697,0.7684,0.0000,0.0000,2
"3 · Phần lớn qua ống",16.6848,8.0820,0.8169,0.0000,0.0000,2
"3 · Phần lớn qua ống",16.6471,7.9064,0.7159,0.0000,0.0000,2
"3 · Phần lớn qua ống",16.6678,8.1260,0.7042,0.0000,0.0000,2
"3 · Phần lớn qua ống",16.6678,8.0556,0.8111,0.0000,0.0000,2
"3 · Phần lớn qua ống",16.6647,8.1498,0.6831,0.0000,0.0000,2
"3 · Phần lớn qua ống",16.6665,8.0331,0.8077,0.0000,0.0000,2
"3 · Phần lớn qua ống",16.6667,8.2964,0.7096,0.0000,0.0000,2
"3 · Phần lớn qua ống",16.6687,8.2951,0.7960,0.0000,0.0000,2
"3 · Phần lớn qua ống",16.6647,8.1799,0.6475,0.0000,0.0000,2
"3 · Phần lớn qua ống",16.6681,8.1270,0.7093,0.0000,0.0000,2
"3 · Phần lớn qua ống",16.6653,7.7814,0.6674,0.0000,0.0000,2
"3 · Phần lớn qua ống",16.6671,7.8897,0.7241,0.0000,0.0000,2
"3 · Phần lớn qua ống",16.6772,7.8651,0.6877,0.0000,0.0000,2
"3 · Phần lớn qua ống",16.6648,7.5996,0.7251,0.0000,0.0000,2
"3 · Phần lớn qua ống",16.6680,7.7098,0.7562,0.0000,0.0000,2
"3 · Phần lớn qua ống",16.6682,7.7533,0.8525,0.0000,0.0000,2
"3 · Phần lớn qua ống",16.6650,7.8604,0.6704,0.0000,0.0000,2
"3 · Phần lớn qua ống",16.6678,7.8598,0.8497,0.0000,0.0000,2
"3 · Phần lớn qua ống",16.6659,8.0149,0.6629,0.0000,0.0000,2
"3 · Phần lớn qua ống",16.6677,7.9115,0.6897,0.0000,0.0000,2
"3 · Phần lớn qua ống",16.6720,7.8672,0.7409,0.0000,0.0000,2
"3 · Phần lớn qua ống",16.6598,7.6782,0.8366,0.0000,0.0000,2
"3 · Phần lớn qua ống",16.6695,7.9285,0.7874,0.0000,0.0000,2
"3 · Phần lớn qua ống",16.6654,7.9810,0.7385,0.0000,0.0000,2
"3 · Phần lớn qua ống",16.6662,7.8757,0.9211,0.0000,0.0000,2
"3 · Phần lớn qua ống",16.6839,7.8258,0.8712,0.0000,0.0000,2
"3 · Phần lớn qua ống",16.6505,7.7964,0.6906,0.0000,0.0000,2
"3 · Phần lớn qua ống",16.6655,7.9360,0.7207,0.0000,0.0000,2
"3 · Phần lớn qua ống",16.6674,7.5771,0.7157,0.0000,0.0000,2
"3 · Phần lớn qua ống",16.6673,8.0441,0.7643,0.0000,0.0000,2
"3 · Phần lớn qua ống",16.6663,7.9209,0.7164,0.0000,0.0000,2
"3 · Phần lớn qua ống",16.6663,8.0143,0.6638,0.0000,0.0000,2
"3 · Phần lớn qua ống",16.6673,7.7815,0.6807,0.0000,0.0000,2
"3 · Phần lớn qua ống",16.6661,7.7644,0.6937,0.0000,0.0000,2
"3 · Phần lớn qua ống",16.6678,7.6982,0.6968,0.0000,0.0000,2
"3 · Phần lớn qua ống",16.6661,7.5356,0.7380,0.0000,0.0000,2
"3 · Phần lớn qua ống",16.6669,7.7025,0.7128,0.0000,0.0000,2
"3 · Phần lớn qua ống",16.6666,7.7097,0.6489,0.0000,0.0000,2
"3 · Phần lớn qua ống",16.6680,7.8292,0.7120,0.0000,0.0000,2
"3 · Phần lớn qua ống",16.6648,7.8291,0.7815,0.0000,0.0000,2
"3 · Phần lớn qua ống",16.6732,7.8537,0.7316,0.0000,0.0000,2
"3 · Phần lớn qua ống",16.6787,7.3877,0.7597,0.0000,0.0000,2
"3 · Phần lớn qua ống",16.6662,7.6048,0.6425,0.0000,0.0000,2
"3 · Phần lớn qua ống",16.6871,7.7922,0.6372,0.0000,0.0000,2
"3 · Phần lớn qua ống",16.6668,7.9927,0.6386,0.0000,0.0000,2
"3 · Phần lớn qua ống",16.6659,7.9695,0.7577,0.0000,0.0000,2
"3 · Phần lớn qua ống",16.6737,7.8358,0.7533,0.0000,0.0000,2
"3 · Phần lớn qua ống",16.6654,8.0505,0.7077,0.0000,0.0000,2
"3 · Phần lớn qua ống",16.6684,7.9310,0.7404,0.0000,0.0000,2
"3 · Phần lớn qua ống",16.6702,7.8020,0.7201,0.0000,0.0000,2
"3 · Phần lớn qua ống",16.6731,7.6564,0.8545,0.0000,0.0000,2
"3 · Phần lớn qua ống",16.6674,7.8773,0.6753,0.0000,0.0000,2
"3 · Phần lớn qua ống",16.6668,7.8898,0.7269,0.0000,0.0000,2
"3 · Phần lớn qua ống",16.6807,7.5646,0.7193,0.0000,0.0000,2
"3 · Phần lớn qua ống",16.6664,7.7220,0.7109,0.0000,0.0000,2
"3 · Phần lớn qua ống",16.6669,7.7519,0.6657,0.0000,0.0000,2
"3 · Phần lớn qua ống",16.6670,7.5393,0.6566,0.0000,0.0000,2
"3 · Phần lớn qua ống",16.6680,7.7690,0.6475,0.0000,0.0000,2
"3 · Phần lớn qua ống",16.6670,7.5685,0.7693,0.0000,0.0000,2
"3 · Phần lớn qua ống",16.6662,7.6208,0.6970,0.0000,0.0000,2
"3 · Phần lớn qua ống",16.6677,7.2876,0.7161,0.0000,0.0000,2
"3 · Phần lớn qua ống",16.6716,6.9345,0.7336,0.0000,0.0000,2
"3 · Phần lớn qua ống",16.6612,7.2181,0.6787,0.0000,0.0000,2
"3 · Phần lớn qua ống",16.6663,6.8536,0.7333,0.0000,0.0000,2
"3 · Phần lớn qua ống",16.6850,6.9850,0.6676,0.0000,0.0000,2
"3 · Phần lớn qua ống",16.6659,7.0654,0.6298,0.0000,0.0000,2
"3 · Phần lớn qua ống",16.6670,6.6433,0.6761,0.0000,0.0000,2
"3 · Phần lớn qua ống",16.6666,6.8367,0.6629,0.0000,0.0000,2
"3 · Phần lớn qua ống",16.6676,6.9433,0.6917,0.0000,0.0000,2
"3 · Phần lớn qua ống",16.6703,6.6317,0.8402,0.0000,0.0000,2
"3 · Phần lớn qua ống",16.6631,7.1607,0.7791,0.0000,0.7385,2
"3 · Phần lớn qua ống",16.6673,7.3443,0.8832,0.0000,0.0000,2
"3 · Phần lớn qua ống",16.6698,7.1200,0.8220,0.0000,0.0000,2
"3 · Phần lớn qua ống",16.6658,7.3347,0.7822,0.0000,0.0000,2
"3 · Phần lớn qua ống",16.6645,8.4058,0.9305,0.0000,0.0000,2
"3 · Phần lớn qua ống",16.6649,8.3725,0.7556,0.0000,0.0000,2
"3 · Phần lớn qua ống",16.6715,8.6370,0.9342,0.0000,0.0000,2
"3 · Phần lớn qua ống",16.6679,8.4172,0.9201,0.0000,0.0000,2
"3 · Phần lớn qua ống",16.6680,8.5245,0.9298,0.0000,0.0000,2
"3 · Phần lớn qua ống",16.6638,8.5733,1.2066,0.0000,0.0000,2
"3 · Phần lớn qua ống",16.6664,8.8059,0.8090,0.0000,0.0000,2
"3 · Phần lớn qua ống",16.6720,8.5048,0.9756,0.0000,0.0000,2
"3 · Phần lớn qua ống",16.6623,8.4340,0.7584,0.0000,0.0000,2
"3 · Phần lớn qua ống",16.6671,8.5144,0.8374,0.0000,0.0000,2
"3 · Phần lớn qua ống",16.8742,8.9973,0.8675,0.0000,0.0000,2
"3 · Phần lớn qua ống",16.7097,8.8926,1.0410,0.0000,0.0000,2
"3 · Phần lớn qua ống",16.7137,8.8838,0.8420,0.0000,0.0000,2
"3 · Phần lớn qua ống",16.7207,9.0828,0.7587,0.0000,0.0000,2
"3 · Phần lớn qua ống",16.7333,9.0291,0.7319,0.0000,0.0000,2
"3 · Phần lớn qua ống",16.7059,9.1882,0.7290,0.0000,0.0000,2
"3 · Phần lớn qua ống",16.7092,8.8063,0.8106,0.0000,0.0000,2
"3 · Phần lớn qua ống",16.7250,8.6511,0.9479,0.0000,0.0000,2
"3 · Phần lớn qua ống",16.7261,8.4995,1.1060,0.0000,0.0000,2
"3 · Phần lớn qua ống",16.7399,8.6601,0.9496,0.0000,0.0000,2
"3 · Phần lớn qua ống",16.6773,8.5094,0.8472,0.0000,0.0000,2
"3 · Phần lớn qua ống",16.7550,8.7392,0.8246,0.0000,0.0000,2
"3 · Phần lớn qua ống",16.7554,8.7470,0.7863,0.0000,0.0000,2
"3 · Phần lớn qua ống",16.6879,8.9381,0.7963,0.0000,0.0000,2
"3 · Phần lớn qua ống",16.7719,8.7632,1.0682,0.0000,0.0000,2
"3 · Phần lớn qua ống",16.8083,9.1472,0.7599,0.0000,0.0000,2
"3 · Phần lớn qua ống",16.8348,9.1257,0.7786,0.0000,0.0000,2
"3 · Phần lớn qua ống",16.8340,8.6701,0.7977,0.0000,0.0000,2
"3 · Phần lớn qua ống",16.8205,8.7186,0.7498,0.0000,0.0000,2
"3 · Phần lớn qua ống",16.8780,8.6686,0.7570,0.0000,0.0000,2
"3 · Phần lớn qua ống",16.8911,8.7539,0.7733,0.0000,0.0000,2
"3 · Phần lớn qua ống",16.9376,8.6883,0.7995,0.0000,0.0000,2
"3 · Phần lớn qua ống",16.9863,8.6272,0.7848,0.0000,0.0000,2
"3 · Phần lớn qua ống",16.7940,8.6701,0.9187,0.0000,0.0000,2
"3 · Phần lớn qua ống",17.0340,8.9814,0.7752,0.0000,0.0000,2
"3 · Phần lớn qua ống",17.0940,8.4057,0.7766,0.0000,0.0000,2
"3 · Phần lớn qua ống",17.1344,8.3104,0.8176,0.0000,0.0000,2
"3 · Phần lớn qua ống",28.6613,9.1032,1.5897,0.0000,0.0000,2
"3 · Phần lớn qua ống",16.6663,8.4118,0.9228,0.0000,0.0000,2
"3 · Phần lớn qua ống",16.7205,8.6869,0.7329,0.0000,0.0000,2
"3 · Phần lớn qua ống",16.6671,9.1625,0.7248,0.0000,0.0000,2
"3 · Phần lớn qua ống",16.6667,8.9285,0.7992,0.0000,0.0000,2
"3 · Phần lớn qua ống",16.6667,8.3949,0.7587,0.0000,0.0000,2
"3 · Phần lớn qua ống",16.6686,8.4452,0.9105,0.0000,0.0000,2
"3 · Phần lớn qua ống",16.6987,8.7565,0.7862,0.0000,0.0000,2
"3 · Phần lớn qua ống",16.6795,8.5209,0.8477,0.0000,0.0000,2
"3 · Phần lớn qua ống",16.6668,8.7360,0.7834,0.0000,0.0000,2
"3 · Phần lớn qua ống",16.6663,8.4224,1.0845,0.0000,0.0000,2
"3 · Phần lớn qua ống",16.6667,8.4129,1.0222,0.0000,0.0000,2
"3 · Phần lớn qua ống",16.6680,8.3440,0.9283,0.0000,0.0000,2
"3 · Phần lớn qua ống",16.6670,8.3251,0.8909,0.0000,0.0000,2
"3 · Phần lớn qua ống",16.7392,8.2853,0.7602,0.0000,0.0000,2
"3 · Phần lớn qua ống",16.6702,8.4509,0.7573,0.0000,0.0000,2
"3 · Phần lớn qua ống",16.6668,8.4981,0.8529,0.0000,0.0000,2
"3 · Phần lớn qua ống",16.6671,8.5783,0.7547,0.0000,0.0000,2
"3 · Phần lớn qua ống",16.6665,8.4898,0.7270,0.0000,0.0000,2
"3 · Phần lớn qua ống",16.6667,8.3813,0.7829,0.0000,0.0000,2
"3 · Phần lớn qua ống",16.6666,8.5033,0.7556,0.0000,0.0000,2
"3 · Phần lớn qua ống",16.6667,8.4744,0.7709,0.0000,0.0000,2
"3 · Phần lớn qua ống",16.6669,8.9872,0.7659,0.0000,0.0000,2
"3 · Phần lớn qua ống",16.6666,8.8386,0.7886,0.0000,0.0000,2
"3 · Phần lớn qua ống",16.6668,8.8900,0.7811,0.0000,0.0000,2
"3 · Phần lớn qua ống",16.6668,8.8467,0.7867,0.0000,0.0000,2
"3 · Phần lớn qua ống",16.6677,8.8621,0.9058,0.0000,0.0000,2
"3 · Phần lớn qua ống",16.6658,9.0716,0.7858,0.0000,0.0000,2
"3 · Phần lớn qua ống",16.6663,8.9720,0.8668,0.0000,0.0000,2
"3 · Phần lớn qua ống",16.6675,8.9349,0.7669,0.0000,0.0000,2
"3 · Phần lớn qua ống",16.6667,8.9052,0.7641,0.0000,0.0000,2
"3 · Phần lớn qua ống",16.6667,8.8772,0.8414,0.0000,0.0000,2
"3 · Phần lớn qua ống",16.6670,8.9499,0.8150,0.0000,0.0000,2
"3 · Phần lớn qua ống",16.6665,8.9032,0.7753,0.0000,0.0000,2
"3 · Phần lớn qua ống",16.6666,8.9148,0.7651,0.0000,0.0000,2
"3 · Phần lớn qua ống",16.6663,8.9895,0.7803,0.0000,0.0000,2
"3 · Phần lớn qua ống",16.6668,9.1137,0.7870,0.0000,0.0000,2
"3 · Phần lớn qua ống",16.6689,9.1213,0.7612,0.0000,0.0000,2
"3 · Phần lớn qua ống",16.6647,8.7454,0.7629,0.0000,0.0000,2
"3 · Phần lớn qua ống",16.6682,8.5944,1.0324,0.0000,0.0000,2
"3 · Phần lớn qua ống",16.6651,8.6743,1.0353,0.0000,0.0000,2
"3 · Phần lớn qua ống",16.6692,8.7925,0.8780,0.0000,0.0000,2
"3 · Phần lớn qua ống",16.6649,8.8427,0.8465,0.0000,0.0000,2
"3 · Phần lớn qua ống",16.6674,8.4967,0.8635,0.0000,0.0000,2
"3 · Phần lớn qua ống",16.6660,8.2199,0.8649,0.0000,0.0000,2
"3 · Phần lớn qua ống",16.6699,8.3296,0.8255,0.0000,0.0000,2
"3 · Phần lớn qua ống",16.6651,8.2097,0.8586,0.0000,0.0000,2
"3 · Phần lớn qua ống",16.6651,7.5573,0.9306,0.0000,0.0000,2
"3 · Phần lớn qua ống",16.6678,7.7275,0.8796,0.0000,0.0000,2
"3 · Phần lớn qua ống",16.6655,7.5329,0.8665,0.0000,0.0000,2
"3 · Phần lớn qua ống",16.6704,7.3043,0.9035,0.0000,0.0000,2
"3 · Phần lớn qua ống",16.6661,7.5022,0.9094,0.0000,0.0000,2
"3 · Phần lớn qua ống",16.7398,7.4405,0.9439,0.0000,0.0000,2
"3 · Phần lớn qua ống",16.6663,7.4231,0.8156,0.0000,0.0000,2
"3 · Phần lớn qua ống",16.6981,7.0581,0.9025,0.0000,0.0000,2
"3 · Phần lớn qua ống",16.6738,6.8931,0.8889,0.0000,0.0000,2
"3 · Phần lớn qua ống",16.6696,7.1847,0.9244,0.0000,0.0000,2
"3 · Phần lớn qua ống",16.6635,7.1473,0.8582,0.0000,0.0000,2
"3 · Phần lớn qua ống",16.6675,7.0521,0.8576,0.0000,0.0000,2
"3 · Phần lớn qua ống",16.6660,7.3248,0.8834,0.0000,0.0000,2
"3 · Phần lớn qua ống",16.6715,7.1396,0.8135,0.0000,0.0000,2
"3 · Phần lớn qua ống",16.7013,7.1248,0.8312,0.0000,0.0000,2
"3 · Phần lớn qua ống",16.6636,7.4246,0.8430,0.0000,0.0000,2
"3 · Phần lớn qua ống",16.6688,7.3392,0.8532,0.0000,0.0000,2
"3 · Phần lớn qua ống",16.6648,7.4212,0.8357,0.0000,0.0000,2
"3 · Phần lớn qua ống",16.6666,7.4702,0.8041,0.0000,0.0000,2
"3 · Phần lớn qua ống",16.6670,7.4409,0.8340,0.0000,0.0000,2
"3 · Phần lớn qua ống",16.6656,7.3481,0.8601,0.0000,0.0000,2
"3 · Phần lớn qua ống",16.6676,7.7404,0.8417,0.0000,0.0000,2
"3 · Phần lớn qua ống",16.6672,7.6560,0.8167,0.0000,0.0000,2
"3 · Phần lớn qua ống",16.6660,7.7602,0.8507,0.0000,0.0000,2
"3 · Phần lớn qua ống",16.6708,7.8111,0.8779,0.0000,0.0000,2
"3 · Phần lớn qua ống",16.6647,7.8242,0.8738,0.0000,0.0000,2
"3 · Phần lớn qua ống",16.6646,7.7263,0.8948,0.0000,0.0000,2
"3 · Phần lớn qua ống",16.6722,8.0125,0.8286,0.0000,0.0000,2
"3 · Phần lớn qua ống",16.6640,7.9435,0.8699,0.0000,0.0000,2
"3 · Phần lớn qua ống",16.6660,7.9942,0.8786,0.0000,0.0000,2
"3 · Phần lớn qua ống",16.6664,7.7096,0.9018,0.0000,0.0000,2
"3 · Phần lớn qua ống",16.6666,8.0733,0.8761,0.0000,0.0000,2
"3 · Phần lớn qua ống",16.6677,7.9985,0.9145,0.0000,0.0000,2
"3 · Phần lớn qua ống",16.6660,7.8716,0.9007,0.0000,0.0000,2
"3 · Phần lớn qua ống",16.6667,7.9774,0.8912,0.0000,0.0000,2
"3 · Phần lớn qua ống",16.6676,7.9690,0.8401,0.0000,0.0000,2
"3 · Phần lớn qua ống",16.6659,7.8693,0.9403,0.0000,0.0000,2
"3 · Phần lớn qua ống",16.6687,7.9029,0.8683,0.0000,0.0000,2
"3 · Phần lớn qua ống",16.6653,7.9031,0.8544,0.0000,0.0000,2
"3 · Phần lớn qua ống",16.6674,8.3815,0.8507,0.0000,0.0000,2
"3 · Phần lớn qua ống",16.6657,8.4694,0.8536,0.0000,0.0000,2
"3 · Phần lớn qua ống",16.6668,8.3400,0.8519,0.0000,0.0000,2
"3 · Phần lớn qua ống",16.6668,8.2516,0.8742,0.0000,0.0000,2
"3 · Phần lớn qua ống",16.6701,8.7467,0.9161,0.0000,0.0000,2
"3 · Phần lớn qua ống",16.6637,8.2914,0.9292,0.0000,0.0000,2
"3 · Phần lớn qua ống",16.6683,8.7520,1.0285,0.0000,0.0000,2
"3 · Phần lớn qua ống",16.6653,8.4271,1.2418,0.0000,0.0000,2
"3 · Phần lớn qua ống",16.6682,8.5128,1.0765,0.0000,0.0000,2
"3 · Phần lớn qua ống",16.6672,8.0785,1.1209,0.0000,0.0000,2
"3 · Phần lớn qua ống",16.6666,8.0023,1.1043,0.0000,0.0000,2
"3 · Phần lớn qua ống",16.6704,8.1033,1.1665,0.0000,0.0000,2
"3 · Phần lớn qua ống",16.6626,8.3145,1.0523,0.0000,0.0000,2
"3 · Phần lớn qua ống",16.6652,8.2584,0.9629,0.0000,0.0000,2
"3 · Phần lớn qua ống",16.6686,8.2649,0.9072,0.0000,0.0000,2
"3 · Phần lớn qua ống",16.6652,8.3830,0.9861,0.0000,0.0000,2
"3 · Phần lớn qua ống",16.6659,7.8441,0.9585,0.0000,0.0000,2
"3 · Phần lớn qua ống",16.6677,7.7909,1.0098,0.0000,0.0000,2
"3 · Phần lớn qua ống",16.6657,7.9664,0.9132,0.0000,0.0000,2
"3 · Phần lớn qua ống",16.6686,7.9412,0.9044,0.0000,0.0000,2
"3 · Phần lớn qua ống",16.6659,8.1277,0.8284,0.0000,0.0000,2
"3 · Phần lớn qua ống",16.6663,7.6778,0.9799,0.0000,0.0000,2
"3 · Phần lớn qua ống",16.6665,7.9428,0.8640,0.0000,0.0000,2
"3 · Phần lớn qua ống",16.6688,7.7522,0.8559,0.0000,0.0000,2
"3 · Phần lớn qua ống",16.6646,8.0501,0.8574,0.0000,0.0000,2
"3 · Phần lớn qua ống",16.6685,7.7967,0.8706,0.0000,0.0000,2
"3 · Phần lớn qua ống",16.6664,8.2612,0.8887,0.0000,0.0000,2
"3 · Phần lớn qua ống",16.6658,8.2839,0.8434,0.0000,0.0000,2
"3 · Phần lớn qua ống",16.6670,8.4609,0.8416,0.0000,0.0000,2
"3 · Phần lớn qua ống",16.6664,8.3758,0.9196,0.0000,0.0000,2
"3 · Phần lớn qua ống",16.6688,8.4560,0.9482,0.0000,0.0000,2
"3 · Phần lớn qua ống",16.6657,8.5614,0.8784,0.0000,0.0000,2
"3 · Phần lớn qua ống",16.6666,8.4330,0.9245,0.0000,0.0000,2
"3 · Phần lớn qua ống",16.6670,8.4223,0.8886,0.0000,0.0000,2
"4 · Nâng bánh răng G",16.6657,8.1287,0.8305,0.0000,0.4627,2
"4 · Nâng bánh răng G",16.6686,8.3724,0.8419,0.0000,0.0000,2
"4 · Nâng bánh răng G",16.6657,8.3017,0.8406,0.0000,0.0000,2
"4 · Nâng bánh răng G",16.6686,8.3583,1.0905,0.0000,0.0000,2
"4 · Nâng bánh răng G",16.6643,8.2853,0.9881,0.0000,0.0000,2
"4 · Nâng bánh răng G",16.6820,8.2711,1.0211,0.0000,0.0000,2
"4 · Nâng bánh răng G",16.6658,8.7066,1.2547,0.0000,0.0000,2
"4 · Nâng bánh răng G",16.6665,8.4630,0.9501,0.0000,0.0000,2
"4 · Nâng bánh răng G",16.6679,8.2826,1.0591,0.0000,0.0000,2
"4 · Nâng bánh răng G",16.6662,8.4256,0.9041,0.0000,0.0000,2
"4 · Nâng bánh răng G",16.6667,8.8373,0.9361,0.0000,0.0000,2
"4 · Nâng bánh răng G",16.6665,9.0244,0.9358,0.0000,0.0000,2
"4 · Nâng bánh răng G",16.6675,8.3530,0.9676,0.0000,0.0000,2
"4 · Nâng bánh răng G",16.6655,8.7001,0.9319,0.0000,0.0000,2
"4 · Nâng bánh răng G",16.6672,8.4715,0.9176,0.0000,0.0000,2
"4 · Nâng bánh răng G",16.6684,8.1758,0.9367,0.0000,0.0000,2
"4 · Nâng bánh răng G",16.6650,8.6676,0.9795,0.0000,0.0000,2
"4 · Nâng bánh răng G",16.6687,8.5272,1.0094,0.0000,0.0000,2
"4 · Nâng bánh răng G",16.6648,8.5335,1.0021,0.0000,0.0000,2
"4 · Nâng bánh răng G",16.6664,8.7548,1.0499,0.0000,0.0000,2
"4 · Nâng bánh răng G",16.6667,8.3537,0.9217,0.0000,0.0000,2
"4 · Nâng bánh răng G",16.6686,8.9596,0.9851,0.0000,0.0000,2
"4 · Nâng bánh răng G",16.6664,8.3616,0.9045,0.0000,0.0000,2
"4 · Nâng bánh răng G",16.6689,7.9945,0.8988,0.0000,0.0000,2
"4 · Nâng bánh răng G",16.6637,8.6622,0.9556,0.0000,0.0000,2
"4 · Nâng bánh răng G",16.6664,8.5114,0.8163,0.0000,0.0000,2
"4 · Nâng bánh răng G",16.6691,8.9156,1.1141,0.0000,0.0000,2
"4 · Nâng bánh răng G",16.6666,8.9096,0.9191,0.0000,0.0000,2
"4 · Nâng bánh răng G",16.6651,8.8923,0.9136,0.0000,0.0000,2
"4 · Nâng bánh răng G",16.6668,8.9311,0.9018,0.0000,0.0000,2
"4 · Nâng bánh răng G",16.6671,8.9000,0.8327,0.0000,0.0000,2
"4 · Nâng bánh răng G",16.6659,8.6730,0.8970,0.0000,0.0000,2
"4 · Nâng bánh răng G",16.6678,8.5229,0.9211,0.0000,0.0000,2
"4 · Nâng bánh răng G",16.6660,8.6829,0.9119,0.0000,0.0000,2
"4 · Nâng bánh răng G",16.6684,8.4051,0.8204,0.0000,0.0000,2
"4 · Nâng bánh răng G",16.6679,8.3828,0.9583,0.0000,0.0000,2
"4 · Nâng bánh răng G",16.6639,8.3136,0.8317,0.0000,0.0000,2
"4 · Nâng bánh răng G",16.6673,8.5885,0.9782,0.0000,0.0000,2
"4 · Nâng bánh răng G",16.6674,8.0571,1.0183,0.0000,0.0000,2
"4 · Nâng bánh răng G",16.6670,8.0694,0.9805,0.0000,0.0000,2
"4 · Nâng bánh răng G",16.6663,7.8449,0.9633,0.0000,0.0000,2
"4 · Nâng bánh răng G",16.6659,7.9253,0.9396,0.0000,0.0000,2
"4 · Nâng bánh răng G",16.6677,7.3746,0.8544,0.0000,0.0000,2
"4 · Nâng bánh răng G",16.6680,7.3174,0.9634,0.0000,0.0000,2
"4 · Nâng bánh răng G",16.6642,7.2463,1.0477,0.0000,0.0000,2
"4 · Nâng bánh răng G",16.6674,7.3076,0.9376,0.0000,0.0000,2
"4 · Nâng bánh răng G",16.6670,7.3404,0.9292,0.0000,0.0000,2
"4 · Nâng bánh răng G",16.6675,7.4640,0.9443,0.0000,0.0000,2
"4 · Nâng bánh răng G",16.6650,7.4601,0.9482,0.0000,0.0000,2
"4 · Nâng bánh răng G",16.6746,7.4962,1.0695,0.0000,0.0000,2
"4 · Nâng bánh răng G",16.6660,7.6732,1.0175,0.0000,0.0000,2
"4 · Nâng bánh răng G",16.6656,7.3644,1.0220,0.0000,0.0000,2
"4 · Nâng bánh răng G",16.6667,7.6307,0.8930,0.0000,0.0000,2
"4 · Nâng bánh răng G",16.6662,7.5776,0.9781,0.0000,0.0000,2
"4 · Nâng bánh răng G",16.6663,7.2109,0.8474,0.0000,0.0000,2
"4 · Nâng bánh răng G",16.6682,6.7976,0.9131,0.0000,0.0000,2
"4 · Nâng bánh răng G",16.6655,7.2327,0.9695,0.0000,0.0000,2
"4 · Nâng bánh răng G",16.6674,7.2182,1.0080,0.0000,0.0000,2
"4 · Nâng bánh răng G",16.6657,7.2066,0.8748,0.0000,0.0000,2
"4 · Nâng bánh răng G",16.6663,7.1847,0.9114,0.0000,0.0000,2
"4 · Nâng bánh răng G",16.6678,7.0731,1.2694,0.0000,0.0000,2
"4 · Nâng bánh răng G",16.6675,7.3041,0.9400,0.0000,0.0000,2
"4 · Nâng bánh răng G",16.6663,7.8043,1.1287,0.0000,0.0000,2
"4 · Nâng bánh răng G",16.6660,7.6845,0.9118,0.0000,0.0000,2
"4 · Nâng bánh răng G",16.6670,7.7311,0.9075,0.0000,0.0000,2
"4 · Nâng bánh răng G",16.6673,7.6038,0.9876,0.0000,0.0000,2
"4 · Nâng bánh răng G",16.6657,7.8754,0.7888,0.0000,0.0000,2
"4 · Nâng bánh răng G",16.6675,7.4687,0.9221,0.0000,0.0000,2
"4 · Nâng bánh răng G",16.6670,8.0524,0.9688,0.0000,0.0000,2
"4 · Nâng bánh răng G",16.6662,7.9772,1.0361,0.0000,0.0000,2
"4 · Nâng bánh răng G",16.6670,7.9528,0.9993,0.0000,0.0000,2
"4 · Nâng bánh răng G",16.6674,8.0234,1.0057,0.0000,0.0000,2
"4 · Nâng bánh răng G",16.6654,7.9217,1.0796,0.0000,0.0000,2
"4 · Nâng bánh răng G",16.6673,8.0512,0.8293,0.0000,0.0000,2
"4 · Nâng bánh răng G",16.6731,8.1592,0.9376,0.0000,0.0000,2
"4 · Nâng bánh răng G",16.6607,8.0998,0.9717,0.0000,0.0000,2
"4 · Nâng bánh răng G",16.6660,7.8191,0.8980,0.0000,0.0000,2
"4 · Nâng bánh răng G",16.6676,8.4536,1.0398,0.0000,0.0000,2
"4 · Nâng bánh răng G",16.6667,8.3069,0.9897,0.0000,0.0000,2
"4 · Nâng bánh răng G",16.6667,8.3224,0.9912,0.0000,0.0000,2
"4 · Nâng bánh răng G",16.6666,8.3264,0.9266,0.0000,0.0000,2
"4 · Nâng bánh răng G",16.6660,8.0867,0.8159,0.0000,0.0000,2
"4 · Nâng bánh răng G",16.6677,8.6476,0.9115,0.0000,0.0000,2
"4 · Nâng bánh răng G",16.6658,8.6964,0.8202,0.0000,0.0000,2
"4 · Nâng bánh răng G",16.7114,8.8063,0.8697,0.0000,0.0000,2
"4 · Nâng bánh răng G",16.6661,8.7180,0.8981,0.0000,0.0000,2
"4 · Nâng bánh răng G",16.6684,8.2219,0.8802,0.0000,0.0000,2
"4 · Nâng bánh răng G",16.6657,8.3764,0.9465,0.0000,0.0000,2
"4 · Nâng bánh răng G",16.6667,8.3460,0.8872,0.0000,0.0000,2
"4 · Nâng bánh răng G",16.6723,8.3879,0.9737,0.0000,0.0000,2
"4 · Nâng bánh răng G",16.6610,8.3605,0.9507,0.0000,0.0000,2
"4 · Nâng bánh răng G",16.6673,8.2881,0.9124,0.0000,0.0000,2
"4 · Nâng bánh răng G",16.6670,8.3092,1.0403,0.0000,0.0000,2
"4 · Nâng bánh răng G",16.6658,7.9366,0.8870,0.0000,0.0000,2
"4 · Nâng bánh răng G",16.6698,7.4405,0.9656,0.0000,0.0000,2
"4 · Nâng bánh răng G",16.6663,7.8871,0.9411,0.0000,0.0000,2
"4 · Nâng bánh răng G",16.6660,7.6901,0.9063,0.0000,0.0000,2
"4 · Nâng bánh răng G",16.6672,7.6199,0.9737,0.0000,0.0000,2
"4 · Nâng bánh răng G",16.6680,7.8489,0.9072,0.0000,0.0000,2
"4 · Nâng bánh răng G",16.6658,7.5935,0.9853,0.0000,0.0000,2
"4 · Nâng bánh răng G",16.6663,7.5387,0.8377,0.0000,0.0000,2
"4 · Nâng bánh răng G",16.6672,7.4877,0.8461,0.0000,0.0000,2
"4 · Nâng bánh răng G",16.6662,7.2420,1.0971,0.0000,0.0000,2
"4 · Nâng bánh răng G",16.6688,7.5109,1.0669,0.0000,0.0000,2
"4 · Nâng bánh răng G",16.6648,7.5065,1.0321,0.0000,0.0000,2
"4 · Nâng bánh răng G",16.6665,7.4968,0.9576,0.0000,0.0000,2
"4 · Nâng bánh răng G",16.6673,7.7378,0.9262,0.0000,0.0000,2
"4 · Nâng bánh răng G",16.6680,7.6701,0.9270,0.0000,0.0000,2
"4 · Nâng bánh răng G",16.6650,7.3391,1.0932,0.0000,0.0000,2
"4 · Nâng bánh răng G",16.6668,7.5862,0.9275,0.0000,0.0000,2
"4 · Nâng bánh răng G",16.6668,7.6371,0.9646,0.0000,0.0000,2
"4 · Nâng bánh răng G",16.6666,7.9149,0.8589,0.0000,0.0000,2
"4 · Nâng bánh răng G",16.6676,7.6119,0.9554,0.0000,0.0000,2
"4 · Nâng bánh răng G",16.6672,7.9796,1.0072,0.0000,0.0000,2
"4 · Nâng bánh răng G",16.6663,8.4755,1.0218,0.0000,0.0000,2
"4 · Nâng bánh răng G",16.6658,8.4613,0.9344,0.0000,0.0000,2
"4 · Nâng bánh răng G",16.6669,8.5554,1.0727,0.0000,0.0000,2
"4 · Nâng bánh răng G",16.6670,8.6731,0.8854,0.0000,0.0000,2
"4 · Nâng bánh răng G",16.6669,8.7000,1.0847,0.0000,0.0000,2
"4 · Nâng bánh răng G",16.6670,8.5227,1.0822,0.0000,0.0000,2
"4 · Nâng bánh răng G",16.6670,8.5754,0.9800,0.0000,0.0000,2
"4 · Nâng bánh răng G",16.6666,8.6523,0.9521,0.0000,0.0000,2
"4 · Nâng bánh răng G",16.6670,8.6726,0.9562,0.0000,0.0000,2
"4 · Nâng bánh răng G",16.6669,8.6219,1.0264,0.0000,0.0000,2
"4 · Nâng bánh răng G",16.6664,8.4799,1.0686,0.0000,0.0000,2
"4 · Nâng bánh răng G",16.6661,8.5180,1.0191,0.0000,0.0000,2
"4 · Nâng bánh răng G",16.6665,8.6625,0.8114,0.0000,0.0000,2
"4 · Nâng bánh răng G",16.6675,8.6329,0.8526,0.0000,0.0000,2
"4 · Nâng bánh răng G",16.6663,8.0147,1.0465,0.0000,0.2918,2
"4 · Nâng bánh răng G",16.6669,8.2153,1.0331,0.0000,0.0000,2
"4 · Nâng bánh răng G",16.6668,8.3205,1.7610,0.0000,0.0000,2
"4 · Nâng bánh răng G",16.6683,8.3829,0.8093,0.0000,0.0000,2
"4 · Nâng bánh răng G",16.6650,8.1898,0.9354,0.0000,0.0000,2
"4 · Nâng bánh răng G",16.6666,8.3375,0.6753,0.0000,0.0000,2
"4 · Nâng bánh răng G",16.6674,8.2732,0.7912,0.0000,0.0000,2
"4 · Nâng bánh răng G",16.6674,8.4577,0.6951,0.0000,0.0000,2
"4 · Nâng bánh răng G",16.6658,8.5423,0.7838,0.0000,0.0000,2
"4 · Nâng bánh răng G",16.6671,8.4666,0.7121,0.0000,0.0000,2
"4 · Nâng bánh răng G",16.6664,8.0682,0.6827,0.0000,0.0000,2
"4 · Nâng bánh răng G",16.6677,7.5181,0.7577,0.0000,0.0000,2
"4 · Nâng bánh răng G",16.6660,7.6014,0.6868,0.0000,0.0000,2
"4 · Nâng bánh răng G",16.6702,7.4055,0.8675,0.0000,0.0000,2
"4 · Nâng bánh răng G",16.6654,7.5427,1.0441,0.0000,0.0000,2
"4 · Nâng bánh răng G",16.6739,7.5148,0.7900,0.0000,0.0000,2
"4 · Nâng bánh răng G",16.6621,7.6625,0.7685,0.0000,0.0000,2
"4 · Nâng bánh răng G",16.6659,7.8375,0.7868,0.0000,0.0000,2
"4 · Nâng bánh răng G",16.6669,7.5285,0.6912,0.0000,0.0000,2
"4 · Nâng bánh răng G",16.6670,7.5833,0.7746,0.0000,0.0000,2
"4 · Nâng bánh răng G",16.6674,7.5163,0.7254,0.0000,0.0000,2
"4 · Nâng bánh răng G",16.6662,7.6732,0.6869,0.0000,0.0000,2
"4 · Nâng bánh răng G",16.6662,7.5807,0.6951,0.0000,0.0000,2
"4 · Nâng bánh răng G",16.6666,7.6004,0.6769,0.0000,0.0000,2
"4 · Nâng bánh răng G",16.6673,7.6992,0.7374,0.0000,0.0000,2
"4 · Nâng bánh răng G",16.6670,7.6545,0.7140,0.0000,0.0000,2
"4 · Nâng bánh răng G",16.6673,7.8360,0.6994,0.0000,0.0000,2
"4 · Nâng bánh răng G",16.6653,8.0188,0.7061,0.0000,0.0000,2
"4 · Nâng bánh răng G",16.6688,8.0211,0.7998,0.0000,0.0000,2
"4 · Nâng bánh răng G",16.6666,8.1448,0.7948,0.0000,0.0000,2
"4 · Nâng bánh răng G",16.6672,8.4224,0.7455,0.0000,0.0000,2
"4 · Nâng bánh răng G",16.6641,8.3863,0.7262,0.0000,0.0000,2
"4 · Nâng bánh răng G",16.6667,8.2016,0.7516,0.0000,0.0000,2
"4 · Nâng bánh răng G",16.6686,8.4668,0.6696,0.0000,0.0000,2
"4 · Nâng bánh răng G",16.6660,8.0698,0.8265,0.0000,0.0000,2
"4 · Nâng bánh răng G",16.6670,8.0769,0.7008,0.0000,0.0000,2
"4 · Nâng bánh răng G",16.6668,7.7580,0.7761,0.0000,0.0000,2
"4 · Nâng bánh răng G",16.6658,8.2148,0.7022,0.0000,0.0000,2
"4 · Nâng bánh răng G",16.6677,8.2735,39.4059,38.1659,0.0000,2
"4 · Nâng bánh răng G",66.3395,8.1781,2.7824,0.0000,0.0000,2
"4 · Nâng bánh răng G",16.6668,8.1300,0.8218,0.0000,0.0000,2
"4 · Nâng bánh răng G",16.6671,8.6153,0.7644,0.0000,0.0000,2
"4 · Nâng bánh răng G",16.6658,8.1499,0.6696,0.0000,0.0000,2
"4 · Nâng bánh răng G",16.6909,8.6208,0.7856,0.0000,0.0000,2
"4 · Nâng bánh răng G",16.6621,8.5207,0.8238,0.0000,0.0000,2
"4 · Nâng bánh răng G",16.6663,8.2879,0.9566,0.0000,0.0000,2
"4 · Nâng bánh răng G",16.6681,8.3295,1.0618,0.0000,0.0000,2
"4 · Nâng bánh răng G",16.6674,8.2161,0.7909,0.0000,0.0000,2
"4 · Nâng bánh răng G",16.6653,8.5580,0.8693,0.0000,0.0000,2
"4 · Nâng bánh răng G",16.6666,8.7462,0.9285,0.0000,0.0000,2
"4 · Nâng bánh răng G",16.6682,8.9922,0.7313,0.0000,0.0000,2
"4 · Nâng bánh răng G",16.6669,9.1140,0.8059,0.0000,0.0000,2
"4 · Nâng bánh răng G",16.6651,9.1173,0.7308,0.0000,0.0000,2
"4 · Nâng bánh răng G",16.6680,9.2267,0.7733,0.0000,0.0000,2
"4 · Nâng bánh răng G",16.6658,8.9422,0.7075,0.0000,0.0000,2
"4 · Nâng bánh răng G",16.6657,9.2115,0.8439,0.0000,0.0000,2
"4 · Nâng bánh răng G",16.6670,8.6241,0.7392,0.0000,0.0000,2
"4 · Nâng bánh răng G",16.6674,8.6219,34.7938,33.7786,0.0000,2
"4 · Nâng bánh răng G",49.8932,8.7235,2.0930,0.0000,0.0000,2
"4 · Nâng bánh răng G",16.6667,8.7315,0.7704,0.0000,0.0000,2
"4 · Nâng bánh răng G",16.6658,8.8441,0.7495,0.0000,0.0000,2
"4 · Nâng bánh răng G",16.6874,9.0471,0.7599,0.0000,0.0000,2
"4 · Nâng bánh răng G",16.6734,8.8125,0.7354,0.0000,0.0000,2
"4 · Nâng bánh răng G",16.7449,8.8904,0.7122,0.0000,0.0000,2
"4 · Nâng bánh răng G",16.6658,8.8656,0.7811,0.0000,0.0000,2
"4 · Nâng bánh răng G",16.6665,8.3709,0.8301,0.0000,0.0000,2
"4 · Nâng bánh răng G",16.6669,8.2221,0.7980,0.0000,0.0000,2
"4 · Nâng bánh răng G",16.6682,8.3145,0.7331,0.0000,0.0000,2
"4 · Nâng bánh răng G",19.6298,8.2342,0.7495,0.0000,0.0000,2
"4 · Nâng bánh răng G",16.9736,8.2932,0.6612,0.0000,0.0000,2
"4 · Nâng bánh răng G",17.0185,8.3574,0.7207,0.0000,0.0000,2
"4 · Nâng bánh răng G",17.0662,8.2459,0.6468,0.0000,0.0000,2
"4 · Nâng bánh răng G",17.1194,8.4020,0.7165,0.0000,0.0000,2
"4 · Nâng bánh răng G",17.1925,8.7872,0.9416,0.0000,0.0000,2
"4 · Nâng bánh răng G",28.7860,8.8347,1.2149,0.0000,0.0000,2
"4 · Nâng bánh răng G",16.6673,8.7110,35.3888,34.4876,0.0000,2
"4 · Nâng bánh răng G",49.3136,8.3063,1.9891,0.0000,0.0000,2
"4 · Nâng bánh răng G",16.7188,8.5903,0.7524,0.0000,0.0000,2
"4 · Nâng bánh răng G",16.8394,8.3345,0.7890,0.0000,0.0000,2
"4 · Nâng bánh răng G",16.6763,8.2666,0.8215,0.0000,0.0000,2
"4 · Nâng bánh răng G",17.2596,8.3428,0.9129,0.0000,0.0000,2
"4 · Nâng bánh răng G",16.6671,8.2687,0.8887,0.0000,0.0000,2
"4 · Nâng bánh răng G",16.6670,8.3490,0.8699,0.0000,0.0000,2
"4 · Nâng bánh răng G",16.6661,8.3450,0.9273,0.0000,0.0000,2
"4 · Nâng bánh răng G",16.6890,8.3701,0.8139,0.0000,0.0000,2
"4 · Nâng bánh răng G",16.6675,8.2860,1.0385,0.0000,0.0000,2
"4 · Nâng bánh răng G",16.6647,8.7087,0.8173,0.0000,0.0000,2
"4 · Nâng bánh răng G",16.6687,8.4812,0.7825,0.0000,0.0000,2
"4 · Nâng bánh răng G",16.6654,8.8273,0.7510,0.0000,0.0000,2
"4 · Nâng bánh răng G",16.6666,8.7443,0.9000,0.0000,0.0000,2
"4 · Nâng bánh răng G",16.6682,8.7034,0.8303,0.0000,0.0000,2
"4 · Nâng bánh răng G",16.6663,8.8875,0.7957,0.0000,0.0000,2
"4 · Nâng bánh răng G",16.6649,8.9287,0.8332,0.0000,0.0000,2
"4 · Nâng bánh răng G",16.6687,8.9220,0.7513,0.0000,0.0000,2
"4 · Nâng bánh răng G",16.6666,9.0122,0.8274,0.0000,0.0000,2
"4 · Nâng bánh răng G",16.6688,9.0297,35.3807,34.5309,0.0000,2
"4 · Nâng bánh răng G",49.1097,9.2208,2.0384,0.0000,0.0000,2
"4 · Nâng bánh răng G",16.6670,8.9936,0.7491,0.0000,0.0000,2
"4 · Nâng bánh răng G",16.8774,8.9701,0.6873,0.0000,0.0000,2
"4 · Nâng bánh răng G",16.6668,8.7429,0.6797,0.0000,0.0000,2
"4 · Nâng bánh răng G",16.6760,8.7499,0.6834,0.0000,0.0000,2
"4 · Nâng bánh răng G",16.6662,8.8272,0.6847,0.0000,0.0000,2
"4 · Nâng bánh răng G",16.6942,8.6225,0.7064,0.0000,0.0000,2
"4 · Nâng bánh răng G",16.6665,8.6786,0.6990,0.0000,0.0000,2
"4 · Nâng bánh răng G",16.6668,8.7789,0.6913,0.0000,0.0000,2
"4 · Nâng bánh răng G",16.6702,8.6940,0.6822,0.0000,0.0000,2
"4 · Nâng bánh răng G",16.6667,8.7903,0.7350,0.0000,0.0000,2
"4 · Nâng bánh răng G",16.6670,8.2595,0.6756,0.0000,0.0000,2
"4 · Nâng bánh răng G",16.6888,8.4085,0.6477,0.0000,0.0000,2
"4 · Nâng bánh răng G",16.6672,8.1141,0.7873,0.0000,0.0000,2
"4 · Nâng bánh răng G",16.6740,8.4103,0.6975,0.0000,0.0000,2
"4 · Nâng bánh răng G",16.6665,8.4339,0.7262,0.0000,0.0000,2
"4 · Nâng bánh răng G",16.6728,8.4164,0.7790,0.0000,0.0000,2
"4 · Nâng bánh răng G",16.6655,8.2696,0.6904,0.0000,0.0000,2
"4 · Nâng bánh răng G",16.6675,8.5490,35.7047,34.8689,0.0000,2
"4 · Nâng bánh răng G",49.7795,8.5038,2.0190,0.0000,0.0000,2
"4 · Nâng bánh răng G",16.6668,8.6287,0.7072,0.0000,0.0000,2
"4 · Nâng bánh răng G",16.7721,8.2601,0.7266,0.0000,0.0000,2
"4 · Nâng bánh răng G",16.6692,8.6748,0.7774,0.0000,0.0000,2
"4 · Nâng bánh răng G",16.7067,7.8316,0.7539,0.0000,0.0000,2
"4 · Nâng bánh răng G",16.7829,7.9947,0.7413,0.0000,0.0000,2
"4 · Nâng bánh răng G",16.6665,8.1912,0.7528,0.0000,0.0000,2
"4 · Nâng bánh răng G",16.6682,7.6324,0.6771,0.0000,0.0000,2
"4 · Nâng bánh răng G",16.6660,7.5475,0.8032,0.0000,0.0000,2
"4 · Nâng bánh răng G",16.6659,7.8820,0.6725,0.0000,0.0000,2
"4 · Nâng bánh răng G",16.6673,8.1738,0.7757,0.0000,0.0000,2
"4 · Nâng bánh răng G",16.6686,7.9569,0.6976,0.0000,0.0000,2
"4 · Nâng bánh răng G",16.6641,8.1049,0.6969,0.0000,0.0000,2
"4 · Nâng bánh răng G",16.6678,7.8794,0.7778,0.0000,0.0000,2
"4 · Nâng bánh răng G",16.6662,7.9823,0.7018,0.0000,0.0000,2
"4 · Nâng bánh răng G",16.6668,8.2141,0.7775,0.0000,0.0000,2
"4 · Nâng bánh răng G",16.6662,8.0367,0.6999,0.0000,0.0000,2
"4 · Nâng bánh răng G",16.6673,7.8872,0.7675,0.0000,0.0000,2
"4 · Nâng bánh răng G",16.6683,8.2154,1.5924,0.0000,0.0000,2
"4 · Nâng bánh răng G",16.6654,7.8667,36.9188,36.0463,0.0000,2
"4 · Nâng bánh răng G",49.6722,7.6820,2.0444,0.0000,0.0000,2
"4 · Nâng bánh răng G",16.8215,7.6573,0.7580,0.0000,0.0000,2
"4 · Nâng bánh răng G",16.6662,7.4029,0.7188,0.0000,0.0000,2
"4 · Nâng bánh răng G",16.6673,8.3058,0.7129,0.0000,0.0000,2
"4 · Nâng bánh răng G",16.7872,8.8777,0.7128,0.0000,0.0000,2
"4 · Nâng bánh răng G",16.6675,8.5897,0.7767,0.0000,0.0000,2
"4 · Nâng bánh răng G",16.6664,8.5480,0.7566,0.0000,0.0000,2
"4 · Nâng bánh răng G",16.6670,8.8199,0.7286,0.0000,0.0000,2
"4 · Nâng bánh răng G",16.6665,8.8937,0.6871,0.0000,0.0000,2
"4 · Nâng bánh răng G",16.6669,8.7321,0.6900,0.0000,0.0000,2
"4 · Nâng bánh răng G",16.6671,8.5736,0.7698,0.0000,0.0000,2
"4 · Nâng bánh răng G",16.6659,8.5963,0.7279,0.0000,0.0000,2
"4 · Nâng bánh răng G",16.6676,8.2306,0.7106,0.0000,0.0000,2
"4 · Nâng bánh răng G",16.6662,8.2580,0.7139,0.0000,0.0000,2
"4 · Nâng bánh răng G",16.6668,8.3084,0.7259,0.0000,0.0000,2
"4 · Nâng bánh răng G",16.6900,8.2089,0.7217,0.0000,0.0000,2
"4 · Nâng bánh răng G",16.6669,8.1910,0.8072,0.0000,0.0000,2
"4 · Nâng bánh răng G",16.6670,8.2135,0.7092,0.0000,0.0000,2
"4 · Nâng bánh răng G",16.6711,8.5302,36.1822,35.3856,0.0000,2
"5 · Chia B và C",49.6914,8.2670,37.1261,35.0522,0.6016,2
"5 · Chia B và C",67.3814,8.3146,3.0690,0.0000,0.0000,2
"5 · Chia B và C",16.6747,8.0876,0.9308,0.0000,0.0000,2
"5 · Chia B và C",16.6905,8.2590,0.9536,0.0000,0.0000,2
"5 · Chia B và C",16.6661,7.9101,0.9055,0.0000,0.0000,2
"5 · Chia B và C",16.6647,8.1619,0.9981,0.0000,0.0000,2
"5 · Chia B và C",16.6674,8.0215,0.9555,0.0000,0.0000,2
"5 · Chia B và C",16.6679,7.9682,0.8531,0.0000,0.0000,2
"5 · Chia B và C",16.6677,8.1460,0.9190,0.0000,0.0000,2
"5 · Chia B và C",16.6658,8.3772,0.8691,0.0000,0.0000,2
"5 · Chia B và C",16.6655,7.8561,1.0037,0.0000,0.0000,2
"5 · Chia B và C",16.6945,8.1476,1.2104,0.0000,0.0000,2
"5 · Chia B và C",16.6766,8.0520,0.8828,0.0000,0.0000,2
"5 · Chia B và C",16.6676,8.4639,0.8821,0.0000,0.0000,2
"5 · Chia B và C",16.6655,8.3794,0.9429,0.0000,0.0000,2
"5 · Chia B và C",16.6701,8.5872,0.8690,0.0000,0.0000,2
"5 · Chia B và C",16.6631,8.5708,0.8639,0.0000,0.0000,2
"5 · Chia B và C",16.6674,8.7626,0.9353,0.0000,0.0000,2
"5 · Chia B và C",16.6673,8.1877,0.8862,0.0000,0.0000,2
"5 · Chia B và C",16.6657,8.5392,0.9394,0.0000,0.0000,2
"5 · Chia B và C",16.6669,8.2933,1.1396,0.0000,0.0000,2
"5 · Chia B và C",16.6672,8.7517,1.0269,0.0000,0.0000,2
"5 · Chia B và C",16.6664,8.0125,0.9624,0.0000,0.0000,2
"5 · Chia B và C",16.6690,8.1490,0.9295,0.0000,0.0000,2
"5 · Chia B và C",16.6653,8.1356,0.9701,0.0000,0.0000,2
"5 · Chia B và C",16.6789,8.2916,1.1005,0.0000,0.0000,2
"5 · Chia B và C",16.6677,8.2111,0.9685,0.0000,0.0000,2
"5 · Chia B và C",16.6661,8.3768,0.9111,0.0000,0.0000,2
"5 · Chia B và C",16.6679,8.4107,0.8782,0.0000,0.0000,2
"5 · Chia B và C",16.6727,8.8108,0.9302,0.0000,0.0000,2
"5 · Chia B và C",16.6669,8.6291,1.0006,0.0000,0.0000,2
"5 · Chia B và C",16.6667,8.5613,1.0342,0.0000,0.0000,2
"5 · Chia B và C",16.6667,8.8595,0.9017,0.0000,0.0000,2
"5 · Chia B và C",16.6673,8.6566,1.0859,0.0000,0.0000,2
"5 · Chia B và C",16.6663,8.7008,1.0827,0.0000,0.0000,2
"5 · Chia B và C",16.6676,8.8584,0.9787,0.0000,0.0000,2
"5 · Chia B và C",16.6688,8.8434,0.9464,0.0000,0.0000,2
"5 · Chia B và C",16.6648,8.7828,0.9880,0.0000,0.0000,2
"5 · Chia B và C",16.6655,8.8017,0.9895,0.0000,0.0000,2
"5 · Chia B và C",16.6675,8.7463,1.0373,0.0000,0.0000,2
"5 · Chia B và C",16.6705,9.0558,1.1409,0.0000,0.0000,2
"5 · Chia B và C",16.6648,8.9527,0.9702,0.0000,0.0000,2
"5 · Chia B và C",16.6675,9.4829,0.9309,0.0000,0.0000,2
"5 · Chia B và C",16.7063,9.3594,1.0656,0.0000,0.0000,2
"5 · Chia B và C",16.6671,9.1533,0.8950,0.0000,0.0000,2
"5 · Chia B và C",16.6661,8.9869,1.1545,0.0000,0.0000,2
"5 · Chia B và C",16.6661,9.0660,1.0911,0.0000,0.0000,2
"5 · Chia B và C",16.6681,9.4397,1.1443,0.0000,0.0000,2
"5 · Chia B và C",16.6661,9.4096,1.1054,0.0000,0.0000,2
"5 · Chia B và C",16.6684,9.4347,1.1399,0.0000,0.0000,2
"5 · Chia B và C",16.6670,9.2175,1.0495,0.0000,0.0000,2
"5 · Chia B và C",16.7150,9.0392,1.0323,0.0000,0.0000,2
"5 · Chia B và C",16.7142,9.2962,0.8945,0.0000,0.0000,2
"5 · Chia B và C",16.6853,9.0869,1.0160,0.0000,0.0000,2
"5 · Chia B và C",16.6876,9.0651,0.9199,0.0000,0.0000,2
"5 · Chia B và C",16.6749,9.0811,1.1026,0.0000,0.0000,2
"5 · Chia B và C",16.6773,8.7315,1.0402,0.0000,0.0000,2
"5 · Chia B và C",16.7109,8.5580,0.9624,0.0000,0.0000,2
"5 · Chia B và C",16.6811,8.6387,0.9361,0.0000,0.0000,2
"5 · Chia B và C",16.6899,8.6338,1.0160,0.0000,0.0000,2
"5 · Chia B và C",16.6779,8.7687,0.9401,0.0000,0.0000,2
"5 · Chia B và C",16.6909,8.9130,0.9718,0.0000,0.0000,2
"5 · Chia B và C",16.6902,8.8521,1.0306,0.0000,0.0000,2
"5 · Chia B và C",16.6951,8.8164,1.1090,0.0000,0.0000,2
"5 · Chia B và C",16.6995,8.3142,1.1249,0.0000,0.0000,2
"5 · Chia B và C",16.7144,8.4532,0.9712,0.0000,0.0000,2
"5 · Chia B và C",16.6961,8.4067,0.9313,0.0000,0.0000,2
"5 · Chia B và C",16.7063,7.7946,0.9069,0.0000,0.0000,2
"5 · Chia B và C",16.7318,7.7382,1.1692,0.0000,0.0000,2
"5 · Chia B và C",16.7156,7.6510,1.0490,0.0000,0.0000,2
"5 · Chia B và C",16.7123,7.6694,1.0215,0.0000,0.0000,2
"5 · Chia B và C",16.7320,7.5937,0.9747,0.0000,0.0000,2
"5 · Chia B và C",16.7333,7.7146,0.9511,0.0000,0.0000,2
"5 · Chia B và C",16.8033,7.6208,0.9009,0.0000,0.0000,2
"5 · Chia B và C",16.7506,7.6755,0.9720,0.0000,0.0000,2
"5 · Chia B và C",16.8057,7.5675,0.9319,0.0000,0.0000,2
"5 · Chia B và C",16.7869,7.4188,0.9468,0.0000,0.0000,2
"5 · Chia B và C",16.8051,6.8599,0.8918,0.0000,0.0000,2
"5 · Chia B và C",16.8099,7.2071,0.9588,0.0000,0.0000,2
"5 · Chia B và C",16.8558,6.9704,0.8786,0.0000,0.0000,2
"5 · Chia B và C",16.8486,7.0073,0.8934,0.0000,0.0000,2
"5 · Chia B và C",16.8824,7.1191,0.8084,0.0000,0.0000,2
"5 · Chia B và C",16.9398,6.9563,0.7795,0.0000,0.0000,2
"5 · Chia B và C",16.9835,7.0297,0.7381,0.0000,0.0000,2
"5 · Chia B và C",17.0022,6.8094,0.7657,0.0000,0.0000,2
"5 · Chia B và C",17.0358,6.8707,0.7048,0.0000,0.0000,2
"5 · Chia B và C",16.6669,7.0097,0.7485,0.0000,0.0000,2
"5 · Chia B và C",17.1015,6.8346,0.7216,0.0000,0.0000,2
"5 · Chia B và C",16.8716,7.2067,0.7335,0.0000,0.0000,2
"5 · Chia B và C",17.1923,7.1707,1.0605,0.0000,0.0000,2
"5 · Chia B và C",28.6098,6.8562,1.2911,0.0000,0.0000,2
"5 · Chia B và C",16.6605,7.5395,0.9945,0.0000,0.0000,2
"5 · Chia B và C",16.6676,7.5139,1.0363,0.0000,0.0000,2
"5 · Chia B và C",16.6669,7.4317,0.9606,0.0000,0.0000,2
"5 · Chia B và C",16.6662,7.5360,1.0793,0.0000,0.0000,2
"5 · Chia B và C",16.6674,7.7505,0.9442,0.0000,0.0000,2
"5 · Chia B và C",16.6662,7.4378,1.0238,0.0000,0.0000,2
"5 · Chia B và C",16.6663,7.6240,1.0853,0.0000,0.0000,2
"5 · Chia B và C",16.6863,7.4518,1.0286,0.0000,0.0000,2
"5 · Chia B và C",16.6648,7.8271,1.1599,0.0000,0.0000,2
"5 · Chia B và C",16.6685,8.0399,0.9822,0.0000,0.0000,2
"5 · Chia B và C",16.6665,7.7460,1.1144,0.0000,0.0000,2
"5 · Chia B và C",16.6670,7.7824,1.0400,0.0000,0.0000,2
"5 · Chia B và C",16.6660,7.7859,0.9452,0.0000,0.0000,2
"5 · Chia B và C",16.6718,7.7594,1.0855,0.0000,0.0000,2
"5 · Chia B và C",16.6664,7.8001,1.0182,0.0000,0.0000,2
"5 · Chia B và C",16.6671,7.9429,0.9493,0.0000,0.0000,2
"5 · Chia B và C",16.6675,8.5488,0.9348,0.0000,0.0000,2
"5 · Chia B và C",16.6680,8.7011,1.0490,0.0000,0.0000,2
"5 · Chia B và C",16.6645,8.5365,1.0179,0.0000,0.0000,2
"5 · Chia B và C",16.6714,8.7985,1.0768,0.0000,0.0000,2
"5 · Chia B và C",16.6621,8.8944,0.9290,0.0000,0.0000,2
"5 · Chia B và C",16.6667,8.4769,1.1313,0.0000,0.0000,2
"5 · Chia B và C",16.6662,8.3766,0.9240,0.0000,0.0000,2
"5 · Chia B và C",16.6681,8.3694,0.9281,0.0000,0.0000,2
"5 · Chia B và C",16.6662,8.5166,0.8821,0.0000,0.0000,2
"5 · Chia B và C",16.6673,8.5660,0.8929,0.0000,0.0000,2
"5 · Chia B và C",16.6673,8.5203,0.9805,0.0000,0.0000,2
"5 · Chia B và C",16.6660,8.4296,0.9559,0.0000,0.0000,2
"5 · Chia B và C",16.6674,7.9601,0.8688,0.0000,0.0000,2
"5 · Chia B và C",16.6669,8.1618,1.0581,0.0000,0.0000,2
"5 · Chia B và C",16.6668,8.0351,0.9483,0.0000,0.0000,2
"5 · Chia B và C",16.7232,7.9693,0.9036,0.0000,0.0000,2
"5 · Chia B và C",16.6522,7.9699,0.9250,0.0000,0.0000,2
"5 · Chia B và C",16.6663,7.9744,0.9076,0.0000,0.0000,2
"5 · Chia B và C",16.6671,7.9311,0.9687,0.0000,0.0000,2
"5 · Chia B và C",16.6681,7.9389,0.9020,0.0000,0.0000,2
"5 · Chia B và C",16.6653,7.8420,0.9426,0.0000,0.0000,2
"5 · Chia B và C",16.6671,7.8265,1.0030,0.0000,0.0000,2
"5 · Chia B và C",16.6818,7.9081,0.9915,0.0000,0.0000,2
"5 · Chia B và C",16.6570,7.7083,0.9513,0.0000,0.0000,2
"5 · Chia B và C",16.6668,7.2796,0.9363,0.0000,0.0000,2
"5 · Chia B và C",16.6683,7.4441,0.9409,0.0000,0.0000,2
"5 · Chia B và C",16.6663,7.2773,1.0635,0.0000,0.0000,2
"5 · Chia B và C",16.6667,7.4764,1.3140,0.0000,0.0000,2
"5 · Chia B và C",16.6665,7.3845,1.0272,0.0000,0.0000,2
"5 · Chia B và C",16.6669,7.6039,1.0882,0.0000,0.0000,2
"5 · Chia B và C",16.6671,7.4281,1.0133,0.0000,0.0000,2
"5 · Chia B và C",16.6755,7.5649,0.9341,0.0000,0.0000,2
"5 · Chia B và C",16.6690,7.6185,1.0342,0.0000,0.0000,2
"5 · Chia B và C",16.6654,7.6175,1.1694,0.0000,0.0000,2
"5 · Chia B và C",16.6664,7.5194,0.9806,0.0000,0.0000,2
"5 · Chia B và C",16.6677,7.6008,0.9076,0.0000,0.0000,2
"5 · Chia B và C",16.6676,7.7584,0.9403,0.0000,0.0000,2
"5 · Chia B và C",16.6658,7.9017,0.9852,0.0000,0.0000,2
"5 · Chia B và C",16.6683,8.1870,0.9992,0.0000,0.0000,2
"5 · Chia B và C",16.6991,7.9096,1.1549,0.0000,0.0000,2
"5 · Chia B và C",16.6730,7.7913,1.0152,0.0000,0.0000,2
"5 · Chia B và C",16.6743,7.9560,0.9413,0.0000,0.0000,2
"5 · Chia B và C",16.6597,8.0480,1.1066,0.0000,0.0000,2
"5 · Chia B và C",16.6666,7.8341,1.0527,0.0000,0.0000,2
"5 · Chia B và C",16.6665,8.1758,1.0734,0.0000,0.0000,2
"5 · Chia B và C",16.6667,8.2404,1.1290,0.0000,0.0000,2
"5 · Chia B và C",16.6675,8.3711,0.9082,0.0000,0.0000,2
"5 · Chia B và C",16.6725,8.7731,1.0061,0.0000,0.0000,2
"5 · Chia B và C",16.6703,8.5124,1.0600,0.0000,0.0000,2
"5 · Chia B và C",16.6661,8.5454,0.8644,0.0000,0.0000,2
"5 · Chia B và C",16.6679,8.6451,1.0913,0.0000,0.0000,2
"5 · Chia B và C",16.6664,8.4901,1.0010,0.0000,0.0000,2
"5 · Chia B và C",16.6666,8.6378,0.9059,0.0000,0.0000,2
"5 · Chia B và C",16.6669,8.5889,0.9946,0.0000,0.0000,2
"5 · Chia B và C",16.6662,8.4909,0.8936,0.0000,0.0000,2
"5 · Chia B và C",16.6686,8.6505,0.9481,0.0000,0.0000,2
"5 · Chia B và C",16.6667,8.7069,0.9434,0.0000,0.0000,2
"5 · Chia B và C",16.6674,8.5608,1.1985,0.0000,0.0000,2
"5 · Chia B và C",16.6848,8.6125,1.1149,0.0000,0.0000,2
"5 · Chia B và C",16.6667,8.8447,0.9644,0.0000,0.0000,2
"5 · Chia B và C",16.6660,8.6685,0.9730,0.0000,0.0000,2
"5 · Chia B và C",16.6687,8.8035,0.9616,0.0000,0.0000,2
"5 · Chia B và C",16.7073,8.6538,1.0142,0.0000,0.0000,2
"5 · Chia B và C",16.6661,8.7010,1.0167,0.0000,0.0000,2
"5 · Chia B và C",16.6709,8.6149,1.0832,0.0000,0.0000,2
"5 · Chia B và C",16.6625,8.6133,1.0374,0.0000,0.0000,2
"5 · Chia B và C",16.6669,8.5482,0.9221,0.0000,0.0000,2
"5 · Chia B và C",16.6680,8.4972,1.0290,0.0000,0.0000,2
"5 · Chia B và C",16.6673,8.3835,0.9962,0.0000,0.0000,2
"5 · Chia B và C",16.6661,8.4471,0.9630,0.0000,0.0000,2
"5 · Chia B và C",16.6658,8.0628,0.9954,0.0000,0.0000,2
"5 · Chia B và C",16.6812,8.0646,0.9221,0.0000,0.0000,2
"5 · Chia B và C",16.6654,7.9997,1.0326,0.0000,0.0000,2
"5 · Chia B và C",16.6696,7.8362,1.0471,0.0000,0.0000,2
"5 · Chia B và C",16.6637,7.8549,1.0777,0.0000,0.0000,2
"5 · Chia B và C",16.7184,7.8253,1.1211,0.0000,0.0000,2
"5 · Chia B và C",16.6664,7.5763,1.0645,0.0000,0.0000,2
"5 · Chia B và C",16.7609,7.6243,0.9636,0.0000,0.0000,2
"5 · Chia B và C",16.6946,7.1797,0.9521,0.0000,0.0000,2
"5 · Chia B và C",16.6709,6.8828,0.9575,0.0000,0.0000,2
"5 · Chia B và C",16.6668,7.2621,1.0770,0.0000,0.0000,2
"5 · Chia B và C",16.6741,7.0729,1.0282,0.0000,0.0000,2
"5 · Chia B và C",16.6734,7.0203,1.1683,0.0000,0.0000,2
"5 · Chia B và C",16.7102,7.0643,1.1608,0.0000,0.0000,2
"5 · Chia B và C",16.7423,7.2103,1.1997,0.0000,0.0000,2
"5 · Chia B và C",16.6940,7.5299,1.0650,0.0000,0.0000,2
"5 · Chia B và C",16.6857,7.3955,1.0572,0.0000,0.0000,2
"5 · Chia B và C",16.7593,7.3947,1.1463,0.0000,0.0000,2
"5 · Chia B và C",16.7341,7.7507,1.1847,0.0000,0.0000,2
"5 · Chia B và C",16.7276,7.6047,1.0631,0.0000,0.0000,2
"5 · Chia B và C",16.7223,7.4601,1.0484,0.0000,0.0000,2
"5 · Chia B và C",16.7318,7.6206,1.2967,0.0000,0.0000,2
"5 · Chia B và C",16.7516,7.4188,1.4614,0.0000,0.0000,3
"5 · Chia B và C",16.6685,7.2556,1.4073,0.0000,0.0000,3
"5 · Chia B và C",16.6643,7.0765,0.8490,0.0000,0.0000,3
"5 · Chia B và C",16.7504,7.4925,0.8806,0.0000,0.0000,3
"5 · Chia B và C",16.8138,7.1812,0.9940,0.0000,0.0000,3
"5 · Chia B và C",16.7799,7.6013,0.8995,0.0000,0.0000,3
"5 · Chia B và C",16.8076,7.3060,0.9209,0.0000,0.0000,3
"5 · Chia B và C",16.8138,7.2290,0.8573,0.0000,0.0000,3
"5 · Chia B và C",16.8415,7.3868,0.8905,0.0000,0.0000,3
"5 · Chia B và C",16.8545,7.7411,0.7782,0.0000,0.0000,3
"5 · Chia B và C",16.8896,7.5246,0.7639,0.0000,0.0000,3
"5 · Chia B và C",16.9185,7.4997,0.7211,0.0000,0.0000,3
"5 · Chia B và C",16.9623,7.3785,0.7240,0.0000,0.0000,3
"5 · Chia B và C",16.9916,8.2619,0.6575,0.0000,0.0000,3
"5 · Chia B và C",16.8076,8.3006,0.6876,0.0000,0.0000,3
"5 · Chia B và C",17.0700,8.6581,0.6774,0.0000,0.0000,3
"5 · Chia B và C",17.1420,8.5890,0.7015,0.0000,0.0000,3
"5 · Chia B và C",28.9189,8.5704,1.4600,0.0000,0.0000,3
"5 · Chia B và C",16.6670,8.7624,0.8429,0.0000,0.0000,3
"5 · Chia B và C",16.6660,8.8970,0.8195,0.0000,0.0000,3
"5 · Chia B và C",16.6668,8.7823,0.7157,0.0000,0.0000,3
"5 · Chia B và C",16.6665,8.9965,0.7161,0.0000,0.0000,3
"5 · Chia B và C",16.6678,9.0644,0.7521,0.0000,0.0000,3
"5 · Chia B và C",16.6662,9.0557,0.7020,0.0000,0.0000,3
"5 · Chia B và C",16.6661,8.9980,0.6737,0.0000,0.0000,3
"5 · Chia B và C",16.6679,8.9939,0.7286,0.0000,0.0000,3
"5 · Chia B và C",16.6658,9.0596,0.7593,0.0000,0.0000,3
"5 · Chia B và C",16.6673,8.8790,0.7302,0.0000,0.0000,3
"5 · Chia B và C",16.6671,9.3493,0.7157,0.0000,0.0000,3
"5 · Chia B và C",16.6674,9.2440,0.6688,0.0000,0.0000,3
"6 · Phần phải sang khoang 3 trước",16.6653,9.9137,0.7421,34.7457,2.2848,3
"6 · Phần phải sang khoang 3 trước",66.9602,9.9922,2.9614,0.0000,0.0000,3
"6 · Phần phải sang khoang 3 trước",33.3383,9.8592,1.6287,0.0000,0.0000,3
"6 · Phần phải sang khoang 3 trước",16.6661,9.9200,0.8990,0.0000,0.0000,3
"6 · Phần phải sang khoang 3 trước",16.6678,9.8877,0.8424,0.0000,0.0000,3
"6 · Phần phải sang khoang 3 trước",16.6652,10.0448,0.8887,0.0000,0.0000,3
"6 · Phần phải sang khoang 3 trước",16.6728,10.6043,1.1012,0.0000,0.0000,3
"6 · Phần phải sang khoang 3 trước",16.6700,10.5157,0.8304,0.0000,0.0000,3
"6 · Phần phải sang khoang 3 trước",16.6671,10.5093,0.9435,0.0000,0.0000,3
"6 · Phần phải sang khoang 3 trước",16.6670,10.5075,0.8432,0.0000,0.0000,3
"6 · Phần phải sang khoang 3 trước",16.6663,10.6307,0.9335,0.0000,0.0000,3
"6 · Phần phải sang khoang 3 trước",16.6795,10.4578,1.0296,0.0000,0.0000,3
"6 · Phần phải sang khoang 3 trước",16.6754,10.5288,0.8337,0.0000,0.0000,3
"6 · Phần phải sang khoang 3 trước",16.6671,10.1104,0.8093,0.0000,0.0000,3
"6 · Phần phải sang khoang 3 trước",16.6668,10.0602,0.8190,0.0000,0.0000,3
"6 · Phần phải sang khoang 3 trước",16.6666,9.8946,0.9040,0.0000,0.0000,3
"6 · Phần phải sang khoang 3 trước",16.6925,10.1386,0.8974,0.0000,0.0000,3
"6 · Phần phải sang khoang 3 trước",16.6659,9.6889,0.8665,0.0000,0.0000,3
"6 · Phần phải sang khoang 3 trước",16.6678,9.5498,1.0276,0.0000,0.0000,3
"6 · Phần phải sang khoang 3 trước",16.6676,9.5229,0.8927,0.0000,0.0000,3
"6 · Phần phải sang khoang 3 trước",16.6671,9.6021,0.9349,0.0000,0.0000,3
"6 · Phần phải sang khoang 3 trước",16.6667,9.5022,1.0096,0.0000,0.0000,3
"6 · Phần phải sang khoang 3 trước",16.6683,9.3346,0.9821,0.0000,0.0000,3
"6 · Phần phải sang khoang 3 trước",16.6647,9.6575,0.9296,0.0000,0.0000,3
"6 · Phần phải sang khoang 3 trước",16.6668,9.6937,0.8724,0.0000,0.0000,3
"6 · Phần phải sang khoang 3 trước",16.6675,9.9070,0.8341,0.0000,0.0000,3
"6 · Phần phải sang khoang 3 trước",16.6666,9.7572,0.9900,0.0000,0.0000,3
"6 · Phần phải sang khoang 3 trước",16.6666,9.7243,0.9100,0.0000,0.0000,3
"6 · Phần phải sang khoang 3 trước",16.6656,9.7629,0.8632,0.0000,0.0000,3
"6 · Phần phải sang khoang 3 trước",16.6964,9.6003,0.9567,0.0000,0.0000,3
"6 · Phần phải sang khoang 3 trước",16.6740,9.7862,0.9207,0.0000,0.0000,3
"6 · Phần phải sang khoang 3 trước",16.6676,9.6151,0.8890,0.0000,0.0000,3
"6 · Phần phải sang khoang 3 trước",16.6670,9.7314,0.8814,0.0000,0.0000,3
"6 · Phần phải sang khoang 3 trước",16.6923,9.7796,0.8971,0.0000,0.0000,3
"6 · Phần phải sang khoang 3 trước",16.6677,9.5751,1.0341,0.0000,0.0000,3
"6 · Phần phải sang khoang 3 trước",16.6778,9.7032,0.9750,0.0000,0.0000,3
"6 · Phần phải sang khoang 3 trước",16.6641,9.7869,0.9279,0.0000,0.0000,3
"6 · Phần phải sang khoang 3 trước",16.6685,9.6898,0.8936,0.0000,0.0000,3
"6 · Phần phải sang khoang 3 trước",16.6650,9.7641,1.0847,0.0000,0.0000,3
"6 · Phần phải sang khoang 3 trước",16.6734,9.6204,0.8864,0.0000,0.0000,3
"6 · Phần phải sang khoang 3 trước",16.6670,9.6415,0.8875,0.0000,0.0000,3
"6 · Phần phải sang khoang 3 trước",16.6720,9.7702,0.8785,0.0000,0.0000,3
"6 · Phần phải sang khoang 3 trước",16.6669,9.6273,0.9123,0.0000,0.0000,3
"6 · Phần phải sang khoang 3 trước",16.6705,9.5553,0.8655,0.0000,0.0000,3
"6 · Phần phải sang khoang 3 trước",16.6667,9.5294,0.9931,0.0000,0.0000,3
"6 · Phần phải sang khoang 3 trước",16.6664,9.5849,0.9410,0.0000,0.0000,3
"6 · Phần phải sang khoang 3 trước",16.6680,9.5778,1.0339,0.0000,0.0000,3
"6 · Phần phải sang khoang 3 trước",16.6666,9.5497,0.9712,0.0000,0.0000,3
"6 · Phần phải sang khoang 3 trước",16.6700,9.4628,0.9025,0.0000,0.0000,3
"6 · Phần phải sang khoang 3 trước",16.6656,9.6324,0.9520,0.0000,0.0000,3
"6 · Phần phải sang khoang 3 trước",16.6724,9.7131,0.8587,0.0000,0.0000,3
"6 · Phần phải sang khoang 3 trước",16.6671,9.9631,0.9144,0.0000,0.0000,3
"6 · Phần phải sang khoang 3 trước",16.6668,10.1304,0.9350,0.0000,0.0000,3
"6 · Phần phải sang khoang 3 trước",16.6730,9.9409,0.8910,0.0000,0.0000,3
"6 · Phần phải sang khoang 3 trước",16.6778,9.9272,0.8793,0.0000,0.0000,3
"6 · Phần phải sang khoang 3 trước",16.6693,10.1139,0.9715,0.0000,0.0000,3
"6 · Phần phải sang khoang 3 trước",16.6807,10.0411,0.8514,0.0000,0.0000,3
"6 · Phần phải sang khoang 3 trước",16.6726,10.0262,0.8582,0.0000,0.0000,3
"6 · Phần phải sang khoang 3 trước",16.6820,10.0454,0.8835,0.0000,0.0000,3
"6 · Phần phải sang khoang 3 trước",16.6784,10.0760,0.9970,0.0000,0.0000,3
"6 · Phần phải sang khoang 3 trước",16.6862,9.6470,0.9222,0.0000,0.0000,3
"6 · Phần phải sang khoang 3 trước",16.6980,9.2732,0.9869,0.0000,0.0000,3
"6 · Phần phải sang khoang 3 trước",16.6775,9.2675,0.9936,0.0000,0.0000,3
"6 · Phần phải sang khoang 3 trước",16.7000,9.1171,1.0901,0.0000,0.0000,3
"6 · Phần phải sang khoang 3 trước",16.6946,9.2052,1.0677,0.0000,0.0000,3
"6 · Phần phải sang khoang 3 trước",16.6893,9.3476,1.0653,0.0000,0.0000,3
"6 · Phần phải sang khoang 3 trước",16.6938,9.3916,0.9772,0.0000,0.0000,3
"6 · Phần phải sang khoang 3 trước",16.6995,9.1567,1.0206,0.0000,0.0000,3
"6 · Phần phải sang khoang 3 trước",16.7030,9.2182,1.0704,0.0000,0.0000,3
"6 · Phần phải sang khoang 3 trước",16.7052,9.2135,0.9971,0.0000,0.0000,3
"6 · Phần phải sang khoang 3 trước",16.7133,8.7811,0.9163,0.0000,0.0000,3
"6 · Phần phải sang khoang 3 trước",16.6739,8.7177,0.9637,0.0000,0.0000,3
"6 · Phần phải sang khoang 3 trước",16.7072,8.7526,1.0727,0.0000,0.0000,3
"6 · Phần phải sang khoang 3 trước",16.7212,8.9413,0.8728,0.0000,0.0000,3
"6 · Phần phải sang khoang 3 trước",16.7199,8.9487,0.9084,0.0000,0.0000,3
"6 · Phần phải sang khoang 3 trước",16.7317,8.5087,1.0115,0.0000,0.0000,3
"6 · Phần phải sang khoang 3 trước",16.7306,8.1642,0.9540,0.0000,0.0000,3
"6 · Phần phải sang khoang 3 trước",16.7698,8.6580,1.0206,0.0000,0.0000,3
"6 · Phần phải sang khoang 3 trước",16.6601,8.4236,0.9956,0.0000,0.0000,3
"6 · Phần phải sang khoang 3 trước",16.6895,8.5548,1.0923,0.0000,0.0000,3
"6 · Phần phải sang khoang 3 trước",16.7600,8.5060,0.8921,0.0000,0.0000,3
"6 · Phần phải sang khoang 3 trước",16.7715,8.7441,0.9865,0.0000,0.0000,3
"6 · Phần phải sang khoang 3 trước",16.7381,8.7907,1.0361,0.0000,0.0000,3
"6 · Phần phải sang khoang 3 trước",16.8041,8.8387,0.9256,0.0000,0.0000,3
"6 · Phần phải sang khoang 3 trước",16.8190,8.6630,0.8550,0.0000,0.0000,3
"6 · Phần phải sang khoang 3 trước",16.8365,8.3712,0.8739,0.0000,0.0000,3
"6 · Phần phải sang khoang 3 trước",16.8635,8.3025,0.8380,0.0000,0.0000,3
"6 · Phần phải sang khoang 3 trước",16.8831,8.9617,0.7877,0.0000,0.0000,3
"6 · Phần phải sang khoang 3 trước",16.9198,8.8487,0.8128,0.0000,0.0000,3
"6 · Phần phải sang khoang 3 trước",16.9585,8.5805,0.7637,0.0000,0.0000,3
"6 · Phần phải sang khoang 3 trước",17.0045,8.1847,0.8754,0.0000,0.0000,3
"6 · Phần phải sang khoang 3 trước",17.0406,8.3980,0.7859,0.0000,0.0000,3
"6 · Phần phải sang khoang 3 trước",16.8068,8.4108,0.8122,0.0000,0.0000,3
"6 · Phần phải sang khoang 3 trước",17.1222,8.8194,0.8294,0.0000,0.0000,3
"6 · Phần phải sang khoang 3 trước",29.4029,9.2187,1.7141,0.0000,0.0000,3
"6 · Phần phải sang khoang 3 trước",16.6705,9.6100,0.8203,0.0000,0.0000,3
"6 · Phần phải sang khoang 3 trước",16.6678,9.3927,0.8916,0.0000,0.0000,3
"6 · Phần phải sang khoang 3 trước",16.6678,9.4992,0.8988,0.0000,0.0000,3
"6 · Phần phải sang khoang 3 trước",16.6655,9.8649,0.8543,0.0000,0.0000,3
"6 · Phần phải sang khoang 3 trước",16.6668,9.5883,0.9553,0.0000,0.0000,3
"6 · Phần phải sang khoang 3 trước",16.6663,9.6146,0.9826,0.0000,0.0000,3
"6 · Phần phải sang khoang 3 trước",16.6661,9.7610,1.0036,0.0000,0.0000,3
"6 · Phần phải sang khoang 3 trước",16.6677,9.6130,0.8433,0.0000,0.0000,3
"6 · Phần phải sang khoang 3 trước",16.6893,9.5704,0.8873,0.0000,0.0000,3
"6 · Phần phải sang khoang 3 trước",16.6657,9.6860,0.8580,0.0000,0.0000,3
"6 · Phần phải sang khoang 3 trước",16.6669,9.6953,0.9196,0.0000,0.0000,3
"6 · Phần phải sang khoang 3 trước",16.6665,9.7191,1.0234,0.0000,0.0000,3
"6 · Phần phải sang khoang 3 trước",16.6666,9.6058,0.8402,0.0000,0.0000,3
"6 · Phần phải sang khoang 3 trước",16.6692,9.5805,1.0030,0.0000,0.0000,3
"6 · Phần phải sang khoang 3 trước",16.6655,9.6585,0.9928,0.0000,0.0000,3
"6 · Phần phải sang khoang 3 trước",16.6655,9.2643,0.9836,0.0000,0.0000,3
"6 · Phần phải sang khoang 3 trước",16.6670,9.2070,0.9028,0.0000,0.0000,3
"6 · Phần phải sang khoang 3 trước",16.6668,9.1671,0.9828,0.0000,0.0000,3
"6 · Phần phải sang khoang 3 trước",16.6676,9.2876,0.9709,0.0000,0.0000,3
"6 · Phần phải sang khoang 3 trước",16.6678,9.1589,0.8873,0.0000,0.0000,3
"6 · Phần phải sang khoang 3 trước",16.6668,9.1647,0.9240,0.0000,0.0000,3
"6 · Phần phải sang khoang 3 trước",16.6660,9.1779,0.9857,0.0000,0.0000,3
"6 · Phần phải sang khoang 3 trước",16.6665,9.1354,0.8891,0.0000,0.0000,3
"6 · Phần phải sang khoang 3 trước",16.6655,9.6551,0.9002,0.0000,0.0000,3
"6 · Phần phải sang khoang 3 trước",16.6680,9.6599,0.9071,0.0000,0.0000,3
"6 · Phần phải sang khoang 3 trước",16.6655,9.9886,0.9067,0.0000,0.0000,3
"6 · Phần phải sang khoang 3 trước",16.6672,9.5645,0.8685,0.0000,0.0000,3
"6 · Phần phải sang khoang 3 trước",16.6673,9.4896,0.9557,0.0000,0.0000,3
"6 · Phần phải sang khoang 3 trước",16.6672,9.3319,0.9417,0.0000,0.0000,3
"6 · Phần phải sang khoang 3 trước",16.6680,9.4484,1.1182,0.0000,0.0000,3
"6 · Phần phải sang khoang 3 trước",16.6646,9.7820,1.1024,0.0000,0.0000,3
"6 · Phần phải sang khoang 3 trước",16.6670,9.9951,1.0060,0.0000,0.0000,3
"6 · Phần phải sang khoang 3 trước",16.6669,9.8050,0.9731,0.0000,0.0000,3
"6 · Phần phải sang khoang 3 trước",16.6660,9.5481,0.8701,0.0000,0.0000,3
"6 · Phần phải sang khoang 3 trước",16.6680,9.2647,0.8936,0.0000,0.0000,3
"6 · Phần phải sang khoang 3 trước",16.6668,9.5117,0.8966,0.0000,0.0000,3
"6 · Phần phải sang khoang 3 trước",16.6665,9.4585,1.0151,0.0000,0.0000,3
"6 · Phần phải sang khoang 3 trước",16.6671,9.7232,1.1659,0.0000,0.0000,3
"6 · Phần phải sang khoang 3 trước",16.6670,9.7517,0.8578,0.0000,0.0000,3
"6 · Phần phải sang khoang 3 trước",16.6663,9.8953,1.0240,0.0000,0.0000,3
"6 · Phần phải sang khoang 3 trước",16.7120,9.8774,0.9214,0.0000,0.0000,3
"6 · Phần phải sang khoang 3 trước",16.6910,10.0262,0.8953,0.0000,0.0000,3
"6 · Phần phải sang khoang 3 trước",16.6703,9.8261,0.8922,0.0000,0.0000,3
"6 · Phần phải sang khoang 3 trước",16.6687,10.1220,1.0014,0.0000,0.0000,3
"6 · Phần phải sang khoang 3 trước",16.6693,10.2594,1.0719,0.0000,0.0000,3
"6 · Phần phải sang khoang 3 trước",16.6790,10.0317,1.0917,0.0000,0.0000,3
"6 · Phần phải sang khoang 3 trước",16.6723,10.1348,0.9190,0.0000,0.0000,3
"6 · Phần phải sang khoang 3 trước",16.6663,10.1295,0.9148,0.0000,0.0000,3
"6 · Phần phải sang khoang 3 trước",16.7055,10.1696,0.9143,0.0000,0.0000,3
"6 · Phần phải sang khoang 3 trước",16.6769,10.1497,0.8891,0.0000,0.0000,3
"6 · Phần phải sang khoang 3 trước",16.6832,10.1043,0.9376,0.0000,0.0000,3
"6 · Phần phải sang khoang 3 trước",16.6784,10.0781,1.0189,0.0000,0.0000,3
"6 · Phần phải sang khoang 3 trước",16.6677,10.0301,0.9655,0.0000,0.0000,3
"6 · Phần phải sang khoang 3 trước",16.6723,10.0925,0.8772,0.0000,0.0000,3
"6 · Phần phải sang khoang 3 trước",16.6774,10.2255,0.9075,0.0000,0.0000,3
"6 · Phần phải sang khoang 3 trước",16.6882,10.0433,1.0140,0.0000,0.0000,3
"6 · Phần phải sang khoang 3 trước",16.7162,9.7064,0.8963,0.0000,0.0000,3
"6 · Phần phải sang khoang 3 trước",16.6878,9.5722,1.0200,0.0000,0.0000,3
"6 · Phần phải sang khoang 3 trước",16.6953,9.7026,0.9017,0.0000,0.0000,3
"6 · Phần phải sang khoang 3 trước",16.6942,9.5896,1.0008,0.0000,0.0000,3
"6 · Phần phải sang khoang 3 trước",16.7059,9.8112,0.9364,0.0000,0.0000,3
"6 · Phần phải sang khoang 3 trước",16.7081,9.8255,1.0749,0.0000,0.0000,3
"6 · Phần phải sang khoang 3 trước",16.7188,9.8792,0.8950,0.0000,0.0000,3
"6 · Phần phải sang khoang 3 trước",16.7281,9.6713,0.9726,0.0000,0.0000,3
"6 · Phần phải sang khoang 3 trước",16.7351,9.8347,0.9065,0.0000,0.0000,3
"6 · Phần phải sang khoang 3 trước",16.7361,9.7241,0.9957,0.0000,0.0000,3
"6 · Phần phải sang khoang 3 trước",16.8105,9.9103,0.9644,0.0000,0.0000,3
"6 · Phần phải sang khoang 3 trước",16.6657,9.9196,1.0712,0.0000,0.0000,3
"6 · Phần phải sang khoang 3 trước",16.7781,9.7227,1.0225,0.0000,0.0000,3
"6 · Phần phải sang khoang 3 trước",16.6677,9.7410,0.9142,0.0000,0.0000,3
"6 · Phần phải sang khoang 3 trước",16.7859,9.7364,0.9312,0.0000,0.0000,3
"6 · Phần phải sang khoang 3 trước",16.8246,9.8978,0.9915,0.0000,0.0000,3
"6 · Phần phải sang khoang 3 trước",16.8583,10.0185,1.0819,0.0000,0.0000,3
"6 · Phần phải sang khoang 3 trước",16.8647,9.9730,1.8685,35.3735,0.4891,3
"6 · Phần phải sang khoang 3 trước",65.0246,9.7586,3.1307,0.0000,0.0000,3
"6 · Phần phải sang khoang 3 trước",33.0404,9.5627,1.6350,0.0000,0.0000,3
"6 · Phần phải sang khoang 3 trước",16.6630,9.9434,0.7639,0.0000,0.0000,3
"6 · Phần phải sang khoang 3 trước",16.6665,9.8161,0.9077,0.0000,0.0000,3
"6 · Phần phải sang khoang 3 trước",16.6663,9.8157,0.7360,0.0000,0.0000,3
"6 · Phần phải sang khoang 3 trước",16.6676,9.6978,0.9384,0.0000,0.0000,3
"6 · Phần phải sang khoang 3 trước",16.6663,9.6277,0.7412,0.0000,0.0000,3
"6 · Phần phải sang khoang 3 trước",16.6680,9.7062,0.9843,0.0000,0.0000,3
"6 · Phần phải sang khoang 3 trước",16.6651,9.3176,0.8056,0.0000,0.0000,3
"6 · Phần phải sang khoang 3 trước",16.6673,9.3697,0.9986,0.0000,0.0000,3
"6 · Phần phải sang khoang 3 trước",16.6673,9.3810,0.9629,0.0000,0.0000,3
"6 · Phần phải sang khoang 3 trước",16.6665,9.3710,1.0240,0.0000,0.0000,3
"6 · Phần phải sang khoang 3 trước",16.6667,9.9544,0.7602,0.0000,0.0000,3
"6 · Phần phải sang khoang 3 trước",16.6668,9.9475,0.7975,0.0000,0.0000,3
"6 · Phần phải sang khoang 3 trước",16.6667,10.2585,0.8118,0.0000,0.0000,3
"6 · Phần phải sang khoang 3 trước",16.6670,10.4414,0.9094,0.0000,0.0000,3
"6 · Phần phải sang khoang 3 trước",16.6669,10.4490,0.8188,0.0000,0.0000,3
"6 · Phần phải sang khoang 3 trước",16.6662,10.2920,0.8434,0.0000,0.0000,3
"6 · Phần phải sang khoang 3 trước",16.6669,10.4385,0.8305,0.0000,0.0000,3
"6 · Phần phải sang khoang 3 trước",16.6664,10.5156,0.8062,0.0000,0.0000,3
"6 · Phần phải sang khoang 3 trước",16.6670,10.3961,0.7693,0.0000,0.0000,3
"6 · Phần phải sang khoang 3 trước",16.6690,10.4320,0.9892,0.0000,0.0000,3
"6 · Phần phải sang khoang 3 trước",16.6656,10.9043,0.8903,0.0000,0.0000,3
"6 · Phần phải sang khoang 3 trước",16.6658,11.0898,0.8002,0.0000,0.0000,3
"6 · Phần phải sang khoang 3 trước",16.6660,10.8696,0.8430,0.0000,0.0000,3
"6 · Phần phải sang khoang 3 trước",16.6673,11.0899,0.8728,0.0000,0.0000,3
"6 · Phần phải sang khoang 3 trước",16.6668,11.1587,0.8977,0.0000,0.0000,3
"6 · Phần phải sang khoang 3 trước",16.6667,11.1833,0.8272,0.0000,0.0000,3
"6 · Phần phải sang khoang 3 trước",16.6667,11.0268,0.7702,0.0000,0.0000,3
"6 · Phần phải sang khoang 3 trước",16.6667,10.5071,0.8449,0.0000,0.0000,3
"6 · Phần phải sang khoang 3 trước",16.6664,10.4947,0.7882,0.0000,0.0000,3
"6 · Phần phải sang khoang 3 trước",16.6672,10.4723,0.8758,0.0000,0.0000,3
"6 · Phần phải sang khoang 3 trước",16.6669,10.1408,0.9795,0.0000,0.0000,3
"6 · Phần phải sang khoang 3 trước",16.6679,10.2825,0.9916,0.0000,0.0000,3
"6 · Phần phải sang khoang 3 trước",16.6658,10.3006,0.9653,0.0000,0.0000,3
"6 · Phần phải sang khoang 3 trước",16.6662,10.3067,0.9069,0.0000,0.0000,3
"6 · Phần phải sang khoang 3 trước",16.6680,10.3717,0.7744,0.0000,0.0000,3
"6 · Phần phải sang khoang 3 trước",16.6654,10.1803,0.8481,0.0000,0.0000,3
"6 · Phần phải sang khoang 3 trước",16.6675,10.1876,0.8217,0.0000,0.0000,3
"6 · Phần phải sang khoang 3 trước",16.6661,10.3315,0.7960,0.0000,0.0000,3
"6 · Phần phải sang khoang 3 trước",16.6667,10.1302,0.8868,0.0000,0.0000,3
"6 · Phần phải sang khoang 3 trước",16.6669,10.1458,0.7876,0.0000,0.0000,3
"6 · Phần phải sang khoang 3 trước",16.6670,10.1566,0.9408,0.0000,0.0000,3
"6 · Phần phải sang khoang 3 trước",16.6669,10.1212,0.8532,0.0000,0.0000,3
"6 · Phần phải sang khoang 3 trước",16.6680,10.0870,0.7742,0.0000,0.0000,3
"6 · Phần phải sang khoang 3 trước",16.6652,10.1489,0.9916,0.0000,0.0000,3
"6 · Phần phải sang khoang 3 trước",16.6670,9.7562,0.7598,0.0000,0.0000,3
"6 · Phần phải sang khoang 3 trước",16.6667,9.8375,0.8012,0.0000,0.0000,3
"6 · Phần phải sang khoang 3 trước",16.6672,9.7113,0.9408,0.0000,0.0000,3
"6 · Phần phải sang khoang 3 trước",16.6660,10.0604,0.8480,0.0000,0.0000,3
"6 · Phần phải sang khoang 3 trước",16.6668,10.4567,0.9342,0.0000,0.0000,3
"6 · Phần phải sang khoang 3 trước",16.6672,10.4305,0.7819,0.0000,0.0000,3
"6 · Phần phải sang khoang 3 trước",16.6665,10.4115,0.7564,0.0000,0.0000,3
"6 · Phần phải sang khoang 3 trước",16.6670,10.3536,0.7191,0.0000,0.0000,3
"6 · Phần phải sang khoang 3 trước",16.6673,10.3917,1.0004,0.0000,0.0000,3
"6 · Phần phải sang khoang 3 trước",16.6659,10.7180,0.7354,0.0000,0.0000,3
"6 · Phần phải sang khoang 3 trước",16.6672,10.5102,0.8076,0.0000,0.0000,3
"6 · Phần phải sang khoang 3 trước",16.6670,10.5434,0.7987,0.0000,0.0000,3
"6 · Phần phải sang khoang 3 trước",16.6666,10.7120,0.9305,0.0000,0.0000,3
"6 · Phần phải sang khoang 3 trước",16.6662,10.6407,0.7722,0.0000,0.0000,3
"6 · Phần phải sang khoang 3 trước",16.6681,10.5521,0.7414,0.0000,0.0000,3
"6 · Phần phải sang khoang 3 trước",16.6652,11.1248,0.7845,0.0000,0.0000,3
"6 · Phần phải sang khoang 3 trước",16.6672,10.8290,0.8450,0.0000,0.0000,3
"6 · Phần phải sang khoang 3 trước",16.6678,11.0593,0.7842,0.0000,0.0000,3
"6 · Phần phải sang khoang 3 trước",16.6654,10.9162,0.8201,0.0000,0.0000,3
"6 · Phần phải sang khoang 3 trước",16.6670,10.9161,0.7932,0.0000,0.0000,3
"6 · Phần phải sang khoang 3 trước",16.6665,10.7573,0.8133,0.0000,0.0000,3
"6 · Phần phải sang khoang 3 trước",16.6670,10.5861,0.7895,0.0000,0.0000,3
"6 · Phần phải sang khoang 3 trước",16.6665,10.7937,0.7619,0.0000,0.0000,3
"6 · Phần phải sang khoang 3 trước",16.6670,10.4382,0.8356,0.0000,0.0000,3
"6 · Phần phải sang khoang 3 trước",16.6670,10.3653,0.8952,0.0000,0.0000,3
"6 · Phần phải sang khoang 3 trước",16.6663,10.4591,0.7685,0.0000,0.0000,3
"6 · Phần phải sang khoang 3 trước",16.6668,10.5177,0.8136,0.0000,0.0000,3
"6 · Phần phải sang khoang 3 trước",16.6670,10.2963,0.8452,0.0000,0.0000,3
"6 · Phần phải sang khoang 3 trước",16.6660,10.2743,0.8115,0.0000,0.0000,3
"6 · Phần phải sang khoang 3 trước",16.6676,10.8596,0.7903,0.0000,0.0000,3
"6 · Phần phải sang khoang 3 trước",16.6662,10.6949,0.7900,0.0000,0.0000,3
"6 · Phần phải sang khoang 3 trước",16.6674,10.8971,0.8403,0.0000,0.0000,3
"6 · Phần phải sang khoang 3 trước",16.6663,10.8052,0.7770,0.0000,0.0000,3
"6 · Phần phải sang khoang 3 trước",16.6672,11.0798,0.8576,0.0000,0.0000,3
"6 · Phần phải sang khoang 3 trước",16.6662,11.0113,0.9392,0.0000,0.0000,3
"6 · Phần phải sang khoang 3 trước",16.6669,10.8692,0.7733,0.0000,0.0000,3
"6 · Phần phải sang khoang 3 trước",16.6663,11.5188,0.7839,0.0000,0.0000,3
"6 · Phần phải sang khoang 3 trước",16.6669,10.8967,0.8016,0.0000,0.0000,3
"6 · Phần phải sang khoang 3 trước",16.6673,11.2772,0.7450,0.0000,0.0000,3
"6 · Phần phải sang khoang 3 trước",16.6664,10.5465,0.8193,0.0000,0.0000,3
"6 · Phần phải sang khoang 3 trước",16.6667,11.0373,0.7781,0.0000,0.0000,3
"6 · Phần phải sang khoang 3 trước",16.6668,10.7369,0.8283,0.0000,0.0000,3
"6 · Phần phải sang khoang 3 trước",16.6668,10.9201,0.8566,0.0000,0.0000,3
"6 · Phần phải sang khoang 3 trước",16.6670,10.8165,0.7983,0.0000,0.0000,3
"6 · Phần phải sang khoang 3 trước",16.6668,10.7399,0.8549,0.0000,0.0000,3
"6 · Phần phải sang khoang 3 trước",16.6671,11.2773,0.8475,0.0000,0.0000,3
"6 · Phần phải sang khoang 3 trước",16.6658,11.2227,0.7863,0.0000,0.0000,3
"6 · Phần phải sang khoang 3 trước",16.6674,11.0419,0.8072,0.0000,0.0000,3
"6 · Phần phải sang khoang 3 trước",16.6665,11.0028,0.8056,0.0000,0.0000,3
"6 · Phần phải sang khoang 3 trước",16.6670,10.9983,0.9637,0.0000,0.0000,3
"6 · Phần phải sang khoang 3 trước",16.6664,10.9851,0.8849,0.0000,0.0000,3
"6 · Phần phải sang khoang 3 trước",16.6667,11.2025,0.7883,0.0000,0.0000,3
"6 · Phần phải sang khoang 3 trước",16.6669,11.0736,0.8956,0.0000,0.0000,3
"6 · Phần phải sang khoang 3 trước",16.6665,11.1660,0.7910,0.0000,0.0000,3
"6 · Phần phải sang khoang 3 trước",16.6667,10.6317,0.7823,0.0000,0.0000,3
"6 · Phần phải sang khoang 3 trước",16.6668,10.6498,0.8089,0.0000,0.0000,3
"6 · Phần phải sang khoang 3 trước",16.6676,10.5895,0.7583,0.0000,0.0000,3
"6 · Phần phải sang khoang 3 trước",16.6679,10.6192,0.7835,0.0000,0.0000,3
"6 · Phần phải sang khoang 3 trước",16.6671,10.5697,0.7886,0.0000,0.0000,3
"6 · Phần phải sang khoang 3 trước",16.6667,10.5135,0.9090,0.0000,0.0000,3
"6 · Phần phải sang khoang 3 trước",16.6663,10.5685,0.8633,0.0000,0.0000,3
"6 · Phần phải sang khoang 3 trước",16.6669,10.9766,0.8170,0.0000,0.0000,3
"6 · Phần phải sang khoang 3 trước",16.6667,10.3435,0.7624,0.0000,0.0000,3
"6 · Phần phải sang khoang 3 trước",16.6669,10.1781,0.8524,0.0000,0.0000,3
"6 · Phần phải sang khoang 3 trước",16.6686,10.4628,0.7549,0.0000,0.0000,3
"6 · Phần phải sang khoang 3 trước",16.6645,10.5233,0.7870,0.0000,0.0000,3
"6 · Phần phải sang khoang 3 trước",16.6677,10.6111,0.7228,0.0000,0.0000,3
"6 · Phần phải sang khoang 3 trước",16.6670,10.4556,0.8079,0.0000,0.0000,3
"6 · Phần phải sang khoang 3 trước",16.6668,10.2885,0.7796,0.0000,0.0000,3
"6 · Phần phải sang khoang 3 trước",16.6660,10.4080,0.7671,0.0000,0.0000,3
"6 · Phần phải sang khoang 3 trước",16.6665,10.2135,0.9247,0.0000,0.0000,3
"6 · Phần phải sang khoang 3 trước",16.6672,10.4137,0.9110,0.0000,0.0000,3
"6 · Phần phải sang khoang 3 trước",16.6671,10.1512,1.0754,0.0000,0.0000,3
"6 · Phần phải sang khoang 3 trước",16.6668,10.2217,0.8999,0.0000,0.0000,3
"6 · Phần phải sang khoang 3 trước",16.6669,9.9233,0.9087,0.0000,0.0000,3
"6 · Phần phải sang khoang 3 trước",16.6663,10.0432,0.7925,0.0000,0.0000,3
"6 · Phần phải sang khoang 3 trước",16.6670,9.4055,0.9179,0.0000,0.0000,3
"6 · Phần phải sang khoang 3 trước",16.6668,9.2456,0.8376,0.0000,0.0000,3
"6 · Phần phải sang khoang 3 trước",16.6671,9.3393,0.7669,0.0000,0.0000,3
"6 · Phần phải sang khoang 3 trước",16.6664,9.4303,0.8715,0.0000,0.0000,3
"6 · Phần phải sang khoang 3 trước",16.6663,9.4268,0.8767,0.0000,0.0000,3
"6 · Phần phải sang khoang 3 trước",16.6679,9.3895,0.9263,0.0000,0.0000,3
"6 · Phần phải sang khoang 3 trước",16.6653,9.4287,0.7632,0.0000,0.0000,3
"6 · Phần phải sang khoang 3 trước",16.6679,9.3964,0.8339,0.0000,0.0000,3
"6 · Phần phải sang khoang 3 trước",16.6659,9.5340,0.8479,0.0000,0.0000,3
"6 · Phần phải sang khoang 3 trước",16.6676,9.5879,0.7803,0.0000,0.0000,3
"6 · Phần phải sang khoang 3 trước",16.6662,9.6860,0.8434,0.0000,0.0000,3
"6 · Phần phải sang khoang 3 trước",16.6715,9.4335,0.7563,0.0000,0.0000,3
"6 · Phần phải sang khoang 3 trước",16.6663,9.3706,0.7670,0.0000,0.0000,3
"6 · Phần phải sang khoang 3 trước",16.6675,9.5060,0.7602,0.0000,0.0000,3
"6 · Phần phải sang khoang 3 trước",16.6658,9.8968,0.7523,0.0000,0.0000,3
"6 · Phần phải sang khoang 3 trước",16.6670,9.3499,0.9681,0.0000,0.0000,3
"6 · Phần phải sang khoang 3 trước",16.6680,9.4384,0.7351,0.0000,0.0000,3
"6 · Phần phải sang khoang 3 trước",16.6665,9.6356,0.9482,0.0000,0.0000,3
"6 · Phần phải sang khoang 3 trước",16.6660,9.7153,0.7579,0.0000,0.0000,3
"6 · Phần phải sang khoang 3 trước",16.6675,9.9207,0.8255,0.0000,0.0000,3
"6 · Phần phải sang khoang 3 trước",16.6734,9.8867,0.8149,0.0000,0.0000,3
"6 · Phần phải sang khoang 3 trước",16.6595,10.0461,0.9059,0.0000,0.0000,3
"6 · Phần phải sang khoang 3 trước",16.6669,9.8617,1.0150,0.0000,0.0000,3
"6 · Phần phải sang khoang 3 trước",16.6676,9.9401,0.8320,0.0000,0.0000,3
"6 · Phần phải sang khoang 3 trước",16.6655,9.9246,0.8705,0.0000,0.0000,3
"6 · Phần phải sang khoang 3 trước",16.6672,9.9480,0.9091,0.0000,0.0000,3
"6 · Phần phải sang khoang 3 trước",16.6668,9.7875,0.7487,0.0000,0.0000,3
"6 · Phần phải sang khoang 3 trước",16.6670,9.6496,0.9201,0.0000,0.0000,3
"6 · Phần phải sang khoang 3 trước",16.6676,9.6521,0.7779,0.0000,0.0000,3
"6 · Phần phải sang khoang 3 trước",16.6652,9.0971,0.7707,0.0000,0.0000,3
"6 · Phần phải sang khoang 3 trước",16.6675,9.0089,0.8665,0.0000,0.0000,3
"6 · Phần phải sang khoang 3 trước",16.6667,9.0784,0.9007,0.0000,0.0000,3
"6 · Phần phải sang khoang 3 trước",16.6664,9.1575,0.7432,0.0000,0.0000,3
"6 · Phần phải sang khoang 3 trước",16.6665,9.1276,0.7666,0.0000,0.0000,3
"6 · Phần phải sang khoang 3 trước",16.6672,9.2141,0.6916,0.0000,0.0000,3
"6 · Phần phải sang khoang 3 trước",16.6668,9.3197,0.7495,0.0000,0.0000,3
"6 · Phần phải sang khoang 3 trước",16.6666,9.5248,0.7203,0.0000,0.0000,3
"6 · Phần phải sang khoang 3 trước",16.6667,9.5062,0.6977,0.0000,0.0000,3
"6 · Phần phải sang khoang 3 trước",16.6672,9.6149,0.7601,0.0000,0.0000,3
"6 · Phần phải sang khoang 3 trước",16.6661,9.4140,0.7878,0.0000,0.0000,3
"6 · Phần phải sang khoang 3 trước",16.6668,9.3952,0.7562,0.0000,0.0000,3
"6 · Phần phải sang khoang 3 trước",16.6683,8.9862,0.7406,0.0000,0.0000,3
"6 · Phần phải sang khoang 3 trước",16.6660,8.8167,0.6602,0.0000,0.0000,3
"6 · Phần phải sang khoang 3 trước",16.6661,8.9424,0.8658,0.0000,0.0000,3
"6 · Phần phải sang khoang 3 trước",16.6672,8.7563,1.0232,0.0000,0.0000,3
"6 · Phần phải sang khoang 3 trước",16.6672,9.1389,0.7202,0.0000,0.0000,3
"6 · Phần phải sang khoang 3 trước",16.6660,9.0976,0.7142,0.0000,0.0000,3
"6 · Phần phải sang khoang 3 trước",16.6676,9.0075,0.8091,0.0000,0.0000,3
"6 · Phần phải sang khoang 3 trước",16.6660,8.9812,0.9636,0.0000,0.0000,3
"6 · Phần phải sang khoang 3 trước",16.6672,9.0044,0.7193,0.0000,0.0000,3
"6 · Phần phải sang khoang 3 trước",16.6672,9.2026,0.7074,0.0000,0.0000,3
"6 · Phần phải sang khoang 3 trước",16.6678,9.4868,0.8646,0.0000,0.0000,3
"6 · Phần phải sang khoang 3 trước",16.6680,9.3330,1.1057,0.0000,0.0000,3
"6 · Phần phải sang khoang 3 trước",16.6665,11.2380,1.2953,0.0000,0.0000,3
"6 · Phần phải sang khoang 3 trước",16.6641,13.7568,1.2224,0.0000,0.0000,3
"6 · Phần phải sang khoang 3 trước",33.6267,13.6241,2.2668,0.0000,0.0000,3
"6 · Phần phải sang khoang 3 trước",33.2990,10.5322,1.7310,0.0000,0.0000,3
"6 · Phần phải sang khoang 3 trước",16.7050,9.4471,1.1159,0.0000,0.0000,3
"6 · Phần phải sang khoang 3 trước",16.6678,9.1974,0.9844,0.0000,0.0000,3
"6 · Phần phải sang khoang 3 trước",16.6666,9.3817,1.0560,0.0000,0.0000,3
"6 · Phần phải sang khoang 3 trước",16.6657,9.2992,0.9984,0.0000,0.0000,3
"6 · Phần phải sang khoang 3 trước",16.6671,9.2566,1.0112,0.0000,0.0000,3
"6 · Phần phải sang khoang 3 trước",16.6673,9.2740,1.0442,0.0000,0.0000,3
"6 · Phần phải sang khoang 3 trước",16.6667,9.2730,1.0303,0.0000,0.0000,3
"6 · Phần phải sang khoang 3 trước",16.6659,9.3708,0.9265,0.0000,0.0000,3
"6 · Phần phải sang khoang 3 trước",16.6667,8.9414,0.8502,0.0000,0.0000,3
"6 · Phần phải sang khoang 3 trước",16.6693,8.7794,1.0611,0.0000,0.0000,3
"6 · Phần phải sang khoang 3 trước",16.6732,8.8603,0.8610,0.0000,0.0000,3
"6 · Phần phải sang khoang 3 trước",16.6657,8.5992,1.0927,0.0000,0.0000,3
"6 · Phần phải sang khoang 3 trước",16.6670,8.8494,1.2356,0.0000,0.0000,3
"6 · Phần phải sang khoang 3 trước",16.6701,8.9471,1.0942,0.0000,0.0000,3
"6 · Phần phải sang khoang 3 trước",16.6674,9.1658,0.9996,0.0000,0.0000,3
"6 · Phần phải sang khoang 3 trước",16.6656,8.8212,1.1927,0.0000,0.0000,3
"6 · Phần phải sang khoang 3 trước",16.6758,8.7749,1.1794,0.0000,0.0000,3
"6 · Phần phải sang khoang 3 trước",16.6584,8.4350,0.9060,0.0000,0.0000,3
"6 · Phần phải sang khoang 3 trước",16.6676,8.7771,0.7530,0.0000,0.0000,3
"6 · Phần phải sang khoang 3 trước",16.6663,9.1526,0.7380,0.0000,0.0000,3
"6 · Phần phải sang khoang 3 trước",16.6671,8.6629,0.7758,0.0000,0.0000,3
"6 · Phần phải sang khoang 3 trước",16.6673,8.6231,0.7225,0.0000,0.0000,3
"6 · Phần phải sang khoang 3 trước",16.6858,8.6169,0.7738,0.0000,0.0000,3
"6 · Phần phải sang khoang 3 trước",16.6568,8.5531,0.7357,0.0000,0.0000,3
"6 · Phần phải sang khoang 3 trước",16.6668,9.1801,0.7338,0.0000,0.0000,3
"6 · Phần phải sang khoang 3 trước",16.6668,9.1267,0.9143,0.0000,0.0000,3
"6 · Phần phải sang khoang 3 trước",16.6670,9.0585,0.8060,0.0000,0.0000,3
"6 · Phần phải sang khoang 3 trước",16.6669,9.4458,0.7446,0.0000,0.0000,3
"6 · Phần phải sang khoang 3 trước",16.6664,9.6794,0.7216,0.0000,0.0000,3
"6 · Phần phải sang khoang 3 trước",16.6795,9.6449,0.7439,0.0000,0.0000,3
"6 · Phần phải sang khoang 3 trước",16.6673,9.2183,0.7135,0.0000,0.0000,3
"6 · Phần phải sang khoang 3 trước",16.6672,9.5655,0.7490,0.0000,0.0000,3
"6 · Phần phải sang khoang 3 trước",16.6667,9.2026,0.7548,0.0000,0.0000,3
"6 · Phần phải sang khoang 3 trước",16.6669,9.2489,0.7109,0.0000,0.0000,3
"6 · Phần phải sang khoang 3 trước",16.6671,9.3949,0.7221,0.0000,0.0000,3
"6 · Phần phải sang khoang 3 trước",16.6683,9.6313,0.8192,0.0000,0.0000,3
"6 · Phần phải sang khoang 3 trước",16.6693,9.2412,0.9118,0.0000,0.0000,3
"6 · Phần phải sang khoang 3 trước",16.7044,9.2835,1.0134,0.0000,0.0000,3
"6 · Phần phải sang khoang 3 trước",16.6736,9.2431,1.2073,0.0000,0.0000,3
"6 · Phần phải sang khoang 3 trước",16.6672,8.9148,1.0084,0.0000,0.0000,3
"6 · Phần phải sang khoang 3 trước",16.6705,9.1507,0.8888,0.0000,0.0000,3
"6 · Phần phải sang khoang 3 trước",16.6640,9.5549,0.6827,0.0000,0.0000,3
"6 · Phần phải sang khoang 3 trước",16.6798,9.2780,0.7222,0.0000,0.0000,3
"6 · Phần phải sang khoang 3 trước",16.6685,9.3984,0.8360,0.0000,0.0000,3
"6 · Phần phải sang khoang 3 trước",16.6652,9.1955,0.8675,0.0000,0.0000,3
"6 · Phần phải sang khoang 3 trước",16.6654,9.3844,0.8142,0.0000,0.0000,3
"6 · Phần phải sang khoang 3 trước",16.6654,9.2666,0.7246,0.0000,0.0000,3
"6 · Phần phải sang khoang 3 trước",16.6658,9.1793,0.7022,0.0000,0.0000,3
"6 · Phần phải sang khoang 3 trước",16.6669,9.3048,0.6584,0.0000,0.0000,3
"6 · Phần phải sang khoang 3 trước",16.6670,8.7256,0.7075,0.0000,0.0000,3
"6 · Phần phải sang khoang 3 trước",16.6665,9.0214,0.6922,0.0000,0.0000,3
"6 · Phần phải sang khoang 3 trước",16.6675,8.4285,0.7041,0.0000,0.0000,3
"6 · Phần phải sang khoang 3 trước",16.6658,8.8544,0.6836,0.0000,0.0000,3
"6 · Phần phải sang khoang 3 trước",16.6717,8.9669,0.6797,0.0000,0.0000,3
"6 · Phần phải sang khoang 3 trước",16.6683,8.6164,0.7636,0.0000,0.0000,3
"6 · Phần phải sang khoang 3 trước",17.3512,8.6258,0.6732,0.0000,0.0000,3
"6 · Phần phải sang khoang 3 trước",16.7375,8.7191,0.8220,0.0000,0.0000,3
"6 · Phần phải sang khoang 3 trước",16.7521,8.8395,0.8236,0.0000,0.0000,3
"6 · Phần phải sang khoang 3 trước",16.7774,8.8738,1.1550,0.0000,0.0000,3
"6 · Phần phải sang khoang 3 trước",16.7923,8.7752,1.0873,0.0000,0.0000,3
"6 · Phần phải sang khoang 3 trước",16.7929,8.6953,0.7099,0.0000,0.0000,3
"6 · Phần phải sang khoang 3 trước",16.8002,8.6072,0.8555,0.0000,0.0000,3
"6 · Phần phải sang khoang 3 trước",16.8383,8.6654,0.8370,0.0000,0.0000,3
"6 · Phần phải sang khoang 3 trước",16.8818,9.0570,0.7731,0.0000,0.0000,3
"6 · Phần phải sang khoang 3 trước",16.8893,9.0074,0.7992,0.0000,0.0000,3
"6 · Phần phải sang khoang 3 trước",16.9350,8.8320,0.6687,0.0000,0.0000,3
"6 · Phần phải sang khoang 3 trước",16.9566,8.7077,0.7450,0.0000,0.0000,3
"6 · Phần phải sang khoang 3 trước",17.0096,8.8130,0.7609,0.0000,0.0000,3
"6 · Phần phải sang khoang 3 trước",17.0503,8.8928,0.7336,0.0000,0.0000,3
"6 · Phần phải sang khoang 3 trước",17.0807,8.7542,0.6726,0.0000,0.0000,3
"6 · Phần phải sang khoang 3 trước",17.1529,8.6732,0.6846,0.0000,0.0000,3
"6 · Phần phải sang khoang 3 trước",17.2154,8.6319,0.9805,0.0000,0.0000,3
"6 · Phần phải sang khoang 3 trước",28.4702,8.7054,1.2296,0.0000,0.0000,3
"6 · Phần phải sang khoang 3 trước",16.6659,9.3233,0.7253,0.0000,0.0000,3
"6 · Phần phải sang khoang 3 trước",16.6669,9.0465,1.0780,0.0000,0.0000,3
"6 · Phần phải sang khoang 3 trước",16.6662,9.3862,0.7829,0.0000,0.0000,3
"6 · Phần phải sang khoang 3 trước",16.6674,8.9431,0.8748,0.0000,0.0000,3
"6 · Phần phải sang khoang 3 trước",16.6660,9.1393,0.6796,0.0000,0.0000,3
"6 · Phần phải sang khoang 3 trước",16.6686,9.1823,0.7446,0.0000,0.0000,3
"6 · Phần phải sang khoang 3 trước",16.6655,9.0987,0.6981,0.0000,0.0000,3
"6 · Phần phải sang khoang 3 trước",16.6675,9.1528,0.7694,0.0000,0.0000,3
"6 · Phần phải sang khoang 3 trước",16.6690,8.8074,0.8293,0.0000,0.0000,3
"6 · Phần phải sang khoang 3 trước",16.6653,8.9054,0.7290,0.0000,0.0000,3
"6 · Phần phải sang khoang 3 trước",16.6652,9.4337,0.6524,0.0000,0.7083,3
"6 · Phần phải sang khoang 3 trước",16.6671,9.5588,0.7939,0.0000,0.0000,3
"6 · Phần phải sang khoang 3 trước",16.6720,9.2385,0.9319,0.0000,0.0000,3
"6 · Phần phải sang khoang 3 trước",16.6642,9.4265,0.7186,0.0000,0.0000,3
"6 · Phần phải sang khoang 3 trước",16.6720,9.2248,0.7050,0.0000,0.0000,3
"6 · Phần phải sang khoang 3 trước",16.6674,9.5653,0.7446,0.0000,0.0000,3
"6 · Phần phải sang khoang 3 trước",16.7176,9.4822,0.9365,0.0000,0.0000,3
"6 · Phần phải sang khoang 3 trước",16.6622,10.7264,0.7090,0.0000,0.0000,3
"6 · Phần phải sang khoang 3 trước",16.6692,10.5563,0.7357,0.0000,0.0000,3
"6 · Phần phải sang khoang 3 trước",16.6647,10.8517,0.7497,0.0000,0.0000,3
"6 · Phần phải sang khoang 3 trước",16.6650,10.9305,0.7375,0.0000,0.0000,3
"6 · Phần phải sang khoang 3 trước",16.6675,10.3907,0.8742,0.0000,0.0000,3
"6 · Phần phải sang khoang 3 trước",16.6661,11.4847,0.7226,0.0000,0.0000,3
"6 · Phần phải sang khoang 3 trước",16.6669,11.3060,0.8290,0.0000,0.0000,3
"6 · Phần phải sang khoang 3 trước",16.6706,11.3683,0.7502,0.0000,0.0000,3
"6 · Phần phải sang khoang 3 trước",16.6668,11.5947,0.8157,0.0000,0.0000,3
"6 · Phần phải sang khoang 3 trước",16.6672,11.4573,0.7295,0.0000,0.0000,3
"6 · Phần phải sang khoang 3 trước",16.6693,11.5947,0.7082,0.0000,0.0000,3
"6 · Phần phải sang khoang 3 trước",16.6754,11.5780,0.7436,0.0000,0.0000,3
"6 · Phần phải sang khoang 3 trước",16.6698,11.4293,0.7459,0.0000,0.0000,3
"6 · Phần phải sang khoang 3 trước",16.6717,11.3260,0.7665,0.0000,0.0000,3
"6 · Phần phải sang khoang 3 trước",16.6668,11.3267,0.7442,0.0000,0.0000,3
"6 · Phần phải sang khoang 3 trước",16.6669,11.3407,0.7970,0.0000,0.0000,3
"6 · Phần phải sang khoang 3 trước",16.6733,11.4258,0.7883,0.0000,0.0000,3
"6 · Phần phải sang khoang 3 trước",16.6714,11.1638,0.8721,0.0000,0.0000,3
"6 · Phần phải sang khoang 3 trước",16.6723,11.1107,0.7695,0.0000,0.0000,3
"6 · Phần phải sang khoang 3 trước",16.6648,10.9809,0.7706,0.0000,0.0000,3
"6 · Phần phải sang khoang 3 trước",16.6863,10.8911,0.8343,0.0000,0.0000,3
"6 · Phần phải sang khoang 3 trước",16.6853,10.9820,0.7626,0.0000,0.0000,3
"6 · Phần phải sang khoang 3 trước",16.6758,10.7364,0.8328,0.0000,0.0000,3
"6 · Phần phải sang khoang 3 trước",16.6684,10.8814,0.7312,0.0000,0.0000,3
"6 · Phần phải sang khoang 3 trước",16.6761,10.8711,0.8139,0.0000,0.0000,3
"6 · Phần phải sang khoang 3 trước",16.6765,10.5351,0.8466,0.0000,0.0000,3
"6 · Phần phải sang khoang 3 trước",16.6738,10.6875,0.7371,0.0000,0.0000,3
"6 · Phần phải sang khoang 3 trước",16.6750,11.1763,0.8322,0.0000,0.0000,3
"6 · Phần phải sang khoang 3 trước",16.7049,11.1767,0.7441,0.0000,0.0000,3
"6 · Phần phải sang khoang 3 trước",16.6820,11.1744,0.7705,0.0000,0.0000,3
"6 · Phần phải sang khoang 3 trước",16.6955,11.4560,0.7383,0.0000,0.0000,3
"6 · Phần phải sang khoang 3 trước",16.6875,11.6155,0.8144,0.0000,0.0000,3
"6 · Phần phải sang khoang 3 trước",16.7005,11.4375,0.7411,0.0000,0.0000,3
"6 · Phần phải sang khoang 3 trước",16.7075,11.0214,1.0011,0.0000,0.0000,3
"6 · Phần phải sang khoang 3 trước",16.7188,11.0480,1.0233,0.0000,0.0000,3
"6 · Phần phải sang khoang 3 trước",16.6878,10.8761,0.9937,0.0000,0.0000,3
"6 · Phần phải sang khoang 3 trước",16.7196,10.8991,0.8997,0.0000,0.0000,3
"6 · Phần phải sang khoang 3 trước",16.7171,10.6998,0.9575,0.0000,0.0000,3
"6 · Phần phải sang khoang 3 trước",16.7293,10.8178,0.8032,0.0000,0.0000,3
"6 · Phần phải sang khoang 3 trước",16.7357,10.5019,1.0884,0.0000,0.0000,3
"6 · Phần phải sang khoang 3 trước",16.7442,10.8706,0.7645,0.0000,0.0000,3
"6 · Phần phải sang khoang 3 trước",16.7560,10.7057,0.8921,0.0000,0.0000,3
"6 · Phần phải sang khoang 3 trước",16.7650,10.5982,0.7422,0.0000,0.0000,3
"6 · Phần phải sang khoang 3 trước",16.7825,10.6404,0.7321,0.0000,0.0000,3
"6 · Phần phải sang khoang 3 trước",16.7954,10.8911,0.8280,0.0000,0.0000,3
"6 · Phần phải sang khoang 3 trước",16.8198,10.9129,0.8022,0.0000,0.0000,3
"6 · Phần phải sang khoang 3 trước",16.8343,10.4815,0.9726,0.0000,0.0000,3
"6 · Phần phải sang khoang 3 trước",16.8631,10.6768,0.9183,0.0000,0.0000,3
"6 · Phần phải sang khoang 3 trước",31.6878,10.6693,1.4284,0.0000,0.0000,3
"6 · Phần phải sang khoang 3 trước",16.6676,10.2351,0.7971,0.0000,0.0000,3
"6 · Phần phải sang khoang 3 trước",16.6672,10.3658,0.7261,0.0000,0.0000,3
"6 · Phần phải sang khoang 3 trước",16.6660,10.2644,0.7591,0.0000,0.0000,3
"6 · Phần phải sang khoang 3 trước",16.6672,10.1586,0.7749,0.0000,0.0000,3
"6 · Phần phải sang khoang 3 trước",16.6673,10.4793,0.8902,0.0000,0.0000,3
"6 · Phần phải sang khoang 3 trước",16.6655,10.2499,0.8366,0.0000,0.0000,3
"6 · Phần phải sang khoang 3 trước",16.6691,10.0221,0.8317,0.0000,0.0000,3
"6 · Phần phải sang khoang 3 trước",16.6653,10.2839,0.7379,0.0000,0.0000,3
"6 · Phần phải sang khoang 3 trước",16.6664,10.0226,0.8616,0.0000,0.0000,3
"6 · Phần phải sang khoang 3 trước",16.6663,10.0171,0.8509,0.0000,0.0000,3
"6 · Phần phải sang khoang 3 trước",16.6665,10.0397,0.8494,0.0000,0.0000,3
"6 · Phần phải sang khoang 3 trước",16.6678,10.0374,0.7768,0.0000,0.0000,3
"6 · Phần phải sang khoang 3 trước",16.6661,10.1704,0.9351,0.0000,0.0000,3
"6 · Phần phải sang khoang 3 trước",16.6672,10.3118,0.8596,0.0000,0.0000,3
"6 · Phần phải sang khoang 3 trước",16.6665,10.8270,0.7728,0.0000,0.0000,3
"6 · Phần phải sang khoang 3 trước",16.6669,10.4047,0.7891,0.0000,0.0000,3
"6 · Phần phải sang khoang 3 trước",16.6672,10.0394,0.8237,0.0000,0.0000,3
"6 · Phần phải sang khoang 3 trước",16.6669,9.7070,0.7330,0.0000,0.0000,3
"6 · Phần phải sang khoang 3 trước",16.6682,9.7096,0.8053,0.0000,0.0000,3
"6 · Phần phải sang khoang 3 trước",16.6699,9.7521,0.7647,0.0000,0.0000,3
"6 · Phần phải sang khoang 3 trước",16.6665,9.5562,0.7317,0.0000,0.0000,3
"6 · Phần phải sang khoang 3 trước",16.6696,9.4010,0.7721,0.0000,0.0000,3
"6 · Phần phải sang khoang 3 trước",16.6655,9.8917,0.8076,0.0000,0.0000,3
"6 · Phần phải sang khoang 3 trước",16.6694,9.6588,0.8086,0.0000,0.0000,3
"6 · Phần phải sang khoang 3 trước",16.6693,9.7434,0.8565,0.0000,0.0000,3
"6 · Phần phải sang khoang 3 trước",16.6643,10.1761,0.8162,0.0000,0.0000,3
"6 · Phần phải sang khoang 3 trước",16.6763,10.1040,0.7367,0.0000,0.0000,3
"6 · Phần phải sang khoang 3 trước",16.6893,10.0710,0.7521,0.0000,0.0000,3
"6 · Phần phải sang khoang 3 trước",16.6672,9.8866,0.8036,0.0000,0.0000,3
"6 · Phần phải sang khoang 3 trước",16.6669,10.1673,0.7806,0.0000,0.0000,3
"6 · Phần phải sang khoang 3 trước",16.6663,10.1098,0.8130,0.0000,0.0000,3
"6 · Phần phải sang khoang 3 trước",16.6675,9.7622,0.7779,0.0000,0.0000,3
"6 · Phần phải sang khoang 3 trước",16.6679,9.5424,0.7514,0.0000,0.0000,3
"6 · Phần phải sang khoang 3 trước",16.6650,9.5166,0.8224,0.0000,0.0000,3
"6 · Phần phải sang khoang 3 trước",16.6674,9.1045,0.7849,0.0000,0.0000,3
"6 · Phần phải sang khoang 3 trước",16.6680,8.8507,0.8797,0.0000,0.0000,3
"6 · Phần phải sang khoang 3 trước",16.6672,8.8724,0.8491,0.0000,0.0000,3
"6 · Phần phải sang khoang 3 trước",16.6775,9.0324,0.8187,0.0000,0.0000,3
"6 · Phần phải sang khoang 3 trước",16.6662,9.0990,0.8707,0.0000,0.0000,3
"6 · Phần phải sang khoang 3 trước",16.6661,9.3267,0.9832,0.0000,0.0000,3
"6 · Phần phải sang khoang 3 trước",16.6666,9.2134,0.8291,0.0000,0.0000,3
"6 · Phần phải sang khoang 3 trước",16.6675,8.6865,1.3109,0.0000,0.0000,3
"6 · Phần phải sang khoang 3 trước",16.6656,9.1016,0.8448,0.0000,0.0000,3
"6 · Phần phải sang khoang 3 trước",16.6676,8.7882,0.7993,0.0000,0.0000,3
"6 · Phần phải sang khoang 3 trước",16.6669,9.1418,0.8268,0.0000,0.0000,3
"6 · Phần phải sang khoang 3 trước",16.6658,9.1468,0.7788,0.0000,0.0000,3
"6 · Phần phải sang khoang 3 trước",16.6670,8.8019,0.7898,0.0000,0.0000,3
"6 · Phần phải sang khoang 3 trước",16.6674,9.2262,0.8116,0.0000,0.0000,3
"6 · Phần phải sang khoang 3 trước",16.6667,8.5520,0.8362,0.0000,0.0000,3
"6 · Phần phải sang khoang 3 trước",16.6664,8.9066,0.7413,0.0000,0.0000,3
"6 · Phần phải sang khoang 3 trước",16.6678,8.8891,1.0634,0.0000,0.0000,3
"6 · Phần phải sang khoang 3 trước",16.6656,8.9399,1.0149,0.0000,0.0000,3
"6 · Phần phải sang khoang 3 trước",16.6667,9.1423,0.9187,0.0000,0.0000,3
"6 · Phần phải sang khoang 3 trước",16.6677,8.4591,0.8606,0.0000,0.0000,3
"6 · Phần phải sang khoang 3 trước",16.6652,8.3698,0.8564,0.0000,0.0000,3
"6 · Phần phải sang khoang 3 trước",16.6677,8.6891,0.8343,0.0000,0.0000,3
"6 · Phần phải sang khoang 3 trước",16.6679,8.6317,0.8162,0.0000,0.0000,3
"6 · Phần phải sang khoang 3 trước",16.6664,9.2947,0.8206,0.0000,0.0000,3
"6 · Phần phải sang khoang 3 trước",16.6662,9.6681,0.8367,0.0000,0.0000,3
"6 · Phần phải sang khoang 3 trước",16.6667,9.4275,0.7682,0.0000,0.0000,3
"6 · Phần phải sang khoang 3 trước",16.6666,9.4895,0.7620,0.0000,0.0000,3
"6 · Phần phải sang khoang 3 trước",16.6672,9.6525,0.8699,0.0000,0.0000,3
"6 · Phần phải sang khoang 3 trước",16.6765,10.0166,0.7848,0.0000,0.0000,3
"6 · Phần phải sang khoang 3 trước",16.6679,9.6876,0.7935,0.0000,0.0000,3
"6 · Phần phải sang khoang 3 trước",16.6715,9.0723,0.8159,0.0000,0.0000,3
"6 · Phần phải sang khoang 3 trước",16.6665,9.1366,0.7679,0.0000,0.0000,3
"6 · Phần phải sang khoang 3 trước",16.6662,9.5400,0.7822,0.0000,0.0000,3
"6 · Phần phải sang khoang 3 trước",16.6662,9.1387,0.8472,0.0000,0.0000,3
"6 · Phần phải sang khoang 3 trước",16.6662,9.2216,0.7683,0.0000,0.0000,3
"6 · Phần phải sang khoang 3 trước",16.6683,9.1183,0.7959,0.0000,0.0000,3
"6 · Phần phải sang khoang 3 trước",26.8128,9.1003,1.1781,0.0000,0.0000,3
"6 · Phần phải sang khoang 3 trước",23.1203,9.3549,1.1988,0.0000,0.0000,3
"6 · Phần phải sang khoang 3 trước",16.6663,9.4029,0.8976,0.0000,0.0000,3
"6 · Phần phải sang khoang 3 trước",16.6692,9.5500,0.9697,0.0000,0.0000,3
"6 · Phần phải sang khoang 3 trước",16.6653,9.1356,0.8532,0.0000,0.0000,3
"6 · Phần phải sang khoang 3 trước",16.6711,9.5639,0.9190,0.0000,0.0000,3
"6 · Phần phải sang khoang 3 trước",16.6630,8.5558,0.8725,0.0000,0.0000,3
"6 · Phần phải sang khoang 3 trước",16.6650,8.8398,0.7316,0.0000,0.0000,3
"6 · Phần phải sang khoang 3 trước",16.6674,9.2365,0.8989,0.0000,0.0000,3
"6 · Phần phải sang khoang 3 trước",16.6666,9.3378,0.7766,0.0000,0.0000,3
"6 · Phần phải sang khoang 3 trước",16.6669,9.3956,0.8577,0.0000,0.0000,3
"6 · Phần phải sang khoang 3 trước",16.6688,9.6243,0.9458,0.0000,0.0000,3
"6 · Phần phải sang khoang 3 trước",16.6796,9.3130,0.9344,0.0000,0.0000,3
"6 · Phần phải sang khoang 3 trước",16.6654,9.0045,1.0998,0.0000,0.0000,3
"6 · Phần phải sang khoang 3 trước",16.6893,9.4042,0.7893,0.0000,0.0000,3
"6 · Phần phải sang khoang 3 trước",16.6551,9.4378,0.7478,0.0000,0.0000,3
"6 · Phần phải sang khoang 3 trước",16.6677,9.6222,0.7645,0.0000,0.0000,3
"6 · Phần phải sang khoang 3 trước",16.6664,9.6805,0.7524,0.0000,0.0000,3
"6 · Phần phải sang khoang 3 trước",16.6657,9.9523,0.7686,0.0000,0.0000,3
"6 · Phần phải sang khoang 3 trước",16.6776,9.7830,0.7294,0.0000,0.0000,3
"6 · Phần phải sang khoang 3 trước",16.6692,9.6739,0.9091,0.0000,0.0000,3
"6 · Phần phải sang khoang 3 trước",16.6635,9.8450,0.9916,0.0000,0.0000,3
"6 · Phần phải sang khoang 3 trước",16.6667,9.9011,0.8739,0.0000,0.0000,3
"6 · Phần phải sang khoang 3 trước",16.6665,9.5289,0.9796,0.0000,0.0000,3
"6 · Phần phải sang khoang 3 trước",16.6681,9.8593,0.8254,0.0000,0.0000,3
"6 · Phần phải sang khoang 3 trước",16.6790,10.1753,0.7649,0.0000,0.0000,3
"6 · Phần phải sang khoang 3 trước",16.6656,9.9280,0.7864,0.0000,0.0000,3
"6 · Phần phải sang khoang 3 trước",16.6658,9.7605,0.7506,0.0000,0.0000,3
"6 · Phần phải sang khoang 3 trước",16.6813,10.0687,0.7378,0.0000,0.0000,3
"6 · Phần phải sang khoang 3 trước",16.6663,9.8760,0.7390,0.0000,0.0000,3
"6 · Phần phải sang khoang 3 trước",16.6667,10.3892,0.7550,0.0000,0.0000,3
"6 · Phần phải sang khoang 3 trước",16.6683,10.2210,0.7945,0.0000,0.0000,3
"7 · Phần trái vòng sau bánh răng tới B",16.6658,10.1314,0.7681,0.0000,0.7714,3
"7 · Phần trái vòng sau bánh răng tới B",16.6673,10.5233,0.8514,0.0000,0.0000,3
"7 · Phần trái vòng sau bánh răng tới B",16.6658,10.7735,0.8351,0.0000,0.0000,3
"7 · Phần trái vòng sau bánh răng tới B",16.6675,10.5984,0.8811,0.0000,0.0000,3
"7 · Phần trái vòng sau bánh răng tới B",16.6692,10.6126,0.8402,0.0000,0.0000,3
"7 · Phần trái vòng sau bánh răng tới B",16.6715,10.7077,0.8595,0.0000,0.0000,3
"7 · Phần trái vòng sau bánh răng tới B",16.6730,10.5149,0.8671,0.0000,0.0000,3
"7 · Phần trái vòng sau bánh răng tới B",16.6680,10.7590,0.9272,0.0000,0.0000,3
"7 · Phần trái vòng sau bánh răng tới B",16.6679,10.6941,0.8530,0.0000,0.0000,3
"7 · Phần trái vòng sau bánh răng tới B",16.6669,10.9742,0.8349,0.0000,0.0000,3
"7 · Phần trái vòng sau bánh răng tới B",16.6667,11.0118,0.8336,0.0000,0.0000,3
"7 · Phần trái vòng sau bánh răng tới B",16.6768,10.9864,0.8521,0.0000,0.0000,3
"7 · Phần trái vòng sau bánh răng tới B",16.6774,11.1445,0.8523,0.0000,0.0000,3
"7 · Phần trái vòng sau bánh răng tới B",16.6822,10.9580,1.1883,0.0000,0.0000,3
"7 · Phần trái vòng sau bánh răng tới B",16.6680,10.8865,0.8724,0.0000,0.0000,3
"7 · Phần trái vòng sau bánh răng tới B",16.6792,10.6744,0.8590,0.0000,0.0000,3
"7 · Phần trái vòng sau bánh răng tới B",16.6810,10.5368,0.8754,0.0000,0.0000,3
"7 · Phần trái vòng sau bánh răng tới B",16.7184,10.1798,1.0359,0.0000,0.0000,3
"7 · Phần trái vòng sau bánh răng tới B",16.6719,10.7054,0.8936,0.0000,0.0000,3
"7 · Phần trái vòng sau bánh răng tới B",16.6924,10.3815,1.0837,0.0000,0.0000,3
"7 · Phần trái vòng sau bánh răng tới B",16.7015,10.7165,0.8638,0.0000,0.0000,3
"7 · Phần trái vòng sau bánh răng tới B",16.6974,10.3201,0.9731,0.0000,0.0000,3
"7 · Phần trái vòng sau bánh răng tới B",16.6911,10.4608,0.9432,0.0000,0.0000,3
"7 · Phần trái vòng sau bánh răng tới B",16.7043,10.2449,0.8248,0.0000,0.0000,3
"7 · Phần trái vòng sau bánh răng tới B",16.6998,9.9569,1.0269,0.0000,0.0000,3
"7 · Phần trái vòng sau bánh răng tới B",16.7038,9.8719,1.0162,0.0000,0.0000,3
"7 · Phần trái vòng sau bánh răng tới B",16.7210,10.0971,1.1870,0.0000,0.0000,3
"7 · Phần trái vòng sau bánh răng tới B",16.7304,10.0996,1.1044,0.0000,0.0000,3
"7 · Phần trái vòng sau bánh răng tới B",16.7270,10.0522,0.9837,0.0000,0.0000,3
"7 · Phần trái vòng sau bánh răng tới B",16.7518,9.1973,1.0919,0.0000,0.0000,3
"7 · Phần trái vòng sau bánh răng tới B",16.7458,9.2347,1.1667,0.0000,0.0000,3
"7 · Phần trái vòng sau bánh răng tới B",16.7451,9.1858,0.9473,0.0000,0.0000,3
"7 · Phần trái vòng sau bánh răng tới B",16.7697,9.2662,1.0051,0.0000,0.0000,3
"7 · Phần trái vòng sau bánh răng tới B",16.7718,9.2682,1.0493,0.0000,0.0000,3
"7 · Phần trái vòng sau bánh răng tới B",16.7994,9.0588,1.0036,0.0000,0.0000,3
"7 · Phần trái vòng sau bánh răng tới B",16.8015,9.2688,0.9971,0.0000,0.0000,3
"7 · Phần trái vòng sau bánh răng tới B",16.8296,8.9450,0.9274,0.0000,0.0000,3
"7 · Phần trái vòng sau bánh răng tới B",16.7642,9.1023,1.0857,0.0000,0.0000,3
"7 · Phần trái vòng sau bánh răng tới B",16.8444,9.0940,0.8774,0.0000,0.0000,3
"7 · Phần trái vòng sau bánh răng tới B",16.8799,9.0229,0.8493,0.0000,0.0000,3
"7 · Phần trái vòng sau bánh răng tới B",16.9107,8.9257,0.9243,0.0000,0.0000,3
"7 · Phần trái vòng sau bánh răng tới B",16.9487,8.8615,0.9172,0.0000,0.0000,3
"7 · Phần trái vòng sau bánh răng tới B",16.9913,8.5294,0.8729,0.0000,0.0000,3
"7 · Phần trái vòng sau bánh răng tới B",17.0313,8.8855,0.8981,0.0000,0.0000,3
"7 · Phần trái vòng sau bánh răng tới B",30.1185,8.5118,1.6925,0.0000,0.0000,3
"7 · Phần trái vòng sau bánh răng tới B",16.6676,8.6629,0.9209,0.0000,0.0000,3
"7 · Phần trái vòng sau bánh răng tới B",16.6674,8.5376,0.9612,0.0000,0.0000,3
"7 · Phần trái vòng sau bánh răng tới B",16.6687,9.0201,0.9331,0.0000,0.0000,3
"7 · Phần trái vòng sau bánh răng tới B",16.6686,9.0801,0.9291,0.0000,0.0000,3
"7 · Phần trái vòng sau bánh răng tới B",16.6650,9.4576,0.8196,0.0000,0.0000,3
"7 · Phần trái vòng sau bánh răng tới B",16.6670,9.0199,0.8802,0.0000,0.0000,3
"7 · Phần trái vòng sau bánh răng tới B",16.6778,9.0750,0.9576,0.0000,0.0000,3
"7 · Phần trái vòng sau bánh răng tới B",16.6653,9.1376,0.8380,0.0000,0.0000,3
"7 · Phần trái vòng sau bánh răng tới B",16.6729,9.0470,0.9146,0.0000,0.0000,3
"7 · Phần trái vòng sau bánh răng tới B",16.6675,9.3373,0.9171,0.0000,0.0000,3
"7 · Phần trái vòng sau bánh răng tới B",16.6664,9.1534,0.8829,0.0000,0.0000,3
"7 · Phần trái vòng sau bánh răng tới B",16.6673,9.0611,0.8524,0.0000,0.0000,3
"7 · Phần trái vòng sau bánh răng tới B",16.6670,7.8016,0.9519,0.0000,0.0000,3
"7 · Phần trái vòng sau bánh răng tới B",16.6666,8.6970,0.8692,0.0000,0.0000,3
"7 · Phần trái vòng sau bánh răng tới B",16.6667,8.6396,0.9212,0.0000,0.0000,3
"7 · Phần trái vòng sau bánh răng tới B",16.6686,8.7725,0.8861,0.0000,0.0000,3
"7 · Phần trái vòng sau bánh răng tới B",16.6648,8.6208,0.8872,0.0000,0.0000,3
"7 · Phần trái vòng sau bánh răng tới B",16.6670,8.7417,0.9059,0.0000,0.0000,3
"7 · Phần trái vòng sau bánh răng tới B",16.6656,8.8511,1.1114,0.0000,0.0000,3
"7 · Phần trái vòng sau bánh răng tới B",16.6668,8.5991,0.8653,0.0000,0.0000,3
"7 · Phần trái vòng sau bánh răng tới B",16.6706,8.7979,0.8288,0.0000,0.0000,3
"7 · Phần trái vòng sau bánh răng tới B",16.6757,8.7664,0.8437,0.0000,0.0000,3
"7 · Phần trái vòng sau bánh răng tới B",16.6745,8.8037,0.8735,0.0000,0.0000,3
"7 · Phần trái vòng sau bánh răng tới B",16.6787,8.7613,0.9486,0.0000,0.0000,3
"7 · Phần trái vòng sau bánh răng tới B",16.6656,8.9996,0.8289,0.0000,0.0000,3
"7 · Phần trái vòng sau bánh răng tới B",16.6675,8.6804,0.8507,0.0000,0.0000,3
"7 · Phần trái vòng sau bánh răng tới B",16.6660,8.9412,0.8753,0.0000,0.0000,3
"7 · Phần trái vòng sau bánh răng tới B",16.6665,9.1209,0.8719,0.0000,0.0000,3
"7 · Phần trái vòng sau bánh răng tới B",16.6679,9.6930,0.8503,0.0000,0.0000,3
"7 · Phần trái vòng sau bánh răng tới B",16.6657,9.6316,0.9171,0.0000,0.0000,3
"7 · Phần trái vòng sau bánh răng tới B",16.6670,9.6767,0.8990,0.0000,0.0000,3
"7 · Phần trái vòng sau bánh răng tới B",16.6663,10.2523,0.8455,0.0000,0.0000,3
"7 · Phần trái vòng sau bánh răng tới B",16.6665,10.0475,0.7776,0.0000,0.0000,3
"7 · Phần trái vòng sau bánh răng tới B",16.6676,10.0336,0.9099,0.0000,0.0000,3
"7 · Phần trái vòng sau bánh răng tới B",16.6656,9.8755,0.8474,0.0000,0.0000,3
"7 · Phần trái vòng sau bánh răng tới B",16.6768,10.3766,0.8929,0.0000,0.0000,3
"7 · Phần trái vòng sau bánh răng tới B",16.6749,9.6797,0.8687,0.0000,0.0000,3
"7 · Phần trái vòng sau bánh răng tới B",16.6653,9.3380,0.8494,0.0000,0.0000,3
"7 · Phần trái vòng sau bánh răng tới B",16.6672,9.5787,0.8895,0.0000,0.0000,3
"7 · Phần trái vòng sau bánh răng tới B",16.6688,9.2825,0.9345,0.0000,0.0000,3
"7 · Phần trái vòng sau bánh răng tới B",16.6656,9.1317,0.9534,0.0000,0.0000,3
"7 · Phần trái vòng sau bánh răng tới B",16.6659,9.3891,0.8956,0.0000,0.0000,3
"7 · Phần trái vòng sau bánh răng tới B",16.6684,9.1265,1.0536,0.0000,0.0000,3
"7 · Phần trái vòng sau bánh răng tới B",16.6654,9.3369,0.8392,0.0000,0.0000,3
"7 · Phần trái vòng sau bánh răng tới B",16.6701,9.2059,1.2633,0.0000,0.0000,3
"7 · Phần trái vòng sau bánh răng tới B",16.6667,9.1818,0.9908,0.0000,0.0000,3
"7 · Phần trái vòng sau bánh răng tới B",16.6659,9.1061,1.0396,0.0000,0.0000,3
"7 · Phần trái vòng sau bánh răng tới B",16.6691,9.1791,0.8811,0.0000,0.0000,3
"7 · Phần trái vòng sau bánh răng tới B",16.6663,9.0761,0.9791,0.0000,0.0000,3
"7 · Phần trái vòng sau bánh răng tới B",16.6654,9.3788,0.8902,0.0000,0.0000,3
"7 · Phần trái vòng sau bánh răng tới B",16.6673,9.2905,0.8905,0.0000,0.0000,3
"7 · Phần trái vòng sau bánh răng tới B",16.6657,9.4198,0.8778,0.0000,0.0000,3
"7 · Phần trái vòng sau bánh răng tới B",16.6670,9.1906,1.4133,0.0000,0.0000,3
"7 · Phần trái vòng sau bánh răng tới B",16.6670,9.1014,0.8596,0.0000,0.0000,3
"7 · Phần trái vòng sau bánh răng tới B",16.6663,9.2085,0.8509,0.0000,0.0000,3
"7 · Phần trái vòng sau bánh răng tới B",16.6676,9.2533,0.8620,0.0000,0.0000,3
"7 · Phần trái vòng sau bánh răng tới B",16.6670,9.0869,0.9947,0.0000,0.0000,3
"7 · Phần trái vòng sau bánh răng tới B",16.6756,9.5673,1.1234,0.0000,0.0000,3
"7 · Phần trái vòng sau bánh răng tới B",16.6598,10.5723,1.0110,0.0000,0.0000,3
"7 · Phần trái vòng sau bánh răng tới B",16.6713,9.5574,1.1661,0.0000,0.0000,3
"7 · Phần trái vòng sau bánh răng tới B",16.6658,10.0461,1.1311,0.0000,0.0000,3
"7 · Phần trái vòng sau bánh răng tới B",16.6698,10.2952,0.8963,0.0000,0.0000,3
"7 · Phần trái vòng sau bánh răng tới B",16.6755,10.9037,0.8995,0.0000,0.0000,3
"7 · Phần trái vòng sau bánh răng tới B",16.6793,10.3854,0.8784,0.0000,0.0000,3
"7 · Phần trái vòng sau bánh răng tới B",16.6719,10.1499,0.8678,0.0000,0.0000,3
"7 · Phần trái vòng sau bánh răng tới B",16.6713,10.2287,0.8672,0.0000,0.0000,3
"7 · Phần trái vòng sau bánh răng tới B",16.6674,10.3993,0.8728,0.0000,0.0000,3
"7 · Phần trái vòng sau bánh răng tới B",16.6672,10.3985,0.8804,0.0000,0.0000,3
"7 · Phần trái vòng sau bánh răng tới B",16.6740,10.6010,0.8929,0.0000,0.0000,3
"7 · Phần trái vòng sau bánh răng tới B",16.6665,10.4819,0.8760,0.0000,0.0000,3
"7 · Phần trái vòng sau bánh răng tới B",16.6955,10.3686,0.8717,0.0000,0.0000,3
"7 · Phần trái vòng sau bánh răng tới B",16.6825,10.5994,0.8837,0.0000,0.0000,3
"7 · Phần trái vòng sau bánh răng tới B",16.6914,10.9167,0.9038,0.0000,0.0000,3
"7 · Phần trái vòng sau bánh răng tới B",16.6984,10.5120,0.9229,0.0000,0.0000,3
"7 · Phần trái vòng sau bánh răng tới B",16.7022,10.6466,0.9509,0.0000,0.0000,3
"7 · Phần trái vòng sau bánh răng tới B",16.6996,10.2871,0.8917,0.0000,0.0000,3
"7 · Phần trái vòng sau bánh răng tới B",16.7171,10.1603,0.8684,0.0000,0.0000,3
"7 · Phần trái vòng sau bánh răng tới B",16.7101,10.1680,0.8880,0.0000,0.0000,3
"7 · Phần trái vòng sau bánh răng tới B",16.7151,9.9924,0.9024,0.0000,0.0000,3
"7 · Phần trái vòng sau bánh răng tới B",16.7217,10.1303,0.8514,0.0000,0.0000,3
"7 · Phần trái vòng sau bánh răng tới B",16.7311,10.0531,0.8839,0.0000,0.0000,3
"7 · Phần trái vòng sau bánh răng tới B",16.7360,10.7039,0.9037,0.0000,0.0000,3
"7 · Phần trái vòng sau bánh răng tới B",16.7506,10.7640,0.9189,0.0000,0.0000,3
"7 · Phần trái vòng sau bánh răng tới B",16.7662,10.9973,0.8931,0.0000,0.0000,3
"7 · Phần trái vòng sau bánh răng tới B",16.7795,10.6174,0.9475,0.0000,0.0000,3
"7 · Phần trái vòng sau bánh răng tới B",16.7955,10.6841,0.9280,0.0000,0.0000,3
"7 · Phần trái vòng sau bánh răng tới B",16.8098,10.7593,1.0660,0.0000,0.0000,3
"7 · Phần trái vòng sau bánh răng tới B",16.8303,10.7366,1.0740,0.0000,0.0000,3
"7 · Phần trái vòng sau bánh răng tới B",16.8518,10.8001,1.0248,0.0000,0.0000,3
"7 · Phần trái vòng sau bánh răng tới B",16.8721,10.5820,1.0639,0.0000,0.0000,3
"7 · Phần trái vòng sau bánh răng tới B",16.7547,10.6587,1.0387,0.0000,0.0000,3
"7 · Phần trái vòng sau bánh răng tới B",16.7018,10.7075,1.1532,0.0000,0.0000,3
"7 · Phần trái vòng sau bánh răng tới B",31.4310,10.1514,1.7999,0.0000,0.0000,3
"7 · Phần trái vòng sau bánh răng tới B",16.6661,10.3357,0.8507,0.0000,0.0000,3
"7 · Phần trái vòng sau bánh răng tới B",16.6668,10.1792,0.8676,0.0000,0.0000,3
"7 · Phần trái vòng sau bánh răng tới B",16.6671,10.2897,0.8646,0.0000,0.0000,3
"7 · Phần trái vòng sau bánh răng tới B",16.6665,9.9278,0.8331,0.0000,0.0000,3
"7 · Phần trái vòng sau bánh răng tới B",16.6677,9.9081,0.8580,0.0000,0.0000,3
"7 · Phần trái vòng sau bánh răng tới B",16.6673,9.8769,0.8753,0.0000,0.0000,3
"7 · Phần trái vòng sau bánh răng tới B",16.6656,9.7784,0.8308,0.0000,0.0000,3
"7 · Phần trái vòng sau bánh răng tới B",16.6666,10.0160,0.8626,0.0000,0.0000,3
"7 · Phần trái vòng sau bánh răng tới B",16.6694,9.8858,0.9073,0.0000,0.0000,3
"7 · Phần trái vòng sau bánh răng tới B",16.6644,10.0106,0.8566,0.0000,0.0000,3
"7 · Phần trái vòng sau bánh răng tới B",16.6674,9.9402,0.8429,0.0000,0.0000,3
"7 · Phần trái vòng sau bánh răng tới B",16.6658,9.9403,0.8883,0.0000,0.0000,3
"7 · Phần trái vòng sau bánh răng tới B",16.6668,10.0347,0.8654,0.0000,0.0000,3
"7 · Phần trái vòng sau bánh răng tới B",16.6676,10.2227,0.8629,0.0000,0.0000,3
"7 · Phần trái vòng sau bánh răng tới B",16.6659,9.8667,0.8450,0.0000,0.0000,3
"7 · Phần trái vòng sau bánh răng tới B",16.6675,9.8012,0.8754,0.0000,0.0000,3
"7 · Phần trái vòng sau bánh răng tới B",16.6660,9.7283,0.8680,0.0000,0.0000,3
"7 · Phần trái vòng sau bánh răng tới B",16.6671,10.0365,0.8723,0.0000,0.0000,3
"7 · Phần trái vòng sau bánh răng tới B",16.6665,9.8731,0.9095,0.0000,0.0000,3
"7 · Phần trái vòng sau bánh răng tới B",16.6670,9.6988,0.8920,0.0000,0.3712,3
"7 · Phần trái vòng sau bánh răng tới B",16.6661,9.6349,0.8908,0.0000,0.0000,3
"7 · Phần trái vòng sau bánh răng tới B",16.6684,9.8880,0.8741,0.0000,0.0000,3
"7 · Phần trái vòng sau bánh răng tới B",16.6659,9.4218,0.8394,0.0000,0.0000,3
"7 · Phần trái vòng sau bánh răng tới B",16.6670,9.7230,0.8959,0.0000,0.0000,3
"7 · Phần trái vòng sau bánh răng tới B",16.6675,9.7807,0.8779,0.0000,0.0000,3
"7 · Phần trái vòng sau bánh răng tới B",16.6668,9.2711,0.8592,0.0000,0.0000,3
"7 · Phần trái vòng sau bánh răng tới B",16.6665,9.3536,0.8709,0.0000,0.0000,3
"7 · Phần trái vòng sau bánh răng tới B",16.6666,9.1007,0.8473,0.0000,0.0000,3
"7 · Phần trái vòng sau bánh răng tới B",16.6672,9.2923,0.8748,0.0000,0.0000,3
"7 · Phần trái vòng sau bánh răng tới B",16.6687,9.1638,0.9341,0.0000,0.0000,3
"7 · Phần trái vòng sau bánh răng tới B",16.6648,9.2609,0.8409,0.0000,0.0000,3
"7 · Phần trái vòng sau bánh răng tới B",16.6668,8.9691,0.9683,0.0000,0.0000,3
"7 · Phần trái vòng sau bánh răng tới B",16.6669,8.8097,0.8713,0.0000,0.0000,3
"7 · Phần trái vòng sau bánh răng tới B",16.6674,8.5836,0.9365,0.0000,0.0000,3
"7 · Phần trái vòng sau bánh răng tới B",16.6658,8.7134,0.8527,0.0000,0.0000,3
"7 · Phần trái vòng sau bánh răng tới B",16.6662,8.4762,1.2868,0.0000,0.0000,3
"7 · Phần trái vòng sau bánh răng tới B",16.6667,8.4711,0.8484,0.0000,0.0000,3
"7 · Phần trái vòng sau bánh răng tới B",16.6698,8.1508,1.0613,0.0000,0.0000,3
"7 · Phần trái vòng sau bánh răng tới B",16.6659,8.1820,0.9169,0.0000,0.0000,3
"7 · Phần trái vòng sau bánh răng tới B",16.6659,8.1628,0.8196,0.0000,0.0000,3
"7 · Phần trái vòng sau bánh răng tới B",16.6680,8.1267,0.9677,0.0000,0.0000,3
"7 · Phần trái vòng sau bánh răng tới B",16.6656,8.0355,1.0362,0.0000,0.0000,3
"7 · Phần trái vòng sau bánh răng tới B",16.6660,8.3777,1.2575,0.0000,0.0000,3
"7 · Phần trái vòng sau bánh răng tới B",16.6703,8.2099,1.3046,0.0000,0.0000,3
"7 · Phần trái vòng sau bánh răng tới B",16.6632,8.1065,0.9034,0.0000,0.0000,3
"7 · Phần trái vòng sau bánh răng tới B",16.6692,7.9927,1.0304,0.0000,0.0000,3
"7 · Phần trái vòng sau bánh răng tới B",16.6653,8.6669,0.8781,0.0000,0.0000,3
"7 · Phần trái vòng sau bánh răng tới B",16.6663,8.6499,1.0646,0.0000,0.0000,3
"7 · Phần trái vòng sau bánh răng tới B",16.6662,8.6259,0.9387,0.0000,0.0000,3
"7 · Phần trái vòng sau bánh răng tới B",16.6670,8.6825,0.8615,0.0000,0.0000,3
"7 · Phần trái vòng sau bánh răng tới B",16.6684,8.8944,0.9773,0.0000,0.0000,3
"7 · Phần trái vòng sau bánh răng tới B",16.6665,8.7729,1.0083,0.0000,0.0000,3
"7 · Phần trái vòng sau bánh răng tới B",16.6667,8.6641,0.8439,0.0000,0.0000,3
"7 · Phần trái vòng sau bánh răng tới B",16.6660,8.7025,0.8704,0.0000,0.0000,3
"7 · Phần trái vòng sau bánh răng tới B",16.6690,8.6465,0.9928,0.0000,0.0000,3
"7 · Phần trái vòng sau bánh răng tới B",16.6657,8.6550,1.0334,0.0000,0.0000,3
"7 · Phần trái vòng sau bánh răng tới B",16.6657,8.7530,0.8959,0.0000,0.0000,3
"7 · Phần trái vòng sau bánh răng tới B",16.6669,8.7456,0.9873,0.0000,0.0000,3
"7 · Phần trái vòng sau bánh răng tới B",16.6658,9.0713,0.8306,0.0000,0.0000,3
"7 · Phần trái vòng sau bánh răng tới B",16.6678,8.7996,0.9938,0.0000,0.0000,3
"7 · Phần trái vòng sau bánh răng tới B",16.6683,8.9067,1.0045,0.0000,0.0000,3
"7 · Phần trái vòng sau bánh răng tới B",16.6643,9.0023,0.9154,0.0000,0.0000,3
"7 · Phần trái vòng sau bánh răng tới B",16.6678,8.6686,0.9639,0.0000,0.0000,3
"7 · Phần trái vòng sau bánh răng tới B",16.6671,9.0434,0.8875,0.0000,0.0000,3
"7 · Phần trái vòng sau bánh răng tới B",16.6680,8.9769,1.1383,0.0000,0.0000,3
"7 · Phần trái vòng sau bánh răng tới B",16.6653,9.4714,0.8262,0.0000,0.0000,3
"7 · Phần trái vòng sau bánh răng tới B",16.7078,8.8211,0.9879,0.0000,0.0000,3
"7 · Phần trái vòng sau bánh răng tới B",16.6633,8.9324,0.8782,0.0000,0.0000,3
"7 · Phần trái vòng sau bánh răng tới B",16.6653,8.9362,0.8661,0.0000,0.0000,3
"7 · Phần trái vòng sau bánh răng tới B",16.6678,9.1993,0.9054,0.0000,0.0000,3
"7 · Phần trái vòng sau bánh răng tới B",16.6700,9.0149,0.8883,0.0000,0.0000,3
"7 · Phần trái vòng sau bánh răng tới B",16.6754,8.8204,0.8879,0.0000,0.0000,3
"7 · Phần trái vòng sau bánh răng tới B",16.6799,9.0493,0.9522,0.0000,0.0000,3
"7 · Phần trái vòng sau bánh răng tới B",16.6677,9.0223,0.8310,0.0000,0.0000,3
"7 · Phần trái vòng sau bánh răng tới B",16.6699,8.8878,0.9246,0.0000,0.0000,3
"7 · Phần trái vòng sau bánh răng tới B",16.6690,9.1610,0.8568,0.0000,0.0000,3
"7 · Phần trái vòng sau bánh răng tới B",16.6677,8.8236,0.9402,0.0000,0.0000,3
"7 · Phần trái vòng sau bánh răng tới B",16.6654,9.1241,1.3068,0.0000,0.0000,3
"7 · Phần trái vòng sau bánh răng tới B",16.6668,9.7170,0.9170,0.0000,0.0000,3
"7 · Phần trái vòng sau bánh răng tới B",16.6669,10.2208,0.9242,0.0000,0.0000,3
"7 · Phần trái vòng sau bánh răng tới B",16.6662,10.2400,0.8668,0.0000,0.0000,3
"7 · Phần trái vòng sau bánh răng tới B",16.6685,9.9222,1.1269,0.0000,0.0000,3
"7 · Phần trái vòng sau bánh răng tới B",16.6823,10.0172,0.9065,0.0000,0.0000,3
"7 · Phần trái vòng sau bánh răng tới B",16.6693,10.0905,1.0988,0.0000,0.0000,3
"7 · Phần trái vòng sau bánh răng tới B",16.6623,10.1720,1.2020,0.0000,0.0000,3
"7 · Phần trái vòng sau bánh răng tới B",16.6665,10.4514,0.8471,0.0000,0.0000,3
"7 · Phần trái vòng sau bánh răng tới B",16.6666,10.2171,0.8399,0.0000,0.0000,3
"7 · Phần trái vòng sau bánh răng tới B",16.6673,10.4942,0.8593,0.0000,0.0000,3
"7 · Phần trái vòng sau bánh răng tới B",16.6663,10.1879,0.8758,0.0000,0.0000,3
"7 · Phần trái vòng sau bánh răng tới B",16.6666,9.8592,0.8080,0.0000,0.0000,3
"7 · Phần trái vòng sau bánh răng tới B",16.6698,10.0353,0.9211,0.0000,0.0000,3
"7 · Phần trái vòng sau bánh răng tới B",16.6651,10.0638,1.1330,0.0000,0.0000,3
"7 · Phần trái vòng sau bánh răng tới B",16.6679,9.9247,0.9431,0.0000,0.0000,3
"7 · Phần trái vòng sau bánh răng tới B",16.6656,10.2539,1.1227,0.0000,0.0000,3
"7 · Phần trái vòng sau bánh răng tới B",16.6750,9.7744,1.0814,0.0000,0.0000,3
"7 · Phần trái vòng sau bánh răng tới B",16.6664,9.9264,1.4517,0.0000,0.0000,3
"7 · Phần trái vòng sau bánh răng tới B",16.6682,9.9290,1.1617,0.0000,0.0000,3
"7 · Phần trái vòng sau bánh răng tới B",16.6672,9.7232,1.0014,0.0000,0.0000,3
"7 · Phần trái vòng sau bánh răng tới B",16.6691,9.4484,0.9518,0.0000,0.0000,3
"7 · Phần trái vòng sau bánh răng tới B",16.6658,9.3117,1.0558,0.0000,0.0000,3
"7 · Phần trái vòng sau bánh răng tới B",16.6681,9.2842,0.8975,0.0000,0.0000,3
"8 · Giữ A, B và kéo C",16.6701,9.6810,0.9166,34.9381,0.3504,3
"8 · Giữ A, B và kéo C",48.9808,10.1045,2.4161,0.0000,0.0000,3
"8 · Giữ A, B và kéo C",16.7331,10.1355,0.8316,0.0000,0.0000,3
"8 · Giữ A, B và kéo C",16.9781,10.0983,0.8881,0.0000,0.0000,3
"8 · Giữ A, B và kéo C",16.6673,9.5950,1.0133,0.0000,0.0000,3
"8 · Giữ A, B và kéo C",16.6926,10.0120,0.8732,0.0000,0.0000,3
"8 · Giữ A, B và kéo C",16.6659,10.1205,0.8693,0.0000,0.0000,3
"8 · Giữ A, B và kéo C",16.6672,9.6078,0.9483,0.0000,0.0000,3
"8 · Giữ A, B và kéo C",16.6861,10.2733,0.7912,0.0000,0.0000,3
"8 · Giữ A, B và kéo C",16.6664,10.1839,0.7728,0.0000,0.0000,3
"8 · Giữ A, B và kéo C",16.6674,10.2379,0.7901,0.0000,0.0000,3
"8 · Giữ A, B và kéo C",16.6666,9.3496,0.7302,0.0000,0.0000,3
"8 · Giữ A, B và kéo C",16.7170,9.5690,0.7627,0.0000,0.0000,3
"8 · Giữ A, B và kéo C",16.6678,9.7215,0.9143,0.0000,0.0000,3
"8 · Giữ A, B và kéo C",16.6649,9.7223,1.1278,0.0000,0.0000,3
"8 · Giữ A, B và kéo C",16.6656,9.6474,0.9209,0.0000,0.0000,3
"8 · Giữ A, B và kéo C",16.6670,9.7549,0.9131,0.0000,0.0000,3
"8 · Giữ A, B và kéo C",16.6670,9.6931,1.0247,0.0000,0.0000,3
"8 · Giữ A, B và kéo C",16.6665,9.7122,0.8475,0.0000,0.0000,3
"8 · Giữ A, B và kéo C",16.6675,9.6473,0.8717,0.0000,0.0000,3
"8 · Giữ A, B và kéo C",16.6671,9.4420,0.8075,0.0000,0.0000,3
"8 · Giữ A, B và kéo C",16.6666,9.3698,0.8693,0.0000,0.0000,3
"8 · Giữ A, B và kéo C",16.6661,9.3524,35.5809,34.5718,0.0000,3
"8 · Giữ A, B và kéo C",49.8115,9.6165,2.2645,0.0000,0.0000,3
"8 · Giữ A, B và kéo C",16.6665,9.7106,0.7815,0.0000,0.0000,3
"8 · Giữ A, B và kéo C",16.8087,9.7003,0.8923,0.0000,0.0000,3
"8 · Giữ A, B và kéo C",16.6832,9.7713,0.8165,0.0000,0.0000,3
"8 · Giữ A, B và kéo C",16.6659,8.9783,0.9859,0.0000,0.0000,3
"8 · Giữ A, B và kéo C",16.6683,8.9155,0.8953,0.0000,0.0000,3
"8 · Giữ A, B và kéo C",16.7435,9.2284,0.7977,0.0000,0.0000,3
"8 · Giữ A, B và kéo C",16.6663,9.2344,0.7733,0.0000,0.0000,3
"8 · Giữ A, B và kéo C",16.6682,9.0362,0.8949,0.0000,0.0000,3
"8 · Giữ A, B và kéo C",16.6659,8.7114,0.7955,0.0000,0.0000,3
"8 · Giữ A, B và kéo C",16.6667,8.6743,0.8016,0.0000,0.0000,3
"8 · Giữ A, B và kéo C",16.6663,8.7920,0.8026,0.0000,0.0000,3
"8 · Giữ A, B và kéo C",16.7011,9.0751,0.8538,0.0000,0.0000,3
"8 · Giữ A, B và kéo C",16.6651,9.1768,0.9712,0.0000,0.0000,3
"8 · Giữ A, B và kéo C",16.6673,9.2353,0.7498,0.0000,0.0000,3
"8 · Giữ A, B và kéo C",16.6671,9.4454,0.7384,0.0000,0.0000,3
"8 · Giữ A, B và kéo C",16.6660,8.9445,1.0083,0.0000,0.0000,3
"8 · Giữ A, B và kéo C",16.6663,8.6201,0.8100,0.0000,0.0000,3
"8 · Giữ A, B và kéo C",16.6684,9.8438,38.3596,37.3508,0.0000,3
"8 · Giữ A, B và kéo C",66.9467,15.3244,57.5875,52.4521,0.0000,3
"8 · Giữ A, B và kéo C",82.8549,11.7187,5.3141,0.0000,0.0000,3
"8 · Giữ A, B và kéo C",33.9466,9.4907,1.6859,0.0000,0.0000,3
"8 · Giữ A, B và kéo C",16.6658,9.2915,0.9076,0.0000,0.0000,3
"8 · Giữ A, B và kéo C",16.6642,9.0174,0.9743,0.0000,0.0000,3
"8 · Giữ A, B và kéo C",16.6669,9.6447,0.9650,0.0000,0.0000,3
"8 · Giữ A, B và kéo C",16.6710,9.2223,0.8571,0.0000,0.0000,3
"8 · Giữ A, B và kéo C",16.6791,9.4927,1.0360,0.0000,0.0000,3
"8 · Giữ A, B và kéo C",16.6700,9.3724,0.8282,0.0000,0.0000,3
"8 · Giữ A, B và kéo C",16.6652,9.1701,0.8006,0.0000,0.0000,3
"8 · Giữ A, B và kéo C",16.6683,9.1659,0.9790,0.0000,0.0000,3
"8 · Giữ A, B và kéo C",16.6655,9.4638,0.8162,0.0000,0.0000,3
"8 · Giữ A, B và kéo C",16.6935,9.5222,0.8834,0.0000,0.0000,3
"8 · Giữ A, B và kéo C",16.6684,9.6745,0.8347,0.0000,0.0000,3
"8 · Giữ A, B và kéo C",16.6659,10.1799,0.7913,0.0000,0.0000,3
"8 · Giữ A, B và kéo C",16.6734,9.9056,0.7530,0.0000,0.0000,3
"8 · Giữ A, B và kéo C",16.6631,9.7921,0.9719,0.0000,0.0000,3
"8 · Giữ A, B và kéo C",16.6650,9.8317,0.7842,0.0000,0.0000,3
"8 · Giữ A, B và kéo C",16.6745,9.9729,0.9721,0.0000,0.0000,3
"8 · Giữ A, B và kéo C",16.6583,9.7796,1.1475,0.0000,0.0000,3
"8 · Giữ A, B và kéo C",16.6660,10.0450,0.7627,0.0000,0.0000,3
"8 · Giữ A, B và kéo C",16.6917,10.1858,1.0219,0.0000,0.0000,3
"8 · Giữ A, B và kéo C",16.6669,9.8824,0.8271,0.0000,0.0000,3
"8 · Giữ A, B và kéo C",16.6665,9.8101,1.1870,0.0000,0.0000,3
"8 · Giữ A, B và kéo C",16.6671,9.9765,1.0066,0.0000,0.0000,3
"8 · Giữ A, B và kéo C",16.6668,10.1829,0.8214,0.0000,0.0000,3
"8 · Giữ A, B và kéo C",16.6673,9.6972,0.8181,0.0000,0.0000,3
"8 · Giữ A, B và kéo C",16.6665,10.6551,0.9111,0.0000,0.0000,3
"8 · Giữ A, B và kéo C",16.6665,16.0507,39.7049,38.3681,0.0000,3
"8 · Giữ A, B và kéo C",65.8401,16.3478,5.8263,0.0000,0.0000,3
"8 · Giữ A, B và kéo C",33.1870,14.0536,55.4272,53.2162,0.0000,3
"8 · Giữ A, B và kéo C",84.2469,11.3506,5.4482,0.0000,0.0000,3
"8 · Giữ A, B và kéo C",33.2012,10.3487,1.7878,0.0000,0.0000,3
"8 · Giữ A, B và kéo C",16.6781,10.0934,0.7685,0.0000,0.0000,3
"8 · Giữ A, B và kéo C",16.6675,9.9955,1.0290,0.0000,0.0000,3
"8 · Giữ A, B và kéo C",16.6674,10.2157,1.3673,0.0000,0.0000,3
"8 · Giữ A, B và kéo C",16.6703,10.0025,1.1516,0.0000,0.0000,3
"8 · Giữ A, B và kéo C",16.6613,9.8467,1.0993,0.0000,0.0000,3
"8 · Giữ A, B và kéo C",16.6674,10.3772,1.0647,0.0000,0.0000,3
"8 · Giữ A, B và kéo C",16.6677,12.0265,1.5550,0.0000,0.0000,3
"8 · Giữ A, B và kéo C",33.2782,18.8897,2.8434,0.0000,0.0000,3
"8 · Giữ A, B và kéo C",33.3279,17.7046,5.3217,0.0000,0.0000,3
"8 · Giữ A, B và kéo C",33.0068,14.0604,2.9796,0.0000,0.0000,3
"8 · Giữ A, B và kéo C",33.6706,17.4267,6.4177,0.0000,0.0000,3
"8 · Giữ A, B và kéo C",32.9164,12.5322,2.3976,0.0000,0.0000,3
"8 · Giữ A, B và kéo C",33.7917,11.7928,2.6602,0.0000,0.0000,3
"8 · Giữ A, B và kéo C",33.4738,14.0198,2.5723,0.0000,0.0000,3
"8 · Giữ A, B và kéo C",32.6656,13.3516,52.9682,49.9748,0.0000,3
"8 · Giữ A, B và kéo C",83.1618,10.4281,4.7507,0.0000,0.0000,3
"8 · Giữ A, B và kéo C",33.9998,10.8542,1.6150,0.0000,0.0000,3
"8 · Giữ A, B và kéo C",16.6665,10.2800,0.7605,0.0000,0.0000,3
"8 · Giữ A, B và kéo C",16.6677,10.0631,1.0561,0.0000,0.0000,3
"8 · Giữ A, B và kéo C",16.6666,9.9605,0.8897,0.0000,0.0000,3
"8 · Giữ A, B và kéo C",16.6672,10.4072,36.7677,35.8408,0.0000,3
"8 · Giữ A, B và kéo C",66.6577,10.8280,3.1990,0.0000,0.0000,3
"8 · Giữ A, B và kéo C",33.3345,10.5780,1.6129,0.0000,0.0000,3
"8 · Giữ A, B và kéo C",16.6660,10.5604,0.9087,0.0000,0.0000,3
"8 · Giữ A, B và kéo C",16.6659,10.5532,0.7732,0.0000,0.0000,3
"8 · Giữ A, B và kéo C",16.6678,10.5733,0.9502,0.0000,0.0000,3
"8 · Giữ A, B và kéo C",16.6674,10.8615,1.0850,0.0000,0.0000,3
"8 · Giữ A, B và kéo C",16.6659,10.6964,0.9341,0.0000,0.0000,3
"8 · Giữ A, B và kéo C",16.6673,10.5269,1.1965,0.0000,0.0000,3
"8 · Giữ A, B và kéo C",16.6667,10.2320,1.0658,0.0000,0.0000,3
"8 · Giữ A, B và kéo C",16.6666,10.2618,0.8513,0.0000,0.0000,3
"8 · Giữ A, B và kéo C",16.6682,10.5592,0.9304,0.0000,0.0000,3
"8 · Giữ A, B và kéo C",16.6661,10.7329,0.8619,0.0000,0.0000,3
"8 · Giữ A, B và kéo C",16.6672,10.4073,0.8313,0.0000,0.0000,3
"8 · Giữ A, B và kéo C",16.6665,10.2816,0.9748,0.0000,0.0000,3
"8 · Giữ A, B và kéo C",16.6669,10.5082,0.7869,0.0000,0.0000,3
"8 · Giữ A, B và kéo C",16.6669,10.3845,0.8704,0.0000,0.0000,3
"8 · Giữ A, B và kéo C",16.6669,9.9080,1.2809,0.0000,0.0000,3
"8 · Giữ A, B và kéo C",16.6664,9.8761,0.9726,0.0000,0.0000,3
"8 · Giữ A, B và kéo C",16.6667,9.9265,0.9003,0.0000,0.0000,3
"8 · Giữ A, B và kéo C",16.6677,9.9082,0.8562,0.0000,0.0000,3
"8 · Giữ A, B và kéo C",16.6668,9.9638,36.6044,35.7052,0.0000,3
"8 · Giữ A, B và kéo C",49.1297,10.1424,2.5676,0.0000,0.0000,3
"8 · Giữ A, B và kéo C",16.8238,9.9186,0.7958,0.0000,0.0000,3
"8 · Giữ A, B và kéo C",16.6670,9.9683,0.9738,0.0000,0.0000,3
"8 · Giữ A, B và kéo C",16.9451,9.7938,0.8384,0.0000,0.0000,3
"8 · Giữ A, B và kéo C",16.6732,9.9398,0.8175,0.0000,0.0000,3
"8 · Giữ A, B và kéo C",16.6663,9.9876,0.7737,0.0000,0.0000,3
"8 · Giữ A, B và kéo C",16.6667,10.1966,0.8299,0.0000,0.0000,3
"8 · Giữ A, B và kéo C",16.6668,10.0020,0.9759,0.0000,0.0000,3
"8 · Giữ A, B và kéo C",16.6666,9.6602,0.7783,0.0000,0.0000,3
"8 · Giữ A, B và kéo C",16.6903,9.6950,0.8023,0.0000,0.0000,3
"8 · Giữ A, B và kéo C",16.6661,10.4012,0.8005,0.0000,0.0000,3
"8 · Giữ A, B và kéo C",16.6670,9.3626,1.0238,0.0000,0.0000,3
"8 · Giữ A, B và kéo C",16.6666,8.3882,0.9001,0.0000,0.0000,3
"8 · Giữ A, B và kéo C",16.6669,8.5870,0.8436,0.0000,0.0000,3
"8 · Giữ A, B và kéo C",16.6888,14.5938,47.1957,45.7913,0.0000,3
"8 · Giữ A, B và kéo C",66.4428,13.9816,5.0149,0.0000,0.0000,3
"8 · Giữ A, B và kéo C",33.9377,10.8027,2.2190,0.0000,0.0000,3
"8 · Giữ A, B và kéo C",33.3424,8.7218,1.8382,0.0000,0.0000,3
"8 · Giữ A, B và kéo C",16.6654,9.3706,1.2957,0.0000,0.0000,3
"8 · Giữ A, B và kéo C",16.6682,8.0399,1.1829,0.0000,0.0000,3
"8 · Giữ A, B và kéo C",16.6659,7.8157,0.8975,0.0000,0.0000,3
"8 · Giữ A, B và kéo C",16.6666,9.1899,0.8370,0.0000,0.0000,3
"8 · Giữ A, B và kéo C",16.6706,9.3624,0.9835,0.0000,0.0000,3
"8 · Giữ A, B và kéo C",16.6627,9.2545,1.0529,0.0000,0.0000,3
"8 · Giữ A, B và kéo C",16.6673,11.1234,1.3173,0.0000,0.0000,3
"8 · Giữ A, B và kéo C",16.6672,13.5147,1.5968,0.0000,0.0000,3
"8 · Giữ A, B và kéo C",33.3237,13.9146,2.7919,0.0000,0.0000,3
"8 · Giữ A, B và kéo C",32.6420,9.3119,57.6343,55.4700,0.0000,3
"8 · Giữ A, B và kéo C",83.4455,10.6865,4.0866,0.0000,0.0000,3
"8 · Giữ A, B và kéo C",34.0299,8.7835,1.4882,0.0000,0.0000,3
"8 · Giữ A, B và kéo C",16.6676,11.2392,0.9769,0.0000,0.0000,3
"8 · Giữ A, B và kéo C",16.6864,9.8024,0.8835,0.0000,0.0000,3
"8 · Giữ A, B và kéo C",16.6633,14.0995,0.9657,0.0000,0.0000,3
"8 · Giữ A, B và kéo C",33.2984,13.8358,2.5579,0.0000,0.0000,3
"8 · Giữ A, B và kéo C",33.8914,17.5279,2.2117,0.0000,0.0000,3
"8 · Giữ A, B và kéo C",32.5659,15.5687,3.1588,0.0000,0.0000,3
"8 · Giữ A, B và kéo C",33.4970,13.2295,2.2791,0.0000,0.0000,3
"8 · Giữ A, B và kéo C",33.4130,12.6820,2.5819,0.0000,0.0000,3
"8 · Giữ A, B và kéo C",33.3363,10.0808,43.2357,40.6350,0.0000,3
"8 · Giữ A, B và kéo C",66.7041,10.4941,2.7880,0.0000,0.0000,3
"8 · Giữ A, B và kéo C",33.2557,10.3004,1.4091,0.0000,0.0000,3
"8 · Giữ A, B và kéo C",16.6663,10.3683,0.8336,0.0000,0.0000,3
"8 · Giữ A, B và kéo C",16.6700,10.2473,0.9640,0.0000,0.0000,3
"8 · Giữ A, B và kéo C",16.6670,10.4786,0.9888,0.0000,0.0000,3
"8 · Giữ A, B và kéo C",16.6675,10.3597,0.7981,0.0000,0.0000,3
"8 · Giữ A, B và kéo C",16.6656,10.5931,0.8211,0.0000,0.0000,3
"8 · Giữ A, B và kéo C",16.6681,10.8014,0.7709,0.0000,0.0000,3
"8 · Giữ A, B và kéo C",16.6659,10.7083,35.7062,34.7282,0.0000,3
"8 · Giữ A, B và kéo C",49.0290,12.5429,2.6110,0.0000,0.0000,3
"8 · Giữ A, B và kéo C",33.4241,15.0240,2.6515,0.0000,0.0000,3
"8 · Giữ A, B và kéo C",34.2895,15.0929,2.0699,0.0000,0.0000,3
"8 · Giữ A, B và kéo C",33.2353,17.4460,2.5040,0.0000,0.0000,3
"8 · Giữ A, B và kéo C",33.3379,11.6242,1.9564,0.0000,0.0000,3
"8 · Giữ A, B và kéo C",35.8162,10.2123,1.6448,0.0000,0.0000,3
"8 · Giữ A, B và kéo C",29.9989,10.1392,1.7031,0.0000,0.0000,3
"8 · Giữ A, B và kéo C",16.8106,10.1538,0.9471,0.0000,0.0000,3
"8 · Giữ A, B và kéo C",16.7976,9.8991,1.0801,0.0000,0.0000,3
"8 · Giữ A, B và kéo C",17.7146,10.2304,0.9621,0.0000,0.0000,3
"8 · Giữ A, B và kéo C",16.7184,9.8991,0.8645,0.0000,0.0000,3
"8 · Giữ A, B và kéo C",16.7217,10.0040,0.9963,0.0000,0.0000,3
"8 · Giữ A, B và kéo C",16.7309,9.9351,1.0095,0.0000,0.0000,3
"8 · Giữ A, B và kéo C",18.3910,9.9053,0.8833,0.0000,0.0000,3
"8 · Giữ A, B và kéo C",16.9810,9.7071,0.8443,0.0000,0.0000,3
"8 · Giữ A, B và kéo C",30.5041,10.1335,1.9196,0.0000,0.0000,3
"8 · Giữ A, B và kéo C",16.6657,10.1341,1.0820,0.0000,0.0000,3
"8 · Giữ A, B và kéo C",16.6666,10.0211,0.8208,0.0000,0.0000,3
"8 · Giữ A, B và kéo C",16.6675,10.5436,0.7471,0.0000,0.0000,3
"8 · Giữ A, B và kéo C",16.6659,10.9667,35.2889,34.3960,0.0000,3
"8 · Giữ A, B và kéo C",49.1943,10.4939,2.0973,0.0000,0.0000,3
"8 · Giữ A, B và kéo C",16.7256,10.4535,0.7590,0.0000,0.0000,3
"8 · Giữ A, B và kéo C",17.0412,10.5781,0.8203,0.0000,0.0000,3
"8 · Giữ A, B và kéo C",16.6658,10.4680,0.7786,0.0000,0.0000,3
"8 · Giữ A, B và kéo C",16.6684,10.4888,35.8543,34.7546,0.0000,3
"8 · Giữ A, B và kéo C",49.6653,10.5882,2.2292,0.0000,0.0000,3
"8 · Giữ A, B và kéo C",16.7372,10.8196,0.8688,0.0000,0.0000,3
"8 · Giữ A, B và kéo C",16.8442,10.6166,0.7832,0.0000,0.0000,3
"8 · Giữ A, B và kéo C",16.6873,10.5645,0.8975,0.0000,0.0000,3
"8 · Giữ A, B và kéo C",16.6651,10.0771,0.7411,0.0000,0.0000,3
"8 · Giữ A, B và kéo C",16.6691,9.9422,0.7481,0.0000,0.0000,3
"8 · Giữ A, B và kéo C",16.6662,10.1224,1.0079,0.0000,0.0000,3
"8 · Giữ A, B và kéo C",16.7133,10.1721,0.8343,0.0000,0.0000,3
"8 · Giữ A, B và kéo C",16.6919,9.9301,0.8605,0.0000,0.0000,3
"8 · Giữ A, B và kéo C",16.6906,9.8376,0.9217,0.0000,0.0000,3
"8 · Giữ A, B và kéo C",16.6675,9.9011,0.7291,0.0000,0.0000,3
"8 · Giữ A, B và kéo C",16.6671,9.7843,0.8099,0.0000,0.0000,3
"8 · Giữ A, B và kéo C",16.6656,9.9068,0.8127,0.0000,0.0000,3
"8 · Giữ A, B và kéo C",16.6670,9.7017,0.7479,0.0000,0.0000,3
"8 · Giữ A, B và kéo C",16.6666,10.1378,0.7368,0.0000,0.0000,3
"8 · Giữ A, B và kéo C",16.6671,9.6267,0.7267,0.0000,0.0000,3
"8 · Giữ A, B và kéo C",16.6666,9.5445,0.8258,0.0000,0.0000,3
"8 · Giữ A, B và kéo C",16.6674,9.6586,0.8250,0.0000,0.0000,3
"8 · Giữ A, B và kéo C",16.6665,9.6746,0.7897,0.0000,0.0000,3
"8 · Giữ A, B và kéo C",16.6674,9.5365,0.8828,0.0000,0.0000,3
"8 · Giữ A, B và kéo C",16.6680,9.7292,0.8135,0.0000,0.0000,3
"8 · Giữ A, B và kéo C",16.6666,9.6760,0.7876,0.0000,0.0000,3
"8 · Giữ A, B và kéo C",16.6656,9.1436,0.7485,0.0000,0.0000,3
"8 · Giữ A, B và kéo C",16.6686,9.6285,0.8935,0.0000,0.0000,3
"8 · Giữ A, B và kéo C",16.6654,9.8491,0.7884,0.0000,0.0000,3
"8 · Giữ A, B và kéo C",16.6657,10.1194,0.7924,0.0000,0.0000,3
"8 · Giữ A, B và kéo C",16.6695,9.3201,0.8874,0.0000,0.0000,3
"8 · Giữ A, B và kéo C",16.6653,8.7733,0.8557,0.0000,0.0000,3
"8 · Giữ A, B và kéo C",16.7737,9.2426,0.8466,0.0000,0.0000,3
"8 · Giữ A, B và kéo C",16.6655,9.1492,0.9343,0.0000,0.0000,3
"8 · Giữ A, B và kéo C",16.6680,8.9464,0.8604,0.0000,0.0000,3
"8 · Giữ A, B và kéo C",16.6658,9.0343,0.7991,0.0000,0.0000,3
"8 · Giữ A, B và kéo C",16.6674,9.0460,35.7469,34.8064,0.0000,3
"8 · Giữ A, B và kéo C",49.7187,12.1170,41.6023,38.5010,0.0000,3
"8 · Giữ A, B và kéo C",67.0177,13.5205,4.2829,0.0000,0.0000,3
"8 · Giữ A, B và kéo C",33.0337,14.3354,2.9296,0.0000,0.0000,3
"8 · Giữ A, B và kéo C",33.9433,9.7289,1.7282,0.0000,0.0000,3
"8 · Giữ A, B và kéo C",16.6838,8.2060,0.7866,0.0000,0.0000,3
"8 · Giữ A, B và kéo C",16.6615,8.6893,0.8669,0.0000,0.0000,3
"8 · Giữ A, B và kéo C",16.6669,9.7337,0.8940,0.0000,0.0000,3
"8 · Giữ A, B và kéo C",16.6672,10.1101,0.9254,0.0000,0.0000,3
"8 · Giữ A, B và kéo C",16.6659,12.7876,1.0275,0.0000,0.0000,3
"8 · Giữ A, B và kéo C",32.7237,14.9108,2.5739,0.0000,0.0000,3
"8 · Giữ A, B và kéo C",33.8943,13.9678,2.5328,0.0000,0.0000,3
"8 · Giữ A, B và kéo C",33.3486,10.6943,2.0852,0.0000,0.0000,3
"8 · Giữ A, B và kéo C",33.4260,8.8039,1.5607,0.0000,0.0000,3
"8 · Giữ A, B và kéo C",16.6654,8.7521,0.7084,0.0000,0.0000,3
"8 · Giữ A, B và kéo C",16.6675,8.6906,0.8216,0.0000,0.0000,3
"8 · Giữ A, B và kéo C",16.6660,8.7362,0.7045,0.0000,0.0000,3
"8 · Giữ A, B và kéo C",16.6668,8.8412,0.7462,0.0000,0.0000,3
"8 · Giữ A, B và kéo C",16.6663,9.7465,0.7558,0.0000,0.0000,3
"8 · Giữ A, B và kéo C",16.6676,9.9986,0.8466,0.0000,0.0000,3
"8 · Giữ A, B và kéo C",16.6714,9.9696,0.8718,0.0000,0.0000,3
"8 · Giữ A, B và kéo C",16.6664,10.1213,0.8663,0.0000,0.0000,3
"8 · Giữ A, B và kéo C",16.6683,9.7822,0.7333,0.0000,0.0000,3
"8 · Giữ A, B và kéo C",16.6643,9.8072,0.7964,0.0000,0.0000,3
"8 · Giữ A, B và kéo C",16.6676,9.7827,0.7608,0.0000,0.0000,3
"8 · Giữ A, B và kéo C",16.6657,9.9121,0.7736,0.0000,0.0000,3
"8 · Giữ A, B và kéo C",16.6675,9.7820,33.9295,33.1124,0.0000,3
"8 · Giữ A, B và kéo C",49.3921,10.3638,2.2147,0.0000,0.0000,3
"8 · Giữ A, B và kéo C",16.6668,10.1784,0.8079,0.0000,0.0000,3
"8 · Giữ A, B và kéo C",16.6667,10.4312,35.3202,34.3400,0.0000,3
"8 · Giữ A, B và kéo C",49.8156,10.4797,2.1968,0.0000,0.0000,3
"8 · Giữ A, B và kéo C",16.6661,10.4687,0.7623,0.0000,0.0000,3
"8 · Giữ A, B và kéo C",16.8575,10.5010,0.7362,0.0000,0.0000,3
"8 · Giữ A, B và kéo C",16.6662,10.4004,0.7648,0.0000,0.0000,3
"8 · Giữ A, B và kéo C",16.6669,10.3477,0.7207,0.0000,0.0000,3
"8 · Giữ A, B và kéo C",16.6676,10.3986,0.7489,0.0000,0.0000,3
"8 · Giữ A, B và kéo C",16.6673,10.4392,0.7652,0.0000,0.0000,3
"8 · Giữ A, B và kéo C",16.6664,10.6040,0.7310,0.0000,0.0000,3
"8 · Giữ A, B và kéo C",16.6675,10.7973,0.8494,0.0000,0.0000,3
"8 · Giữ A, B và kéo C",16.6673,10.0314,0.8360,0.0000,0.0000,3
"8 · Giữ A, B và kéo C",16.6656,9.9849,0.8336,0.0000,0.0000,3
"8 · Giữ A, B và kéo C",16.6679,10.2568,0.8239,0.0000,0.0000,3
"8 · Giữ A, B và kéo C",16.6658,10.0176,0.7651,0.0000,0.0000,3
"8 · Giữ A, B và kéo C",16.6682,9.9860,0.7965,0.0000,0.0000,3
"8 · Giữ A, B và kéo C",16.6657,10.0064,0.8259,0.0000,0.0000,3
"8 · Giữ A, B và kéo C",16.6668,10.2089,0.7778,0.0000,0.0000,3
"8 · Giữ A, B và kéo C",16.6663,10.2564,0.7791,0.0000,0.0000,3
"8 · Giữ A, B và kéo C",16.6673,10.2640,0.8254,0.0000,0.0000,3
"8 · Giữ A, B và kéo C",16.6666,10.1610,0.8257,0.0000,0.0000,3
"8 · Giữ A, B và kéo C",16.6670,9.9382,0.7632,0.0000,0.0000,3
"8 · Giữ A, B và kéo C",16.6675,10.0458,0.8043,0.0000,0.0000,3
"8 · Giữ A, B và kéo C",16.6667,9.9775,0.8397,0.0000,0.0000,3
"8 · Giữ A, B và kéo C",16.6660,10.4716,0.8034,0.0000,0.0000,3
"8 · Giữ A, B và kéo C",16.6677,10.1798,0.7734,0.0000,0.0000,3
"8 · Giữ A, B và kéo C",16.6665,10.4530,0.7881,0.0000,0.0000,3
"8 · Giữ A, B và kéo C",16.6656,10.7117,0.9134,0.0000,0.0000,3
"8 · Giữ A, B và kéo C",16.6676,10.6773,0.8930,0.0000,0.0000,3
"8 · Giữ A, B và kéo C",16.6657,10.1826,0.8127,0.0000,0.0000,3
"8 · Giữ A, B và kéo C",16.6674,10.4925,33.5336,32.6312,0.0000,3
"8 · Giữ A, B và kéo C",49.7188,10.5673,2.5282,0.0000,0.0000,3
"8 · Giữ A, B và kéo C",16.6660,10.4512,0.8723,0.0000,0.0000,3
"8 · Giữ A, B và kéo C",16.9580,10.3717,0.9402,0.0000,0.0000,3
"8 · Giữ A, B và kéo C",16.6671,10.4296,0.9281,0.0000,0.0000,3
"8 · Giữ A, B và kéo C",16.6659,10.5418,0.8483,0.0000,0.0000,3
"8 · Giữ A, B và kéo C",16.6664,9.9117,0.8809,0.0000,0.0000,3
"8 · Giữ A, B và kéo C",16.6958,9.8648,0.8544,0.0000,0.0000,3
"8 · Giữ A, B và kéo C",16.6684,9.9400,0.7744,0.0000,0.0000,3
"8 · Giữ A, B và kéo C",16.6676,10.0259,33.5641,32.7109,0.0000,3
"8 · Giữ A, B và kéo C",50.0195,10.0860,2.1133,0.0000,0.0000,3
"8 · Giữ A, B và kéo C",16.6662,9.9911,0.7124,0.0000,0.0000,3
"8 · Giữ A, B và kéo C",16.6678,10.0234,0.7292,0.0000,0.0000,3
"8 · Giữ A, B và kéo C",16.6659,10.1012,0.8020,0.0000,0.0000,3
"8 · Giữ A, B và kéo C",16.6663,10.1411,0.7469,0.0000,0.0000,3
"8 · Giữ A, B và kéo C",16.6672,9.5567,0.9649,0.0000,0.0000,3
"8 · Giữ A, B và kéo C",16.6672,9.7305,0.7590,0.0000,0.0000,3
"8 · Giữ A, B và kéo C",16.7294,9.2776,0.8955,0.0000,0.0000,3
"8 · Giữ A, B và kéo C",16.6596,9.2248,0.8236,0.0000,0.0000,3
"8 · Giữ A, B và kéo C",16.6670,9.2535,0.9681,0.0000,0.0000,3
"8 · Giữ A, B và kéo C",16.6663,9.4730,1.0095,0.0000,0.0000,3
"8 · Giữ A, B và kéo C",16.6663,9.5025,0.9618,0.0000,0.0000,3
"8 · Giữ A, B và kéo C",16.6673,9.0958,0.8046,0.0000,0.0000,3
"8 · Giữ A, B và kéo C",16.6827,9.2842,0.9237,0.0000,0.0000,3
"8 · Giữ A, B và kéo C",16.6662,9.3721,0.7763,0.0000,0.0000,3
"8 · Giữ A, B và kéo C",16.6758,9.2223,0.9388,0.0000,0.0000,3
"8 · Giữ A, B và kéo C",16.6635,9.6141,0.9676,0.0000,0.0000,3
"8 · Giữ A, B và kéo C",16.6680,9.5235,0.8366,0.0000,0.0000,3
"8 · Giữ A, B và kéo C",16.6652,9.6041,0.9158,0.0000,0.0000,3
"8 · Giữ A, B và kéo C",16.6672,9.2649,0.9469,0.0000,0.0000,3
"8 · Giữ A, B và kéo C",16.6672,9.0456,0.9406,0.0000,0.0000,3
"8 · Giữ A, B và kéo C",16.6661,9.0615,0.7583,0.0000,0.0000,3
"8 · Giữ A, B và kéo C",16.6668,8.8999,33.7799,32.9568,0.0000,3
"8 · Giữ A, B và kéo C",50.0066,9.3594,2.2271,0.0000,0.0000,3
"8 · Giữ A, B và kéo C",16.6804,9.1359,0.8272,0.0000,0.0000,3
"8 · Giữ A, B và kéo C",16.6540,9.0106,0.8471,0.0000,0.0000,3
"8 · Giữ A, B và kéo C",16.6667,9.2195,0.8336,0.0000,0.0000,3
"8 · Giữ A, B và kéo C",16.6655,10.1935,0.9188,0.0000,0.0000,3
"8 · Giữ A, B và kéo C",16.6681,9.8673,0.8930,0.0000,0.0000,3
"8 · Giữ A, B và kéo C",16.6943,9.9858,0.8108,0.0000,0.0000,3
"8 · Giữ A, B và kéo C",16.6658,9.6037,1.1718,0.0000,0.0000,3
"8 · Giữ A, B và kéo C",16.6667,9.1992,0.7901,0.0000,0.0000,3
"8 · Giữ A, B và kéo C",16.6664,9.4828,0.7706,0.0000,0.0000,3
"8 · Giữ A, B và kéo C",16.6671,9.6439,0.7726,0.0000,0.0000,3
"8 · Giữ A, B và kéo C",16.6668,9.5828,0.8087,0.0000,0.0000,3
"8 · Giữ A, B và kéo C",16.6673,9.5810,0.7957,0.0000,0.0000,3
"8 · Giữ A, B và kéo C",16.6659,9.5920,0.7705,0.0000,0.0000,3
"8 · Giữ A, B và kéo C",16.6682,9.6575,34.5232,33.5516,0.0000,3
"8 · Giữ A, B và kéo C",49.8035,9.7711,2.2816,0.0000,0.0000,3
"8 · Giữ A, B và kéo C",16.6676,9.9477,0.8385,0.0000,0.0000,3
"8 · Giữ A, B và kéo C",16.6826,9.9148,0.7963,0.0000,0.0000,3
"8 · Giữ A, B và kéo C",16.6674,9.7533,0.7784,0.0000,0.0000,3
"8 · Giữ A, B và kéo C",16.7404,9.9290,0.9072,0.0000,0.0000,3
"8 · Giữ A, B và kéo C",16.6659,10.0218,0.8004,0.0000,0.0000,3
"8 · Giữ A, B và kéo C",16.6664,9.8492,0.7950,0.0000,0.0000,3
"8 · Giữ A, B và kéo C",16.6691,9.2870,0.9502,0.0000,0.0000,3
"8 · Giữ A, B và kéo C",16.6638,9.4877,0.8075,0.0000,0.0000,3
"8 · Giữ A, B và kéo C",16.6676,9.4016,0.9335,0.0000,0.0000,3
"8 · Giữ A, B và kéo C",16.6662,9.3704,0.7703,0.0000,0.0000,3
"8 · Giữ A, B và kéo C",16.6773,9.4584,0.7734,0.0000,0.0000,3
"8 · Giữ A, B và kéo C",16.6670,9.3318,0.8177,0.0000,0.0000,3
"8 · Giữ A, B và kéo C",16.6709,9.3771,0.7635,0.0000,0.0000,3
"8 · Giữ A, B và kéo C",16.6679,9.7292,0.7836,0.0000,0.0000,3
"8 · Giữ A, B và kéo C",16.6672,9.7908,0.7937,0.0000,0.0000,3
"8 · Giữ A, B và kéo C",16.6655,10.2502,36.4728,35.4579,0.0000,3
"8 · Giữ A, B và kéo C",49.5499,9.3142,2.2597,0.0000,0.0000,3
"8 · Giữ A, B và kéo C",16.8680,9.2732,0.7721,0.0000,0.0000,3
"8 · Giữ A, B và kéo C",16.9888,10.4800,0.8805,0.0000,0.0000,3
"8 · Giữ A, B và kéo C",16.6700,10.7775,1.0123,0.0000,0.0000,3
"8 · Giữ A, B và kéo C",16.6701,10.7459,1.0356,0.0000,0.0000,3
"8 · Giữ A, B và kéo C",16.6629,10.7018,0.9931,0.0000,0.0000,3
"8 · Giữ A, B và kéo C",16.6686,10.6777,1.1110,0.0000,0.0000,3
"8 · Giữ A, B và kéo C",16.6660,9.2713,0.9455,0.0000,0.0000,3
"9 · Ba phần tụ lại",16.6661,9.2325,0.8502,33.5656,2.4339,3
"9 · Ba phần tụ lại",67.0927,10.0120,3.3434,0.0000,0.0000,3
"9 · Ba phần tụ lại",33.3259,9.2402,1.7607,0.0000,0.0000,3
"9 · Ba phần tụ lại",16.6756,9.2861,0.8733,0.0000,0.0000,3
"9 · Ba phần tụ lại",16.6614,9.2813,0.8607,0.0000,0.0000,3
"9 · Ba phần tụ lại",16.6693,9.8214,0.8383,0.0000,0.0000,3
"9 · Ba phần tụ lại",16.6666,9.8579,1.0306,0.0000,0.0000,3
"9 · Ba phần tụ lại",16.6658,9.7865,0.8055,0.0000,0.0000,3
"9 · Ba phần tụ lại",16.6681,10.1333,0.8366,0.0000,0.0000,3
"9 · Ba phần tụ lại",16.6771,9.7456,0.9636,0.0000,0.0000,3
"9 · Ba phần tụ lại",16.6688,9.6878,0.9124,0.0000,0.0000,3
"9 · Ba phần tụ lại",16.6676,9.7968,0.9454,0.0000,0.0000,3
"9 · Ba phần tụ lại",16.6668,9.7636,0.9620,0.0000,0.0000,3
"9 · Ba phần tụ lại",16.6679,9.6980,1.2333,0.0000,0.0000,3
"9 · Ba phần tụ lại",16.6784,9.8396,0.9760,0.0000,0.0000,3
"9 · Ba phần tụ lại",16.6653,10.0203,0.8705,0.0000,0.0000,3
"9 · Ba phần tụ lại",16.6880,9.7072,0.9183,0.0000,0.0000,3
"9 · Ba phần tụ lại",16.6675,9.6172,0.8550,0.0000,0.0000,3
"9 · Ba phần tụ lại",16.6648,9.6378,0.8334,0.0000,0.0000,3
"9 · Ba phần tụ lại",16.6668,9.9079,0.7779,0.0000,0.0000,3
"9 · Ba phần tụ lại",16.6688,9.7750,0.8681,0.0000,0.0000,3
"9 · Ba phần tụ lại",16.6842,10.3419,0.8524,0.0000,0.0000,3
"9 · Ba phần tụ lại",16.6668,10.2415,0.9274,0.0000,0.0000,3
"9 · Ba phần tụ lại",16.6954,9.9179,0.7678,0.0000,0.0000,3
"9 · Ba phần tụ lại",16.6668,10.2077,0.8046,0.0000,0.0000,3
"9 · Ba phần tụ lại",16.6663,10.4974,1.0307,0.0000,0.0000,3
"9 · Ba phần tụ lại",16.6665,10.4843,0.8532,0.0000,0.0000,3
"9 · Ba phần tụ lại",16.6805,10.5254,0.9801,0.0000,0.0000,3
"9 · Ba phần tụ lại",16.6639,10.8394,0.9345,0.0000,0.0000,3
"9 · Ba phần tụ lại",16.6788,10.5278,0.8531,0.0000,0.0000,3
"9 · Ba phần tụ lại",16.6680,10.6506,0.7661,0.0000,0.0000,3
"9 · Ba phần tụ lại",16.6678,10.7006,0.8553,0.0000,0.0000,3
"9 · Ba phần tụ lại",16.6905,10.6084,0.8805,0.0000,0.0000,3
"9 · Ba phần tụ lại",16.6942,10.8325,0.7808,0.0000,0.0000,3
"9 · Ba phần tụ lại",16.7004,10.8095,0.9289,0.0000,0.0000,3
"9 · Ba phần tụ lại",16.6969,10.4724,0.8140,0.0000,0.0000,3
"9 · Ba phần tụ lại",16.6900,10.5524,0.9231,0.0000,0.0000,3
"9 · Ba phần tụ lại",16.6994,10.7335,0.8709,0.0000,0.0000,3
"9 · Ba phần tụ lại",16.6943,10.5621,0.9161,0.0000,0.0000,3
"9 · Ba phần tụ lại",16.6937,10.0026,0.9287,0.0000,0.0000,3
"9 · Ba phần tụ lại",16.7010,9.8374,0.8877,0.0000,0.0000,3
"9 · Ba phần tụ lại",16.6935,9.9557,0.9193,0.0000,0.0000,3
"9 · Ba phần tụ lại",16.6688,9.8050,0.9052,0.0000,0.0000,3
"9 · Ba phần tụ lại",16.7068,9.7741,0.9441,0.0000,0.0000,3
"9 · Ba phần tụ lại",16.7378,9.6250,1.0215,0.0000,0.0000,3
"9 · Ba phần tụ lại",16.6595,9.8529,0.9618,0.0000,0.0000,3
"9 · Ba phần tụ lại",16.7594,10.0791,0.8952,0.0000,0.0000,3
"9 · Ba phần tụ lại",16.7409,9.3531,0.8093,0.0000,0.0000,3
"9 · Ba phần tụ lại",16.7591,10.0320,0.8840,0.0000,0.0000,3
"9 · Ba phần tụ lại",16.7833,9.8850,0.9165,0.0000,0.0000,3
"9 · Ba phần tụ lại",16.7745,9.6670,0.9617,0.0000,0.0000,3
"9 · Ba phần tụ lại",16.7428,9.8236,0.8504,0.0000,0.0000,3
"9 · Ba phần tụ lại",16.8068,10.0622,0.9656,0.0000,0.0000,3
"9 · Ba phần tụ lại",16.8206,9.9078,1.0031,0.0000,0.0000,3
"9 · Ba phần tụ lại",16.8576,10.0356,0.9157,0.0000,0.0000,3
"9 · Ba phần tụ lại",16.8725,10.2950,0.9298,0.0000,0.0000,3
"9 · Ba phần tụ lại",31.5579,9.6845,1.8560,0.0000,0.0000,3
"9 · Ba phần tụ lại",16.6665,10.0255,0.9880,0.0000,0.0000,3
"9 · Ba phần tụ lại",16.6659,9.9524,0.8831,0.0000,0.0000,3
"9 · Ba phần tụ lại",16.6685,9.6437,0.8683,0.0000,0.0000,3
"9 · Ba phần tụ lại",16.6669,9.3347,1.0103,0.0000,0.0000,3
"9 · Ba phần tụ lại",16.6712,9.3856,0.8753,0.0000,0.0000,3
"9 · Ba phần tụ lại",16.6613,9.2696,1.1780,0.0000,0.0000,3
"9 · Ba phần tụ lại",16.6667,9.1995,0.8679,0.0000,0.0000,3
"9 · Ba phần tụ lại",16.6665,9.5520,0.9844,0.0000,0.0000,3
"9 · Ba phần tụ lại",16.6667,9.5909,0.8734,0.0000,0.0000,3
"9 · Ba phần tụ lại",16.6662,9.0263,0.9086,0.0000,0.0000,3
"9 · Ba phần tụ lại",16.6690,9.0531,0.8508,0.0000,0.0000,3
"9 · Ba phần tụ lại",16.6668,9.2888,0.8452,0.0000,0.0000,3
"9 · Ba phần tụ lại",16.6659,9.6471,0.9181,0.0000,0.0000,3
"9 · Ba phần tụ lại",16.6664,9.9837,0.8098,0.0000,0.0000,3
"9 · Ba phần tụ lại",16.6667,10.1757,0.8704,0.0000,0.0000,3
"9 · Ba phần tụ lại",16.6660,10.3015,0.8437,0.0000,0.0000,3
"9 · Ba phần tụ lại",16.6670,10.8573,0.8203,0.0000,0.0000,3
"9 · Ba phần tụ lại",16.6714,10.7715,0.8213,0.0000,0.0000,3
"9 · Ba phần tụ lại",16.6667,10.5030,0.8170,0.0000,0.0000,3
"9 · Ba phần tụ lại",16.6671,10.6408,0.8807,0.0000,0.0000,3
"9 · Ba phần tụ lại",16.6823,10.9308,0.8126,0.0000,0.0000,3
"9 · Ba phần tụ lại",16.6786,10.7912,0.8884,0.0000,0.0000,3
"9 · Ba phần tụ lại",16.6667,10.8037,0.9034,0.0000,0.0000,3
"9 · Ba phần tụ lại",16.6688,10.8829,0.9321,0.0000,0.0000,3
"9 · Ba phần tụ lại",16.6844,10.4007,0.8597,0.0000,0.0000,3
"9 · Ba phần tụ lại",16.6829,10.6899,0.9151,0.0000,0.0000,3
"9 · Ba phần tụ lại",16.6702,10.1116,0.8732,0.0000,0.0000,3
"9 · Ba phần tụ lại",16.6658,10.1356,0.9959,0.0000,0.0000,3
"9 · Ba phần tụ lại",16.6724,10.2720,0.9614,0.0000,0.0000,3
"9 · Ba phần tụ lại",16.6614,10.3053,0.8806,0.0000,0.0000,3
"9 · Ba phần tụ lại",16.6903,10.3349,0.9664,0.0000,0.0000,3
"9 · Ba phần tụ lại",16.6649,10.0459,0.9078,0.0000,0.0000,3
"9 · Ba phần tụ lại",16.6685,10.1386,0.8832,0.0000,0.0000,3
"9 · Ba phần tụ lại",16.6643,10.3718,0.8363,0.0000,0.0000,3
"9 · Ba phần tụ lại",16.6664,10.0675,0.8890,0.0000,0.0000,3
"9 · Ba phần tụ lại",16.6678,9.7361,0.8260,0.0000,0.0000,3
"9 · Ba phần tụ lại",16.6662,9.9793,0.8654,0.0000,0.0000,3
"9 · Ba phần tụ lại",16.6858,10.0041,0.9977,0.0000,0.0000,3
"9 · Ba phần tụ lại",16.6670,10.0221,0.8472,0.0000,0.0000,3
"9 · Ba phần tụ lại",16.6688,9.7647,0.8379,0.0000,0.0000,3
"9 · Ba phần tụ lại",16.6655,9.3662,1.0213,0.0000,0.0000,3
"9 · Ba phần tụ lại",16.6659,9.4132,0.8315,0.0000,0.0000,3
"9 · Ba phần tụ lại",16.6832,9.3244,0.8517,0.0000,0.0000,3
"9 · Ba phần tụ lại",16.6678,9.4951,0.8992,0.0000,0.0000,3
"9 · Ba phần tụ lại",16.6658,9.5783,0.8209,0.0000,0.0000,3
"9 · Ba phần tụ lại",16.6666,9.2916,0.8475,0.0000,0.0000,3
"9 · Ba phần tụ lại",16.6837,9.3323,0.8264,0.0000,0.0000,3
"9 · Ba phần tụ lại",16.6666,9.2607,1.2737,0.0000,0.0000,3
"9 · Ba phần tụ lại",16.6667,9.1072,1.2070,0.0000,0.0000,3
"9 · Ba phần tụ lại",16.7073,9.6075,0.8014,0.0000,0.0000,3
"9 · Ba phần tụ lại",16.6653,9.5675,0.8130,0.0000,0.0000,3
"9 · Ba phần tụ lại",16.6673,9.6049,1.0234,0.0000,0.0000,3
"9 · Ba phần tụ lại",16.6752,9.5268,1.0673,0.0000,0.0000,3
"9 · Ba phần tụ lại",16.6686,9.4476,1.0200,0.0000,0.0000,3
"9 · Ba phần tụ lại",16.6880,9.0651,1.0063,0.0000,0.0000,3
"9 · Ba phần tụ lại",16.7034,9.3442,0.8785,0.0000,0.0000,3
"9 · Ba phần tụ lại",16.6912,8.6003,1.0017,0.0000,0.0000,3
"9 · Ba phần tụ lại",16.6663,9.2973,0.7694,0.0000,0.0000,3
"9 · Ba phần tụ lại",16.6673,7.9059,2.5352,0.0000,0.3461,2
"9 · Ba phần tụ lại",16.6695,8.0845,0.8299,0.0000,0.0000,2
"9 · Ba phần tụ lại",16.6673,7.9422,0.9392,0.0000,0.0000,2
"9 · Ba phần tụ lại",16.6671,7.9109,0.9973,0.0000,0.0000,2
"9 · Ba phần tụ lại",16.6879,7.9787,0.9180,0.0000,0.0000,2
"9 · Ba phần tụ lại",16.7218,7.7746,1.0223,0.0000,0.0000,2
"9 · Ba phần tụ lại",16.6666,7.8048,0.8670,0.0000,0.0000,2
"9 · Ba phần tụ lại",16.7213,7.6535,0.9065,0.0000,0.0000,2
"9 · Ba phần tụ lại",16.6688,7.7875,0.8714,0.0000,0.0000,2
"9 · Ba phần tụ lại",16.6743,7.8189,0.9346,0.0000,0.0000,2
"9 · Ba phần tụ lại",16.7314,7.7589,0.8911,0.0000,0.0000,2
"9 · Ba phần tụ lại",16.6788,7.9937,0.9384,0.0000,0.0000,2
"9 · Ba phần tụ lại",16.6877,8.0260,0.8628,0.0000,0.0000,2
"9 · Ba phần tụ lại",16.6934,8.0800,0.7740,0.0000,0.0000,2
"9 · Ba phần tụ lại",16.6883,8.1717,0.8098,0.0000,0.0000,2
"9 · Ba phần tụ lại",16.6930,8.2150,0.8645,0.0000,0.0000,2
"9 · Ba phần tụ lại",16.7495,8.2331,0.9171,0.0000,0.0000,2
"9 · Ba phần tụ lại",16.7109,8.2842,0.9439,0.0000,0.0000,2
"9 · Ba phần tụ lại",16.7237,8.1578,0.8552,0.0000,0.0000,2
"9 · Ba phần tụ lại",16.7263,8.3765,0.8877,0.0000,0.0000,2
"9 · Ba phần tụ lại",16.7779,8.1847,0.9077,0.0000,0.0000,2
"9 · Ba phần tụ lại",16.7549,8.7659,0.8508,0.0000,0.0000,2
"9 · Ba phần tụ lại",16.7728,8.5666,1.0331,0.0000,0.0000,2
"9 · Ba phần tụ lại",16.7917,8.5441,1.0298,0.0000,0.0000,2
"9 · Ba phần tụ lại",16.8076,8.6802,0.8943,0.0000,0.0000,2
"9 · Ba phần tụ lại",16.8181,8.7147,1.1362,0.0000,0.0000,2
"9 · Ba phần tụ lại",16.8685,8.7041,1.0142,0.0000,0.0000,2
"9 · Ba phần tụ lại",16.8881,8.6345,0.8687,0.0000,0.0000,2
"9 · Ba phần tụ lại",16.9153,8.7198,0.9118,0.0000,0.0000,2
"9 · Ba phần tụ lại",16.9576,8.4223,1.0380,0.0000,0.0000,2
"9 · Ba phần tụ lại",16.9916,8.6958,0.8543,0.0000,0.0000,2
"9 · Ba phần tụ lại",17.0321,8.6070,0.8690,0.0000,0.0000,2
"9 · Ba phần tụ lại",17.0804,8.4891,0.8255,0.0000,0.0000,2
"9 · Ba phần tụ lại",17.1541,8.9339,0.8228,0.0000,0.0000,2
"9 · Ba phần tụ lại",29.0647,8.8601,1.6717,0.0000,0.0000,2
"9 · Ba phần tụ lại",16.6689,8.6840,1.0445,0.0000,0.0000,2
"9 · Ba phần tụ lại",16.6661,8.3430,1.0678,0.0000,0.0000,2
"9 · Ba phần tụ lại",16.6654,8.5903,1.0827,0.0000,0.0000,2
"9 · Ba phần tụ lại",16.6690,9.1386,1.0863,0.0000,0.0000,2
"9 · Ba phần tụ lại",16.6658,9.0170,1.0810,0.0000,0.0000,2
"9 · Ba phần tụ lại",16.6638,8.3884,0.9149,0.0000,0.0000,2
"9 · Ba phần tụ lại",16.6718,8.6195,1.1179,0.0000,0.0000,2
"9 · Ba phần tụ lại",16.6665,8.4902,0.8576,0.0000,0.0000,2
"9 · Ba phần tụ lại",16.6662,8.5621,0.8827,0.0000,0.0000,2
"9 · Ba phần tụ lại",16.6658,8.6061,0.7972,0.0000,0.0000,2
"9 · Ba phần tụ lại",16.6665,8.7692,0.7860,0.0000,0.0000,2
"9 · Ba phần tụ lại",16.6671,8.6864,0.8025,0.0000,0.0000,2
"9 · Ba phần tụ lại",16.6663,8.8441,0.8666,0.0000,0.0000,2
"9 · Ba phần tụ lại",16.6670,8.5339,1.0794,0.0000,0.0000,2
"9 · Ba phần tụ lại",16.6662,8.5543,0.7934,0.0000,0.0000,2
"9 · Ba phần tụ lại",16.6680,8.8331,0.7869,0.0000,0.0000,2
"9 · Ba phần tụ lại",16.6659,8.6720,0.8282,0.0000,0.0000,2
"9 · Ba phần tụ lại",16.6672,8.7640,0.7795,0.0000,0.0000,2
"9 · Ba phần tụ lại",16.6666,8.3786,0.7952,0.0000,0.0000,2
"9 · Ba phần tụ lại",16.6669,8.3137,0.8339,0.0000,0.0000,2
"9 · Ba phần tụ lại",16.6660,8.4784,1.0488,0.0000,0.0000,2
"9 · Ba phần tụ lại",16.6671,8.0143,0.8345,0.0000,0.0000,2
"9 · Ba phần tụ lại",16.6673,8.4100,0.8040,0.0000,0.0000,2
"9 · Ba phần tụ lại",16.6670,8.5192,0.7890,0.0000,0.0000,2
"9 · Ba phần tụ lại",16.6661,8.3828,0.7959,0.0000,0.0000,2
"9 · Ba phần tụ lại",16.6667,8.5527,0.7624,0.0000,0.0000,2
"9 · Ba phần tụ lại",16.6680,8.8908,0.8973,0.0000,0.0000,2
"9 · Ba phần tụ lại",16.6649,8.9892,0.7723,0.0000,0.0000,2
"9 · Ba phần tụ lại",16.6680,9.0766,0.7952,0.0000,0.0000,2
"9 · Ba phần tụ lại",16.6683,8.5298,0.7612,0.0000,0.0000,2
"9 · Ba phần tụ lại",16.6662,9.0244,0.8944,0.0000,0.0000,2
"9 · Ba phần tụ lại",16.6653,9.1978,1.0129,0.0000,0.0000,2
"9 · Ba phần tụ lại",16.6682,9.1197,1.0445,0.0000,0.0000,2
"9 · Ba phần tụ lại",16.6769,9.1007,1.1254,0.0000,0.0000,2
"9 · Ba phần tụ lại",16.6668,8.9821,1.0195,0.0000,0.0000,2
"9 · Ba phần tụ lại",16.6664,8.9650,0.8913,0.0000,0.0000,2
"9 · Ba phần tụ lại",16.6719,8.9156,0.8948,0.0000,0.0000,2
"9 · Ba phần tụ lại",16.6696,8.7751,0.8509,0.0000,0.0000,2
"9 · Ba phần tụ lại",16.6640,8.9595,0.9197,0.0000,0.0000,2
"9 · Ba phần tụ lại",16.6663,8.6799,0.9636,0.0000,0.0000,2
"9 · Ba phần tụ lại",16.6668,8.7014,0.9374,0.0000,0.0000,2
"9 · Ba phần tụ lại",16.6685,8.6223,1.0115,0.0000,0.0000,2
"9 · Ba phần tụ lại",16.6660,8.5568,0.8801,0.0000,0.0000,2
"9 · Ba phần tụ lại",16.6702,8.9797,0.9174,0.0000,0.0000,2
"9 · Ba phần tụ lại",16.6666,8.9367,1.0461,0.0000,0.0000,2
"9 · Ba phần tụ lại",16.6675,9.0647,1.0452,0.0000,0.0000,2
"9 · Ba phần tụ lại",16.6658,9.2693,1.0333,0.0000,0.0000,2
"9 · Ba phần tụ lại",16.6701,9.3130,0.9685,0.0000,0.0000,2
"9 · Ba phần tụ lại",16.6744,9.6845,0.8847,0.0000,0.0000,2
"9 · Ba phần tụ lại",16.6656,10.6407,1.0795,0.0000,0.0000,2
"9 · Ba phần tụ lại",16.6730,10.7207,1.0496,0.0000,0.0000,2
"9 · Ba phần tụ lại",16.6698,11.7384,1.0732,0.0000,0.0000,2
"9 · Ba phần tụ lại",16.6731,12.6236,1.3873,0.0000,0.0000,2
"9 · Ba phần tụ lại",33.1567,9.8975,1.7483,0.0000,0.0000,2
"9 · Ba phần tụ lại",16.7438,9.5654,1.0973,0.0000,0.0000,2
"9 · Ba phần tụ lại",16.6009,9.5309,0.8831,0.0000,0.0000,2
"9 · Ba phần tụ lại",16.6680,9.3790,1.1828,0.0000,0.0000,2
"9 · Ba phần tụ lại",16.6648,8.9984,0.8067,0.0000,0.0000,2
"9 · Ba phần tụ lại",16.6678,9.1223,0.8772,0.0000,0.0000,2
"9 · Ba phần tụ lại",16.6678,9.1294,0.9026,0.0000,0.0000,2
"9 · Ba phần tụ lại",16.6631,9.0368,0.8737,0.0000,0.0000,2
"9 · Ba phần tụ lại",16.6694,8.6527,0.8945,0.0000,0.0000,2
"9 · Ba phần tụ lại",16.6656,8.7394,0.9033,0.0000,0.0000,2
"9 · Ba phần tụ lại",16.6657,8.5814,0.7912,0.0000,0.0000,2
"9 · Ba phần tụ lại",16.6688,8.4537,1.0143,0.0000,0.0000,2
"9 · Ba phần tụ lại",16.6657,8.6834,0.9814,0.0000,0.0000,2
"9 · Ba phần tụ lại",16.6658,8.4282,0.8980,0.0000,0.0000,2
"9 · Ba phần tụ lại",16.6695,8.5131,0.8903,0.0000,0.0000,2
"9 · Ba phần tụ lại",16.6643,8.3263,0.8515,0.0000,0.0000,2
"9 · Ba phần tụ lại",16.6676,8.3636,0.8570,0.0000,0.0000,2
"9 · Ba phần tụ lại",16.6662,8.4127,0.8698,0.0000,0.0000,2
"9 · Ba phần tụ lại",16.6740,8.1988,0.8873,0.0000,0.0000,2
"9 · Ba phần tụ lại",16.6628,8.1033,0.9926,0.0000,0.0000,2
"9 · Ba phần tụ lại",16.6633,8.1288,0.8998,0.0000,0.0000,2
"9 · Ba phần tụ lại",16.6663,8.0837,0.8760,0.0000,0.0000,2
"9 · Ba phần tụ lại",16.6662,8.3139,0.7772,0.0000,0.0000,2
"9 · Ba phần tụ lại",16.6674,8.1321,0.8258,0.0000,0.0000,2
"9 · Ba phần tụ lại",16.6666,8.2765,0.7745,0.0000,0.0000,2
"9 · Ba phần tụ lại",16.6665,8.1821,0.8074,0.0000,0.0000,2
"9 · Ba phần tụ lại",16.6665,8.1611,0.8325,0.0000,0.0000,2
"9 · Ba phần tụ lại",16.6671,7.9374,0.8960,0.0000,0.0000,2
"9 · Ba phần tụ lại",16.6673,7.8253,0.7651,0.0000,0.0000,2
"9 · Ba phần tụ lại",16.6659,7.8945,0.8284,0.0000,0.0000,2
"9 · Ba phần tụ lại",16.6721,7.7290,0.8686,0.0000,0.0000,2
"9 · Ba phần tụ lại",16.6622,7.8483,0.8472,0.0000,0.0000,2
"9 · Ba phần tụ lại",16.6663,7.6409,1.0963,0.0000,0.0000,2
"9 · Ba phần tụ lại",16.6828,7.4552,0.9083,0.0000,0.0000,2
"9 · Ba phần tụ lại",16.6512,7.6221,1.1251,0.0000,0.0000,2
"9 · Ba phần tụ lại",16.6665,7.9579,1.1499,0.0000,0.0000,2
"9 · Ba phần tụ lại",16.6663,8.5725,0.9455,0.0000,0.0000,2
"9 · Ba phần tụ lại",16.6670,8.2822,1.0757,0.0000,0.0000,2
"9 · Ba phần tụ lại",16.6666,8.5106,0.8746,0.0000,0.0000,2
"9 · Ba phần tụ lại",16.6669,8.4440,0.9811,0.0000,0.0000,2
"9 · Ba phần tụ lại",16.6666,8.4689,0.9594,0.0000,0.0000,2
"9 · Ba phần tụ lại",16.6674,8.4348,0.9447,0.0000,0.0000,2
"9 · Ba phần tụ lại",16.6671,8.6656,0.8934,0.0000,0.0000,2
"9 · Ba phần tụ lại",16.6658,8.8032,1.0276,0.0000,0.0000,2
"9 · Ba phần tụ lại",16.6673,8.6694,1.0710,0.0000,0.0000,2
"9 · Ba phần tụ lại",16.6669,8.6897,0.9544,0.0000,0.0000,2
"9 · Ba phần tụ lại",16.6676,8.8338,0.9524,0.0000,0.0000,2
"9 · Ba phần tụ lại",16.6650,8.7005,0.9883,0.0000,0.0000,2
"9 · Ba phần tụ lại",16.6676,8.5770,1.1106,0.0000,0.0000,2
"9 · Ba phần tụ lại",16.6858,8.5217,0.9592,0.0000,0.0000,2
"9 · Ba phần tụ lại",16.6528,8.3770,1.0180,0.0000,0.0000,2
"9 · Ba phần tụ lại",16.6665,8.3563,0.8345,0.0000,0.0000,2
"9 · Ba phần tụ lại",16.6659,8.2827,0.8657,0.0000,0.0000,2
"9 · Ba phần tụ lại",16.6679,8.4308,0.9419,0.0000,0.0000,2
"9 · Ba phần tụ lại",16.6664,8.5382,0.9044,0.0000,0.0000,2
"9 · Ba phần tụ lại",16.6668,8.4809,0.9015,0.0000,0.0000,2
"9 · Ba phần tụ lại",16.6655,8.4112,0.9806,0.0000,0.0000,2
"9 · Ba phần tụ lại",16.6680,8.2684,0.9342,0.0000,0.0000,2
"9 · Ba phần tụ lại",16.6662,8.4425,1.0238,0.0000,0.0000,2
"9 · Ba phần tụ lại",16.6669,8.5061,0.8765,0.0000,0.0000,2
"9 · Ba phần tụ lại",16.6665,8.5257,1.0511,0.0000,0.0000,2
"9 · Ba phần tụ lại",16.6679,8.4514,0.9419,0.0000,0.0000,2
"9 · Ba phần tụ lại",16.6659,8.4588,0.9586,0.0000,0.0000,2
"9 · Ba phần tụ lại",16.6684,8.8497,0.9121,0.0000,0.0000,2
"9 · Ba phần tụ lại",16.6660,8.7626,0.9219,0.0000,0.0000,2
"9 · Ba phần tụ lại",16.6778,8.7924,0.9049,0.0000,0.0000,2
"9 · Ba phần tụ lại",16.6650,8.3465,0.9622,0.0000,0.0000,2
"9 · Ba phần tụ lại",16.6671,8.6366,0.9442,0.0000,0.0000,2
"9 · Ba phần tụ lại",16.6680,8.5180,0.9006,0.0000,0.0000,2
"9 · Ba phần tụ lại",16.6663,8.5330,0.8660,0.0000,0.0000,2
"9 · Ba phần tụ lại",16.6661,8.5229,0.9138,0.0000,0.0000,2
"9 · Ba phần tụ lại",16.6665,8.7610,1.0380,0.0000,0.0000,2
"9 · Ba phần tụ lại",16.6676,8.6772,0.8776,0.0000,0.0000,2
"9 · Ba phần tụ lại",16.6878,8.8914,0.9729,0.0000,0.0000,2
"9 · Ba phần tụ lại",16.6444,8.9216,0.8450,0.0000,0.0000,2
"9 · Ba phần tụ lại",16.6672,8.8151,0.9296,0.0000,0.0000,2
"9 · Ba phần tụ lại",16.6676,9.1369,0.9349,0.0000,0.0000,2
"9 · Ba phần tụ lại",16.6844,9.0374,0.9084,0.0000,0.0000,2
"9 · Ba phần tụ lại",16.6614,8.8811,0.8557,0.0000,0.0000,2
"9 · Ba phần tụ lại",16.6670,9.1491,1.3341,0.0000,0.0000,2
"9 · Ba phần tụ lại",16.6674,9.0057,0.9466,0.0000,0.0000,2
"9 · Ba phần tụ lại",16.6662,9.0052,1.1342,0.0000,0.0000,2
"9 · Ba phần tụ lại",16.6672,9.4059,0.8941,0.0000,0.0000,2
"9 · Ba phần tụ lại",16.6658,9.3892,0.8756,0.0000,0.0000,2
"9 · Ba phần tụ lại",16.6682,9.1207,0.9330,0.0000,0.0000,2
"9 · Ba phần tụ lại",16.6677,9.3898,0.9322,0.0000,0.0000,2
"9 · Ba phần tụ lại",16.6650,9.2491,0.8450,0.0000,0.0000,2
"9 · Ba phần tụ lại",16.6673,9.3503,0.8977,0.0000,0.0000,2
"9 · Ba phần tụ lại",16.6757,9.3881,0.9886,0.0000,0.0000,2
"9 · Ba phần tụ lại",16.6581,9.5144,0.7868,0.0000,0.0000,2
"9 · Ba phần tụ lại",16.6675,9.3966,0.8658,0.0000,0.0000,2
"9 · Ba phần tụ lại",16.6652,9.2153,0.8455,0.0000,0.0000,2
"9 · Ba phần tụ lại",16.6662,9.5356,0.9272,0.0000,0.0000,2
"9 · Ba phần tụ lại",16.6679,9.4969,0.8356,0.0000,0.0000,2
"9 · Ba phần tụ lại",16.6660,9.3645,0.8342,0.0000,0.0000,2
"9 · Ba phần tụ lại",16.6668,9.4202,0.7814,0.0000,0.0000,2
"9 · Ba phần tụ lại",16.6672,9.4632,0.9072,0.0000,0.0000,2
"9 · Ba phần tụ lại",16.6665,9.3975,0.8881,0.0000,0.0000,2
"9 · Ba phần tụ lại",16.6668,9.9632,0.8488,0.0000,0.0000,2
"9 · Ba phần tụ lại",16.6662,9.2931,0.8193,0.0000,0.0000,2
"9 · Ba phần tụ lại",16.6693,8.9136,1.0035,0.0000,0.0000,2
"9 · Ba phần tụ lại",16.6645,9.0423,0.9089,0.0000,0.0000,2
"9 · Ba phần tụ lại",16.6669,8.9298,0.7799,0.0000,0.0000,2
"9 · Ba phần tụ lại",16.6660,8.9043,1.1023,0.0000,0.0000,2
"9 · Ba phần tụ lại",16.6688,9.1098,0.9305,0.0000,0.0000,2
"9 · Ba phần tụ lại",16.6659,8.9363,1.0749,0.0000,0.0000,2
"9 · Ba phần tụ lại",16.6661,8.8416,0.9948,0.0000,0.0000,2
"9 · Ba phần tụ lại",16.6678,9.0730,1.0666,0.0000,0.0000,2
"9 · Ba phần tụ lại",16.6655,9.0315,0.8720,0.0000,0.0000,2
"9 · Ba phần tụ lại",16.6675,8.6950,0.8909,0.0000,0.0000,2
"9 · Ba phần tụ lại",16.6659,9.1064,0.9007,0.0000,0.0000,2
"9 · Ba phần tụ lại",16.6673,9.1990,0.7811,0.0000,0.0000,2
"10 · Hợp thể kéo nắp H",16.6663,6.0432,1.3313,0.0000,0.5893,1
"10 · Hợp thể kéo nắp H",16.6676,6.0311,0.8693,0.0000,0.0000,1
"10 · Hợp thể kéo nắp H",16.6657,6.1035,0.7870,0.0000,0.0000,1
"10 · Hợp thể kéo nắp H",16.6668,6.0538,0.7582,0.0000,0.0000,1
"10 · Hợp thể kéo nắp H",16.6671,6.0223,0.8151,0.0000,0.0000,1
"10 · Hợp thể kéo nắp H",16.6675,6.1360,0.8649,0.0000,0.0000,1
"10 · Hợp thể kéo nắp H",16.6661,6.1587,0.8559,0.0000,0.0000,1
"10 · Hợp thể kéo nắp H",16.6665,6.1792,0.8103,0.0000,0.0000,1
"10 · Hợp thể kéo nắp H",16.6688,6.0601,1.1396,0.0000,0.0000,1
"10 · Hợp thể kéo nắp H",16.6646,5.9526,0.9668,0.0000,0.0000,1
"10 · Hợp thể kéo nắp H",16.6663,6.1254,0.8932,0.0000,0.0000,1
"10 · Hợp thể kéo nắp H",16.6766,5.9862,0.8858,0.0000,0.0000,1
"10 · Hợp thể kéo nắp H",16.6573,6.0705,0.9129,0.0000,0.0000,1
"10 · Hợp thể kéo nắp H",16.6665,6.4615,0.9396,0.0000,0.0000,1
"10 · Hợp thể kéo nắp H",16.6673,6.9642,0.8258,0.0000,0.0000,1
"10 · Hợp thể kéo nắp H",16.6660,6.7898,0.7723,0.0000,0.0000,1
"10 · Hợp thể kéo nắp H",16.6679,6.4262,0.7693,0.0000,0.0000,1
"10 · Hợp thể kéo nắp H",16.6659,6.4390,0.7849,0.0000,0.0000,1
"10 · Hợp thể kéo nắp H",16.7727,6.5197,0.7509,0.0000,0.0000,1
"10 · Hợp thể kéo nắp H",16.6673,6.4937,0.7902,0.0000,0.0000,1
"10 · Hợp thể kéo nắp H",16.6710,6.5146,1.0466,0.0000,0.0000,1
"10 · Hợp thể kéo nắp H",16.6647,6.6515,0.7879,0.0000,0.0000,1
"10 · Hợp thể kéo nắp H",16.6648,6.4239,0.7758,0.0000,0.0000,1
"10 · Hợp thể kéo nắp H",16.6666,6.6506,0.7650,0.0000,0.0000,1
"10 · Hợp thể kéo nắp H",17.5482,6.4989,0.7721,0.0000,0.0000,1
"10 · Hợp thể kéo nắp H",16.6849,6.4783,0.7675,0.0000,0.0000,1
"10 · Hợp thể kéo nắp H",16.7165,6.5155,0.7920,0.0000,0.0000,1
"10 · Hợp thể kéo nắp H",16.7205,6.4196,1.0183,0.0000,0.0000,1
"10 · Hợp thể kéo nắp H",16.7213,6.6116,1.0527,0.0000,0.0000,1
"10 · Hợp thể kéo nắp H",16.8007,6.6152,0.7586,0.0000,0.0000,1
"10 · Hợp thể kéo nắp H",16.7403,6.6465,0.7817,0.0000,0.0000,1
"10 · Hợp thể kéo nắp H",16.7393,6.8097,0.8264,0.0000,0.0000,1
"10 · Hợp thể kéo nắp H",16.8343,7.1557,0.8218,0.0000,0.0000,1
"10 · Hợp thể kéo nắp H",16.7945,6.7972,0.8033,0.0000,0.0000,1
"10 · Hợp thể kéo nắp H",16.9904,7.0588,0.7712,0.0000,0.0000,1
"10 · Hợp thể kéo nắp H",16.8534,7.0672,0.7739,0.0000,0.0000,1
"10 · Hợp thể kéo nắp H",16.8886,6.8343,0.9622,0.0000,0.0000,1
"10 · Hợp thể kéo nắp H",16.9161,7.2015,0.7782,0.0000,0.0000,1
"10 · Hợp thể kéo nắp H",16.6772,7.5092,0.7962,0.0000,0.0000,1
"10 · Hợp thể kéo nắp H",16.9605,7.4918,0.9291,0.0000,0.0000,1
"10 · Hợp thể kéo nắp H",17.0128,7.5181,0.7920,0.0000,0.0000,1
"10 · Hợp thể kéo nắp H",17.0381,7.4137,0.7933,0.0000,0.0000,1
"10 · Hợp thể kéo nắp H",17.1245,7.4431,1.2472,0.0000,0.0000,1
"10 · Hợp thể kéo nắp H",17.1952,7.5409,1.5232,0.0000,0.0000,1
"10 · Hợp thể kéo nắp H",28.4769,7.4304,1.3181,0.0000,0.0000,1
"10 · Hợp thể kéo nắp H",16.6655,7.4275,0.8787,0.0000,0.0000,1
"10 · Hợp thể kéo nắp H",16.7679,7.3292,0.8108,0.0000,0.0000,1
"10 · Hợp thể kéo nắp H",16.6665,7.3346,0.7662,0.0000,0.0000,1
"10 · Hợp thể kéo nắp H",16.7216,7.4479,0.8086,0.0000,0.0000,1
"10 · Hợp thể kéo nắp H",16.6665,7.7292,1.1429,0.0000,0.0000,1
"10 · Hợp thể kéo nắp H",16.6693,7.5544,1.0859,0.0000,0.0000,1
"10 · Hợp thể kéo nắp H",16.6677,7.7155,0.8917,0.0000,0.0000,1
"10 · Hợp thể kéo nắp H",16.6662,7.8702,0.8131,0.0000,0.0000,1
"10 · Hợp thể kéo nắp H",16.6653,7.3359,0.8005,0.0000,0.0000,1
"10 · Hợp thể kéo nắp H",16.6674,7.1761,0.8882,0.0000,0.0000,1
"10 · Hợp thể kéo nắp H",16.6656,7.4145,0.8335,0.0000,0.0000,1
"10 · Hợp thể kéo nắp H",16.6665,7.2791,0.7253,0.0000,0.0000,1
"10 · Hợp thể kéo nắp H",16.6670,7.1971,0.6235,0.0000,0.0000,1
"10 · Hợp thể kéo nắp H",16.6790,7.0490,0.7450,0.0000,0.0000,1
"10 · Hợp thể kéo nắp H",16.6569,6.8989,0.7741,0.0000,0.0000,1
"10 · Hợp thể kéo nắp H",16.6655,6.9985,0.7167,0.0000,0.0000,1
"10 · Hợp thể kéo nắp H",16.6677,6.9551,0.7128,0.0000,0.0000,1
"10 · Hợp thể kéo nắp H",16.6636,6.6807,0.6176,0.0000,0.0000,1
"10 · Hợp thể kéo nắp H",16.7373,6.8525,0.6216,0.0000,0.0000,1
"10 · Hợp thể kéo nắp H",16.6668,6.8903,0.7118,0.0000,0.0000,1
"10 · Hợp thể kéo nắp H",16.6743,6.8330,0.7311,0.0000,0.0000,1
"10 · Hợp thể kéo nắp H",16.6660,6.7584,0.7464,0.0000,0.0000,1
"10 · Hợp thể kéo nắp H",16.6656,6.9485,0.7714,0.0000,0.0000,1
"10 · Hợp thể kéo nắp H",16.6663,6.9681,0.7177,0.0000,0.0000,1
"10 · Hợp thể kéo nắp H",16.6668,7.2143,2.0787,0.0000,0.0000,1
"10 · Hợp thể kéo nắp H",16.6675,7.1478,0.4697,0.0000,0.0000,1
"10 · Hợp thể kéo nắp H",16.6665,7.3579,0.5033,0.0000,0.0000,1
"10 · Hợp thể kéo nắp H",16.6668,7.4465,0.5808,0.0000,0.0000,1
"10 · Hợp thể kéo nắp H",16.6670,7.5598,0.4832,0.0000,0.0000,1
"10 · Hợp thể kéo nắp H",16.6663,7.5628,0.4699,0.0000,0.0000,1
"10 · Hợp thể kéo nắp H",16.6667,7.6593,0.4780,0.0000,0.0000,1
"10 · Hợp thể kéo nắp H",16.6670,7.7583,0.6728,0.0000,0.0000,1
"10 · Hợp thể kéo nắp H",16.6708,7.6625,0.5347,0.0000,0.0000,1
"10 · Hợp thể kéo nắp H",16.6629,7.7371,0.5374,0.0000,0.0000,1
"10 · Hợp thể kéo nắp H",16.6696,7.7286,0.7518,0.0000,0.0000,1
"10 · Hợp thể kéo nắp H",16.6634,8.0589,0.4807,0.0000,0.0000,1
"10 · Hợp thể kéo nắp H",16.6672,7.9603,0.4880,0.0000,0.0000,1
"10 · Hợp thể kéo nắp H",16.6678,8.0082,0.5518,0.0000,0.0000,1
"10 · Hợp thể kéo nắp H",16.6710,7.8068,0.6795,0.0000,0.0000,1
"10 · Hợp thể kéo nắp H",16.6626,7.8122,0.5903,0.0000,0.0000,1
"10 · Hợp thể kéo nắp H",16.6667,7.7946,0.4911,0.0000,0.0000,1
"10 · Hợp thể kéo nắp H",16.6670,7.9140,0.8472,0.0000,0.0000,1
"10 · Hợp thể kéo nắp H",16.6647,7.8568,0.4975,0.0000,0.0000,1
"10 · Hợp thể kéo nắp H",16.6676,7.9461,0.7758,0.0000,0.0000,1
"10 · Hợp thể kéo nắp H",16.6757,7.7862,0.7363,0.0000,0.0000,1
"10 · Hợp thể kéo nắp H",16.6650,7.6372,0.5157,0.0000,0.0000,1
"10 · Hợp thể kéo nắp H",16.6687,7.8879,0.7148,0.0000,0.0000,1
"10 · Hợp thể kéo nắp H",16.6667,7.6819,0.5965,0.0000,0.0000,1
"10 · Hợp thể kéo nắp H",16.6657,7.6462,0.6824,0.0000,0.0000,1
"10 · Hợp thể kéo nắp H",16.6659,8.0993,0.7069,0.0000,0.0000,1
"10 · Hợp thể kéo nắp H",16.6667,7.7762,0.5524,0.0000,0.0000,1
"10 · Hợp thể kéo nắp H",16.6674,7.8527,0.5576,0.0000,0.0000,1
"10 · Hợp thể kéo nắp H",16.6662,7.8936,0.5598,0.0000,0.0000,1
"10 · Hợp thể kéo nắp H",16.6770,7.4507,0.5792,0.0000,0.0000,1
"10 · Hợp thể kéo nắp H",16.6565,7.6280,0.5209,0.0000,0.0000,1
"10 · Hợp thể kéo nắp H",16.6683,8.0124,0.5941,0.0000,0.0000,1
"10 · Hợp thể kéo nắp H",16.6649,7.8489,0.6601,0.0000,0.0000,1
"10 · Hợp thể kéo nắp H",16.6686,7.9161,0.8467,0.0000,0.0000,1
"10 · Hợp thể kéo nắp H",16.6653,7.6158,0.7828,0.0000,0.0000,1
"10 · Hợp thể kéo nắp H",16.6659,7.6444,0.7688,0.0000,0.0000,1
"10 · Hợp thể kéo nắp H",16.6694,7.7927,0.8838,0.0000,0.0000,1
"10 · Hợp thể kéo nắp H",16.6672,7.9493,0.5869,0.0000,0.0000,1
"10 · Hợp thể kéo nắp H",16.6688,7.7350,0.7312,0.0000,0.0000,1
"10 · Hợp thể kéo nắp H",16.6634,7.7414,0.5917,0.0000,0.0000,1
"10 · Hợp thể kéo nắp H",16.6660,7.8351,33.5893,32.8253,0.0000,1
"10 · Hợp thể kéo nắp H",49.8377,8.0763,1.4874,0.0000,0.0000,1
"10 · Hợp thể kéo nắp H",16.6657,7.9991,0.5967,0.0000,0.0000,1
"10 · Hợp thể kéo nắp H",16.6658,7.7392,0.5418,0.0000,0.0000,1
"10 · Hợp thể kéo nắp H",16.6665,7.3513,0.5351,0.0000,0.0000,1
"10 · Hợp thể kéo nắp H",16.6675,7.2361,0.5193,0.0000,0.0000,1
"10 · Hợp thể kéo nắp H",16.6660,7.3196,0.8256,0.0000,0.0000,1
"10 · Hợp thể kéo nắp H",16.6669,7.2083,0.6407,0.0000,0.0000,1
"10 · Hợp thể kéo nắp H",16.6909,7.2676,0.5794,0.0000,0.0000,1
"10 · Hợp thể kéo nắp H",16.6666,7.2506,0.5165,0.0000,0.0000,1
"10 · Hợp thể kéo nắp H",16.6686,7.3783,0.5921,0.0000,0.0000,1
"10 · Hợp thể kéo nắp H",16.6648,7.1980,0.5387,0.0000,0.0000,1
"10 · Hợp thể kéo nắp H",16.6718,7.7332,0.6566,0.0000,0.0000,1
"10 · Hợp thể kéo nắp H",16.6727,7.2735,0.6564,0.0000,0.0000,1
"10 · Hợp thể kéo nắp H",16.6585,7.2935,0.6496,0.0000,0.0000,1
"10 · Hợp thể kéo nắp H",16.6658,7.3366,0.6255,0.0000,0.0000,1
"10 · Hợp thể kéo nắp H",16.6671,7.5535,0.6220,0.0000,0.0000,1
"10 · Hợp thể kéo nắp H",16.6673,7.7019,0.5528,0.0000,0.0000,1
"10 · Hợp thể kéo nắp H",16.6670,7.5597,0.7032,0.0000,0.0000,1
"10 · Hợp thể kéo nắp H",16.6674,7.5857,0.6199,0.0000,0.0000,1
"10 · Hợp thể kéo nắp H",16.6992,7.3684,0.7546,0.0000,0.0000,1
"10 · Hợp thể kéo nắp H",16.6665,7.5753,0.5227,0.0000,0.0000,1
"10 · Hợp thể kéo nắp H",16.6648,7.4150,0.5466,0.0000,0.0000,1
"10 · Hợp thể kéo nắp H",16.6788,7.4355,0.7738,0.0000,0.0000,1
"10 · Hợp thể kéo nắp H",16.6692,7.2876,0.7356,0.0000,0.0000,1
"10 · Hợp thể kéo nắp H",16.6649,7.6689,0.6822,0.0000,0.0000,1
"10 · Hợp thể kéo nắp H",16.6678,7.2190,0.7567,0.0000,0.0000,1
"10 · Hợp thể kéo nắp H",16.6657,7.3177,0.5532,0.0000,0.0000,1
"10 · Hợp thể kéo nắp H",16.6658,7.1763,0.5356,0.0000,0.0000,1
"10 · Hợp thể kéo nắp H",16.6681,7.2548,0.5305,0.0000,0.0000,1
"10 · Hợp thể kéo nắp H",16.6669,7.2983,0.5855,0.0000,0.0000,1
"10 · Hợp thể kéo nắp H",16.6657,7.4911,0.5252,0.0000,0.0000,1
"10 · Hợp thể kéo nắp H",16.6672,7.3667,0.5389,0.0000,0.0000,1
"10 · Hợp thể kéo nắp H",16.6895,7.1675,0.6784,0.0000,0.0000,1
"10 · Hợp thể kéo nắp H",16.6667,7.1907,0.5760,0.0000,0.0000,1
"10 · Hợp thể kéo nắp H",16.6658,7.4896,0.5198,0.0000,0.0000,1
"10 · Hợp thể kéo nắp H",16.6672,7.4257,0.5422,0.0000,0.0000,1
"10 · Hợp thể kéo nắp H",16.6671,7.4325,0.5214,0.0000,0.0000,1
"10 · Hợp thể kéo nắp H",16.6679,7.5573,0.5490,0.0000,0.0000,1
"10 · Hợp thể kéo nắp H",16.6649,7.7964,0.5283,0.0000,0.0000,1
"10 · Hợp thể kéo nắp H",16.6675,7.6197,32.6200,31.9549,0.0000,1
"10 · Hợp thể kéo nắp H",49.2649,7.8013,1.5138,0.0000,0.0000,1
"10 · Hợp thể kéo nắp H",16.7052,7.9585,0.5814,0.0000,0.0000,1
"10 · Hợp thể kéo nắp H",16.6980,7.4383,0.5310,0.0000,0.0000,1
"10 · Hợp thể kéo nắp H",16.8395,8.1956,0.6501,0.0000,0.0000,1
"10 · Hợp thể kéo nắp H",17.0896,8.0852,0.5358,0.0000,0.0000,1
"10 · Hợp thể kéo nắp H",16.6660,8.1515,0.6471,0.0000,0.0000,1
"10 · Hợp thể kéo nắp H",16.6676,7.9313,0.5770,0.0000,0.0000,1
"10 · Hợp thể kéo nắp H",16.6656,8.0246,0.5141,0.0000,0.0000,1
"10 · Hợp thể kéo nắp H",16.6674,7.9204,0.5679,0.0000,0.0000,1
"10 · Hợp thể kéo nắp H",16.6671,8.2501,0.6669,0.0000,0.0000,1
"10 · Hợp thể kéo nắp H",16.6692,8.0056,0.5742,0.0000,0.0000,1
"10 · Hợp thể kéo nắp H",16.6660,8.0116,0.6274,0.0000,0.0000,1
"10 · Hợp thể kéo nắp H",16.6640,8.1520,0.5964,0.0000,0.0000,1
"10 · Hợp thể kéo nắp H",16.6674,8.2486,0.5802,0.0000,0.0000,1
"10 · Hợp thể kéo nắp H",16.6692,8.4028,0.6534,0.0000,0.0000,1
"10 · Hợp thể kéo nắp H",16.6640,8.3640,0.8509,0.0000,0.0000,1
"10 · Hợp thể kéo nắp H",16.6681,8.1921,0.7976,0.0000,0.0000,1
"10 · Hợp thể kéo nắp H",16.6653,8.2517,0.8972,0.0000,0.0000,1
"10 · Hợp thể kéo nắp H",16.6667,8.2840,0.7133,0.0000,0.0000,1
"10 · Hợp thể kéo nắp H",16.6673,7.9933,0.6798,0.0000,0.0000,1
"10 · Hợp thể kéo nắp H",16.6672,8.4013,0.7836,0.0000,0.0000,1
"10 · Hợp thể kéo nắp H",16.6671,8.5536,0.6504,0.0000,0.0000,1
"10 · Hợp thể kéo nắp H",16.6696,8.2349,0.8502,0.0000,0.0000,1
"10 · Hợp thể kéo nắp H",16.6628,8.3738,0.6284,0.0000,0.0000,1
"10 · Hợp thể kéo nắp H",16.6668,8.4497,0.6016,0.0000,0.0000,1
"10 · Hợp thể kéo nắp H",16.6662,8.2408,0.6429,0.0000,0.0000,1
"10 · Hợp thể kéo nắp H",16.6708,8.1555,0.6625,0.0000,0.0000,1
"10 · Hợp thể kéo nắp H",16.6634,8.5768,0.7912,0.0000,0.0000,1
"10 · Hợp thể kéo nắp H",16.6685,8.4027,0.6519,0.0000,0.0000,1
"10 · Hợp thể kéo nắp H",16.6647,8.4838,0.6611,0.0000,0.0000,1
"10 · Hợp thể kéo nắp H",16.6672,8.4397,0.6310,0.0000,0.0000,1
"10 · Hợp thể kéo nắp H",16.6674,8.3836,0.6356,0.0000,0.0000,1
"10 · Hợp thể kéo nắp H",16.6657,8.4632,0.6492,0.0000,0.0000,1
"10 · Hợp thể kéo nắp H",16.6677,8.2950,0.5743,0.0000,0.0000,1
"10 · Hợp thể kéo nắp H",16.6653,8.4586,0.5759,0.0000,0.0000,1
"10 · Hợp thể kéo nắp H",16.6673,8.2414,0.5547,0.0000,0.0000,1
"10 · Hợp thể kéo nắp H",16.6668,8.3578,0.5880,0.0000,0.0000,1
"10 · Hợp thể kéo nắp H",16.6670,8.4736,0.6053,0.0000,0.0000,1
"10 · Hợp thể kéo nắp H",16.6670,8.2208,0.6126,0.0000,0.0000,1
"10 · Hợp thể kéo nắp H",16.6655,8.3097,32.9861,32.2918,0.0000,1
"10 · Hợp thể kéo nắp H",49.9753,8.1242,1.6660,0.0000,0.0000,1
"10 · Hợp thể kéo nắp H",16.6668,8.2155,0.6526,0.0000,0.0000,1
"10 · Hợp thể kéo nắp H",16.6668,8.3108,0.5930,0.0000,0.0000,1
"10 · Hợp thể kéo nắp H",16.6703,8.3999,0.6308,0.0000,0.0000,1
"10 · Hợp thể kéo nắp H",16.6639,8.3493,0.6516,0.0000,0.0000,1
"10 · Hợp thể kéo nắp H",16.6657,8.6556,0.5765,0.0000,0.0000,1
"10 · Hợp thể kéo nắp H",16.6699,8.5476,0.5741,0.0000,0.0000,1
"10 · Hợp thể kéo nắp H",16.6650,8.5543,0.6146,0.0000,0.0000,1
"10 · Hợp thể kéo nắp H",16.6656,8.5501,0.5459,0.0000,0.0000,1
"10 · Hợp thể kéo nắp H",16.6687,8.5340,0.5886,0.0000,0.0000,1
"10 · Hợp thể kéo nắp H",16.6660,8.3267,0.5965,0.0000,0.0000,1
"10 · Hợp thể kéo nắp H",16.6674,8.4662,0.6536,0.0000,0.0000,1
"10 · Hợp thể kéo nắp H",16.6867,8.3474,0.5866,0.0000,0.0000,1
"10 · Hợp thể kéo nắp H",16.6462,8.5320,0.5669,0.0000,0.0000,1
"10 · Hợp thể kéo nắp H",16.6670,8.6363,0.5833,0.0000,0.0000,1
"10 · Hợp thể kéo nắp H",16.6658,8.5356,0.5461,0.0000,0.0000,1
"10 · Hợp thể kéo nắp H",16.6671,8.7392,0.5543,0.0000,0.0000,1
"10 · Hợp thể kéo nắp H",16.6673,8.3699,0.7624,0.0000,0.0000,1
"10 · Hợp thể kéo nắp H",16.6667,8.3310,0.7967,0.0000,0.0000,1
"10 · Hợp thể kéo nắp H",16.6661,8.6293,0.6291,0.0000,0.0000,1
"10 · Hợp thể kéo nắp H",16.6669,8.4089,0.6062,0.0000,0.0000,1
"10 · Hợp thể kéo nắp H",16.6675,8.5740,0.5905,0.0000,0.0000,1
"10 · Hợp thể kéo nắp H",16.6658,8.3071,0.5648,0.0000,0.0000,1
"10 · Hợp thể kéo nắp H",16.6678,8.5473,0.5466,0.0000,0.0000,1
"10 · Hợp thể kéo nắp H",16.6663,8.5721,0.5751,0.0000,0.0000,1
"10 · Hợp thể kéo nắp H",16.6669,8.5921,0.5653,0.0000,0.0000,1
"10 · Hợp thể kéo nắp H",16.6670,8.5501,0.6019,0.0000,0.0000,1
"10 · Hợp thể kéo nắp H",16.6668,8.3947,0.5883,0.0000,0.0000,1
"10 · Hợp thể kéo nắp H",16.6670,8.5812,0.7128,0.0000,0.0000,1
"10 · Hợp thể kéo nắp H",16.6663,8.2765,0.5991,0.0000,0.0000,1
"10 · Hợp thể kéo nắp H",16.6667,8.5298,0.5657,0.0000,0.0000,1
"10 · Hợp thể kéo nắp H",16.6658,8.8045,0.5689,0.0000,0.0000,1
"10 · Hợp thể kéo nắp H",16.6672,8.6348,0.7319,0.0000,0.0000,1
"10 · Hợp thể kéo nắp H",16.6672,8.8784,0.5425,0.0000,0.0000,1
"10 · Hợp thể kéo nắp H",16.6668,8.6000,0.6679,0.0000,0.0000,1
"10 · Hợp thể kéo nắp H",16.6656,8.4225,0.8004,0.0000,0.0000,1
"10 · Hợp thể kéo nắp H",16.6680,8.7995,0.6360,0.0000,0.0000,1
"10 · Hợp thể kéo nắp H",16.6688,8.4300,0.6344,0.0000,0.0000,1
"10 · Hợp thể kéo nắp H",16.6639,8.4038,0.6392,0.0000,0.0000,1
"10 · Hợp thể kéo nắp H",16.6684,8.3548,33.2348,32.5161,0.0000,1
"10 · Hợp thể kéo nắp H",49.9114,8.4733,1.7061,0.0000,0.0000,1
"10 · Hợp thể kéo nắp H",16.6661,8.3980,0.5996,0.0000,0.0000,1
"10 · Hợp thể kéo nắp H",16.6669,8.5153,0.6234,0.0000,0.0000,1
"10 · Hợp thể kéo nắp H",16.6669,8.5369,0.5783,0.0000,0.0000,1
"10 · Hợp thể kéo nắp H",16.6665,8.0070,0.5537,0.0000,0.0000,1
"10 · Hợp thể kéo nắp H",16.6675,8.1733,0.6071,0.0000,0.0000,1
"10 · Hợp thể kéo nắp H",16.6661,8.0376,0.5874,0.0000,0.0000,1
"10 · Hợp thể kéo nắp H",16.6666,8.1986,0.5680,0.0000,0.0000,1
"10 · Hợp thể kéo nắp H",16.6666,7.9582,0.6074,0.0000,0.0000,1
"10 · Hợp thể kéo nắp H",16.6676,8.2783,0.5640,0.0000,0.0000,1
"10 · Hợp thể kéo nắp H",16.6658,7.6329,0.5965,0.0000,0.0000,1
"10 · Hợp thể kéo nắp H",16.6670,7.6993,0.5886,0.0000,0.0000,1
"10 · Hợp thể kéo nắp H",16.6670,7.6287,0.6016,0.0000,0.0000,1
"10 · Hợp thể kéo nắp H",16.6659,7.4962,0.7210,0.0000,0.0000,1
"10 · Hợp thể kéo nắp H",16.6687,7.6427,0.6009,0.0000,0.0000,1
"10 · Hợp thể kéo nắp H",16.6663,7.5677,0.6965,0.0000,0.0000,1
"10 · Hợp thể kéo nắp H",16.6665,7.6939,0.6075,0.0000,0.0000,1
"10 · Hợp thể kéo nắp H",16.6665,7.5351,0.6250,0.0000,0.0000,1
"10 · Hợp thể kéo nắp H",16.7033,7.4298,0.7338,0.0000,0.0000,1
"10 · Hợp thể kéo nắp H",16.6676,7.4919,0.6452,0.0000,0.0000,1
"10 · Hợp thể kéo nắp H",16.6660,7.4813,0.6489,0.0000,0.0000,1
"10 · Hợp thể kéo nắp H",16.6668,7.5042,0.7082,0.0000,0.0000,1
"10 · Hợp thể kéo nắp H",16.6823,7.4886,0.6272,0.0000,0.0000,1
"10 · Hợp thể kéo nắp H",16.6671,7.3769,0.5819,0.0000,0.0000,1
"10 · Hợp thể kéo nắp H",16.6894,7.1605,0.6581,0.0000,0.0000,1
"10 · Hợp thể kéo nắp H",16.6663,7.0959,0.7667,0.0000,0.0000,1
"10 · Hợp thể kéo nắp H",16.6663,7.2319,0.6437,0.0000,0.0000,1
"10 · Hợp thể kéo nắp H",16.6673,7.0094,0.7680,0.0000,0.0000,1
"10 · Hợp thể kéo nắp H",16.6670,7.0719,0.6344,0.0000,0.0000,1
"10 · Hợp thể kéo nắp H",16.6675,7.2924,0.5716,0.0000,0.0000,1
"10 · Hợp thể kéo nắp H",16.6740,7.1494,0.5867,0.0000,0.0000,1
"10 · Hợp thể kéo nắp H",16.6653,7.2459,0.5722,0.0000,0.0000,1
"10 · Hợp thể kéo nắp H",16.6671,7.0794,0.6403,0.0000,0.0000,1
"10 · Hợp thể kéo nắp H",16.6665,7.1813,0.5847,0.0000,0.0000,1
"10 · Hợp thể kéo nắp H",16.6668,7.1408,0.7430,0.0000,0.0000,1
"10 · Hợp thể kéo nắp H",16.6666,7.3616,0.6152,0.0000,0.0000,1
"10 · Hợp thể kéo nắp H",16.6679,7.4139,0.5634,0.0000,0.0000,1
"10 · Hợp thể kéo nắp H",16.6663,7.3362,0.6392,0.0000,0.0000,1
"10 · Hợp thể kéo nắp H",16.6668,7.2059,0.6127,0.0000,0.0000,1
"10 · Hợp thể kéo nắp H",16.6672,7.2890,33.6795,32.8891,0.0000,1
"10 · Hợp thể kéo nắp H",49.9684,7.4102,1.7531,0.0000,0.0000,1
"10 · Hợp thể kéo nắp H",16.6668,7.2955,0.6092,0.0000,0.0000,1
"10 · Hợp thể kéo nắp H",16.7323,7.3507,0.5658,0.0000,0.0000,1
"10 · Hợp thể kéo nắp H",16.6663,7.5562,0.5428,0.0000,0.0000,1
"10 · Hợp thể kéo nắp H",16.6763,7.1408,0.6678,0.0000,0.0000,1
"10 · Hợp thể kéo nắp H",16.6567,7.3645,0.7310,0.0000,0.0000,1
"10 · Hợp thể kéo nắp H",16.6665,8.2572,0.8112,0.0000,0.0000,1
"10 · Hợp thể kéo nắp H",16.6676,8.2211,0.7748,0.0000,0.0000,1
"10 · Hợp thể kéo nắp H",16.6675,7.8943,0.8206,0.0000,0.0000,1
"10 · Hợp thể kéo nắp H",16.6668,8.8403,0.6952,0.0000,0.0000,1
"10 · Hợp thể kéo nắp H",16.6653,8.4178,0.7032,0.0000,0.0000,1
"10 · Hợp thể kéo nắp H",16.6667,8.3280,0.6399,0.0000,0.0000,1
"10 · Hợp thể kéo nắp H",16.6668,8.3379,0.5970,0.0000,0.0000,1
"10 · Hợp thể kéo nắp H",16.6685,8.2017,0.6474,0.0000,0.0000,1
"10 · Hợp thể kéo nắp H",16.6648,8.0459,0.5919,0.0000,0.0000,1
"10 · Hợp thể kéo nắp H",16.6673,7.8336,0.6064,0.0000,0.0000,1
"10 · Hợp thể kéo nắp H",16.6676,8.0439,0.7183,0.0000,0.0000,1
"10 · Hợp thể kéo nắp H",16.6653,7.9947,0.7906,0.0000,0.0000,1
"10 · Hợp thể kéo nắp H",16.6666,8.1008,0.8720,0.0000,0.0000,1
"10 · Hợp thể kéo nắp H",16.6674,8.1577,0.8352,0.0000,0.0000,1
"10 · Hợp thể kéo nắp H",16.6659,7.9582,0.6230,0.0000,0.0000,1
"10 · Hợp thể kéo nắp H",16.6692,8.0572,0.7393,0.0000,0.0000,1
"10 · Hợp thể kéo nắp H",16.6653,7.8560,0.6635,0.0000,0.0000,1
"10 · Hợp thể kéo nắp H",16.6657,7.8320,0.6181,0.0000,0.0000,1
"10 · Hợp thể kéo nắp H",16.6678,7.8669,0.6327,0.0000,0.0000,1
"10 · Hợp thể kéo nắp H",16.6667,7.8593,0.6075,0.0000,0.0000,1
"10 · Hợp thể kéo nắp H",16.6690,8.0708,0.6120,0.0000,0.0000,1
"10 · Hợp thể kéo nắp H",16.6637,7.9479,0.6778,0.0000,0.0000,1
"10 · Hợp thể kéo nắp H",16.6731,7.9041,0.6381,0.0000,0.0000,1
"10 · Hợp thể kéo nắp H",16.6639,7.8153,0.5992,0.0000,0.0000,1
"10 · Hợp thể kéo nắp H",16.6666,7.8826,0.7485,0.0000,0.0000,1
"10 · Hợp thể kéo nắp H",16.6668,7.7794,0.6577,0.0000,0.0000,1
"10 · Hợp thể kéo nắp H",16.6677,7.9749,0.7105,0.0000,0.0000,1
"10 · Hợp thể kéo nắp H",16.6663,8.0194,0.6322,0.0000,0.0000,1
"10 · Hợp thể kéo nắp H",16.6658,8.0234,0.6773,0.0000,0.0000,1
"10 · Hợp thể kéo nắp H",16.6711,7.8244,0.5929,0.0000,0.0000,1
"10 · Hợp thể kéo nắp H",16.6632,7.5741,0.6482,0.0000,0.0000,1
"10 · Hợp thể kéo nắp H",16.6680,7.6859,0.6566,0.0000,0.0000,1
"10 · Hợp thể kéo nắp H",16.6658,7.5987,0.6784,0.0000,0.0000,1
"10 · Hợp thể kéo nắp H",16.6659,7.9453,33.1126,32.4263,0.0000,1
"10 · Hợp thể kéo nắp H",49.7286,8.0327,1.7153,0.0000,0.0000,1
"10 · Hợp thể kéo nắp H",16.6651,8.0079,0.7112,0.0000,0.0000,1
"10 · Hợp thể kéo nắp H",16.7824,7.8383,0.6993,0.0000,0.0000,1
"10 · Hợp thể kéo nắp H",16.6671,8.4787,0.5523,0.0000,0.0000,1
"10 · Hợp thể kéo nắp H",16.6807,8.3014,0.5881,0.0000,0.0000,1
"10 · Hợp thể kéo nắp H",16.6671,8.1927,0.6615,0.0000,0.0000,1
"10 · Hợp thể kéo nắp H",16.6739,8.2838,0.5947,0.0000,0.0000,1
"10 · Hợp thể kéo nắp H",16.6669,8.3548,0.5576,0.0000,0.0000,1
"10 · Hợp thể kéo nắp H",16.6667,8.4009,0.5938,0.0000,0.0000,1
"10 · Hợp thể kéo nắp H",16.6663,8.0544,0.6711,0.0000,0.0000,1
"10 · Hợp thể kéo nắp H",16.9275,8.3650,0.6916,0.0000,0.0000,1
"10 · Hợp thể kéo nắp H",16.6679,8.2219,0.6956,0.0000,0.0000,1
"10 · Hợp thể kéo nắp H",16.6660,8.2360,0.8550,0.0000,0.0000,1
"10 · Hợp thể kéo nắp H",16.6681,8.3466,0.7699,0.0000,0.0000,1
"10 · Hợp thể kéo nắp H",16.6680,8.1214,0.8365,0.0000,0.0000,1
"10 · Hợp thể kéo nắp H",16.6640,8.2719,0.7245,0.0000,0.0000,1
"10 · Hợp thể kéo nắp H",16.6683,8.3458,0.7930,0.0000,0.0000,1
"10 · Hợp thể kéo nắp H",16.6654,8.5686,0.5716,0.0000,0.0000,1
"10 · Hợp thể kéo nắp H",16.6730,8.4649,0.8038,0.0000,0.0000,1
"10 · Hợp thể kéo nắp H",16.6607,8.3503,0.6376,0.0000,0.0000,1
"10 · Hợp thể kéo nắp H",16.6678,8.2166,0.8305,0.0000,0.0000,1
"10 · Hợp thể kéo nắp H",16.6656,8.3211,0.6103,0.0000,0.0000,1
"10 · Hợp thể kéo nắp H",16.6686,8.4222,0.6068,0.0000,0.0000,1
"10 · Hợp thể kéo nắp H",16.6655,8.2482,0.5552,0.0000,0.0000,1
"10 · Hợp thể kéo nắp H",16.6679,8.4966,0.8231,0.0000,0.0000,1
"10 · Hợp thể kéo nắp H",16.6651,8.3139,0.6683,0.0000,0.0000,1
"10 · Hợp thể kéo nắp H",16.6675,8.4184,0.6930,0.0000,0.0000,1
"10 · Hợp thể kéo nắp H",16.6658,8.5165,0.8209,0.0000,0.0000,1
"10 · Hợp thể kéo nắp H",16.6664,8.3676,0.6848,0.0000,0.0000,1
"10 · Hợp thể kéo nắp H",16.6667,8.6152,0.7122,0.0000,0.0000,1
"10 · Hợp thể kéo nắp H",16.6673,8.3583,0.7500,0.0000,0.0000,1
"10 · Hợp thể kéo nắp H",16.6680,8.5229,0.7132,0.0000,0.0000,1
"10 · Hợp thể kéo nắp H",16.6687,8.4643,0.6844,0.0000,0.0000,1
"10 · Hợp thể kéo nắp H",16.6642,8.2178,0.6887,0.0000,0.0000,1
"10 · Hợp thể kéo nắp H",16.6661,8.4161,0.7265,0.0000,0.0000,1
"10 · Hợp thể kéo nắp H",16.6665,8.3734,0.6117,0.0000,0.0000,1
"10 · Hợp thể kéo nắp H",16.6670,8.4685,0.7631,0.0000,0.0000,1
"10 · Hợp thể kéo nắp H",16.6664,8.2446,0.7318,0.0000,0.0000,1
"10 · Hợp thể kéo nắp H",16.6670,8.7152,0.5889,0.0000,0.0000,1
"10 · Hợp thể kéo nắp H",16.6693,8.5242,33.7395,33.0193,0.0000,1
"10 · Hợp thể kéo nắp H",49.6901,8.0558,1.5893,0.0000,0.0000,1
"10 · Hợp thể kéo nắp H",16.6662,8.1084,0.5593,0.0000,0.0000,1
"10 · Hợp thể kéo nắp H",16.7282,8.1124,0.6030,0.0000,0.0000,1
"10 · Hợp thể kéo nắp H",16.6679,8.0014,0.6599,0.0000,0.0000,1
"10 · Hợp thể kéo nắp H",16.6658,7.8333,0.7361,0.0000,0.0000,1
"10 · Hợp thể kéo nắp H",16.6667,8.0501,0.5775,0.0000,0.0000,1
"10 · Hợp thể kéo nắp H",16.6692,8.0058,1.0289,0.0000,0.0000,1
"10 · Hợp thể kéo nắp H",16.6715,7.9315,0.6030,0.0000,0.0000,1
"10 · Hợp thể kéo nắp H",16.6659,7.7975,0.6902,0.0000,0.0000,1
"10 · Hợp thể kéo nắp H",16.6675,7.5667,0.6703,0.0000,0.0000,1
"10 · Hợp thể kéo nắp H",16.6667,7.5442,0.7114,0.0000,0.0000,1
"10 · Hợp thể kéo nắp H",16.6668,7.7160,0.6093,0.0000,0.0000,1
"10 · Hợp thể kéo nắp H",16.7349,7.5190,0.7237,0.0000,0.0000,1
"10 · Hợp thể kéo nắp H",16.6679,7.8219,0.6664,0.0000,0.0000,1
"10 · Hợp thể kéo nắp H",16.6650,7.6801,0.7357,0.0000,0.0000,1
"10 · Hợp thể kéo nắp H",16.6675,7.6994,0.6804,0.0000,0.0000,1
"10 · Hợp thể kéo nắp H",16.6682,7.3325,0.7737,0.0000,0.0000,1
"10 · Hợp thể kéo nắp H",16.6675,8.1299,0.7856,0.0000,0.0000,1
"10 · Hợp thể kéo nắp H",16.6659,7.8829,0.6859,0.0000,0.0000,1
"10 · Hợp thể kéo nắp H",16.6661,8.0384,0.5638,0.0000,0.0000,1
"10 · Hợp thể kéo nắp H",16.6712,7.9725,0.5760,0.0000,0.0000,1
"10 · Hợp thể kéo nắp H",16.6638,7.9268,0.5581,0.0000,0.0000,1
"10 · Hợp thể kéo nắp H",16.6678,7.9806,0.6400,0.0000,0.0000,1
"10 · Hợp thể kéo nắp H",16.6660,7.9792,0.6150,0.0000,0.0000,1
"10 · Hợp thể kéo nắp H",16.6671,7.8819,0.6378,0.0000,0.0000,1
"10 · Hợp thể kéo nắp H",16.6665,7.8369,0.7310,0.0000,0.0000,1
"10 · Hợp thể kéo nắp H",16.6662,7.8640,0.6808,0.0000,0.0000,1
"10 · Hợp thể kéo nắp H",16.6670,7.9322,0.6301,0.0000,0.0000,1
"10 · Hợp thể kéo nắp H",16.6687,7.9688,0.7736,0.0000,0.0000,1
"10 · Hợp thể kéo nắp H",16.6657,7.6146,0.7023,0.0000,0.0000,1
"10 · Hợp thể kéo nắp H",16.6862,7.8086,0.5942,0.0000,0.0000,1
"10 · Hợp thể kéo nắp H",16.6471,7.5011,0.6867,0.0000,0.0000,1
"10 · Hợp thể kéo nắp H",16.6661,7.5083,0.6703,0.0000,0.0000,1
"10 · Hợp thể kéo nắp H",16.6673,7.5590,0.6785,0.0000,0.0000,1
"10 · Hợp thể kéo nắp H",16.6662,7.7783,0.6695,0.0000,0.0000,1
"10 · Hợp thể kéo nắp H",16.6663,7.7218,0.6119,0.0000,0.0000,1
"10 · Hợp thể kéo nắp H",16.6688,7.4578,0.7317,0.0000,0.0000,1
"10 · Hợp thể kéo nắp H",16.6662,7.7850,0.7011,0.0000,0.0000,1
"10 · Hợp thể kéo nắp H",16.6658,7.5747,0.6908,0.0000,0.0000,1
"10 · Hợp thể kéo nắp H",16.6661,7.5601,33.6162,32.8714,0.0000,1
"10 · Hợp thể kéo nắp H",49.9378,7.8928,1.7970,0.0000,0.0000,1
"10 · Hợp thể kéo nắp H",16.6673,7.6146,0.5590,0.0000,0.0000,1
"10 · Hợp thể kéo nắp H",16.6666,7.4875,0.6220,0.0000,0.0000,1
"10 · Hợp thể kéo nắp H",16.6658,7.6553,0.5898,0.0000,0.0000,1
"10 · Hợp thể kéo nắp H",16.6680,8.0037,0.5889,0.0000,0.0000,1
"10 · Hợp thể kéo nắp H",16.6654,8.0076,0.6938,0.0000,0.0000,1
"10 · Hợp thể kéo nắp H",16.6668,8.5777,0.5939,0.0000,0.0000,1
"10 · Hợp thể kéo nắp H",16.6670,8.4616,0.5720,0.0000,0.0000,1
"10 · Hợp thể kéo nắp H",16.6665,8.4064,0.6208,0.0000,0.0000,1
"10 · Hợp thể kéo nắp H",16.6663,8.3573,0.6378,0.0000,0.0000,1
"10 · Hợp thể kéo nắp H",16.6673,8.5170,0.7057,0.0000,0.0000,1
"10 · Hợp thể kéo nắp H",16.6681,8.2006,0.6881,0.0000,0.0000,1
"10 · Hợp thể kéo nắp H",16.6654,8.4745,0.5917,0.0000,0.0000,1
"10 · Hợp thể kéo nắp H",16.6697,8.3985,0.6738,0.0000,0.0000,1
"10 · Hợp thể kéo nắp H",16.6635,8.7813,0.6509,0.0000,0.0000,1
"10 · Hợp thể kéo nắp H",16.6667,8.4095,0.7571,0.0000,0.0000,1
"10 · Hợp thể kéo nắp H",16.6673,8.4180,0.6296,0.0000,0.0000,1
"10 · Hợp thể kéo nắp H",16.6666,8.4460,0.6142,0.0000,0.0000,1
"10 · Hợp thể kéo nắp H",16.6673,8.3794,0.7265,0.0000,0.0000,1
"10 · Hợp thể kéo nắp H",16.6658,8.3650,0.5917,0.0000,0.0000,1
"10 · Hợp thể kéo nắp H",16.6676,8.4084,0.6125,0.0000,0.0000,1
"10 · Hợp thể kéo nắp H",16.6664,8.4447,0.6800,0.0000,0.0000,1
"10 · Hợp thể kéo nắp H",16.6668,8.2496,0.5826,0.0000,0.0000,1
"10 · Hợp thể kéo nắp H",16.6689,8.3971,0.5927,0.0000,0.0000,1
"10 · Hợp thể kéo nắp H",16.6642,8.3937,0.6620,0.0000,0.0000,1
"10 · Hợp thể kéo nắp H",16.6668,8.4461,0.6300,0.0000,0.0000,1
"10 · Hợp thể kéo nắp H",16.6668,8.2317,0.5845,0.0000,0.0000,1
"10 · Hợp thể kéo nắp H",16.6669,8.2229,0.6556,0.0000,0.0000,1
"10 · Hợp thể kéo nắp H",16.6669,8.0972,0.6201,0.0000,0.0000,1
"10 · Hợp thể kéo nắp H",16.6845,7.6851,0.6992,0.0000,0.0000,1
"10 · Hợp thể kéo nắp H",16.6670,7.9630,0.6727,0.0000,0.0000,1
"10 · Hợp thể kéo nắp H",16.6675,8.0276,0.6513,0.0000,0.0000,1
"10 · Hợp thể kéo nắp H",16.6659,8.0028,0.7727,0.0000,0.0000,1
"10 · Hợp thể kéo nắp H",16.6678,7.9419,0.6826,0.0000,0.0000,1
"10 · Hợp thể kéo nắp H",16.6656,7.9919,0.6765,0.0000,0.0000,1
"10 · Hợp thể kéo nắp H",16.6664,8.0164,0.6664,0.0000,0.0000,1
"10 · Hợp thể kéo nắp H",16.6670,8.1051,0.7827,0.0000,0.0000,1
"10 · Hợp thể kéo nắp H",16.6667,8.0243,0.6495,0.0000,0.0000,1
"10 · Hợp thể kéo nắp H",16.6671,7.9750,0.7568,0.0000,0.0000,1
"10 · Hợp thể kéo nắp H",16.6678,7.8875,33.8926,33.1727,0.0000,1
"10 · Hợp thể kéo nắp H",49.9697,8.0290,1.6337,0.0000,0.0000,1
"10 · Hợp thể kéo nắp H",16.6680,8.2470,0.6469,0.0000,0.0000,1
"10 · Hợp thể kéo nắp H",16.6657,8.1877,0.6244,0.0000,0.0000,1
"10 · Hợp thể kéo nắp H",16.6675,7.9723,0.6546,0.0000,0.0000,1
"10 · Hợp thể kéo nắp H",16.6667,8.0380,0.6609,0.0000,0.0000,1
"10 · Hợp thể kéo nắp H",16.6668,8.0473,0.6944,0.0000,0.0000,1
"10 · Hợp thể kéo nắp H",16.6663,8.0427,0.5621,0.0000,0.0000,1
"10 · Hợp thể kéo nắp H",16.6664,8.2309,0.6892,0.0000,0.0000,1
"10 · Hợp thể kéo nắp H",16.6815,7.9384,0.5618,0.0000,0.0000,1
"10 · Hợp thể kéo nắp H",16.6655,8.1725,0.6921,0.0000,0.0000,1
"10 · Hợp thể kéo nắp H",16.6670,8.1793,0.5525,0.0000,0.0000,1
"10 · Hợp thể kéo nắp H",16.6673,8.1436,0.7559,0.0000,0.0000,1
"10 · Hợp thể kéo nắp H",16.6681,8.1715,0.6331,0.0000,0.0000,1
"10 · Hợp thể kéo nắp H",16.6674,7.9977,0.6275,0.0000,0.0000,1
"10 · Hợp thể kéo nắp H",16.6658,7.8363,0.5873,0.0000,0.0000,1
"10 · Hợp thể kéo nắp H",16.6667,8.0781,0.6482,0.0000,0.0000,1
"10 · Hợp thể kéo nắp H",16.6666,7.9159,0.7366,0.0000,0.0000,1
"10 · Hợp thể kéo nắp H",16.6675,7.7263,0.7159,0.0000,0.0000,1
"10 · Hợp thể kéo nắp H",16.6652,7.9646,0.6812,0.0000,0.0000,1
"10 · Hợp thể kéo nắp H",16.6664,7.8632,0.6522,0.0000,0.0000,1
"10 · Hợp thể kéo nắp H",16.6670,7.8755,0.6659,0.0000,0.0000,1
"10 · Hợp thể kéo nắp H",16.6671,7.8940,0.7541,0.0000,0.0000,1
"10 · Hợp thể kéo nắp H",16.6661,8.0589,0.6471,0.0000,0.0000,1
"10 · Hợp thể kéo nắp H",16.6668,8.1787,0.6865,0.0000,0.0000,1
"10 · Hợp thể kéo nắp H",16.6672,8.2010,0.5985,0.0000,0.0000,1
"10 · Hợp thể kéo nắp H",16.6661,8.0216,0.5666,0.0000,0.0000,1
"10 · Hợp thể kéo nắp H",16.6668,7.6983,0.5797,0.0000,0.0000,1
"10 · Hợp thể kéo nắp H",16.6663,7.5534,0.5818,0.0000,0.0000,1
"10 · Hợp thể kéo nắp H",16.6679,7.4065,0.6332,0.0000,0.0000,1
"10 · Hợp thể kéo nắp H",16.6670,7.5319,0.7052,0.0000,0.0000,1
"10 · Hợp thể kéo nắp H",16.6656,7.9305,0.7672,0.0000,0.0000,1
"10 · Hợp thể kéo nắp H",16.6684,8.0720,0.6539,0.0000,0.0000,1
"10 · Hợp thể kéo nắp H",16.6701,7.7930,0.6566,0.0000,0.0000,1
"10 · Hợp thể kéo nắp H",16.6654,8.0337,0.6429,0.0000,0.0000,1
"10 · Hợp thể kéo nắp H",16.6673,8.0316,0.6834,0.0000,0.0000,1
"10 · Hợp thể kéo nắp H",16.6684,7.8495,0.7298,0.0000,0.0000,1
"10 · Hợp thể kéo nắp H",16.6647,8.2326,0.6797,0.0000,0.0000,1
"10 · Hợp thể kéo nắp H",16.6670,8.0065,0.6058,0.0000,0.0000,1
"10 · Hợp thể kéo nắp H",16.6674,8.0645,0.7552,0.0000,0.0000,1
"10 · Hợp thể kéo nắp H",16.6658,7.5141,33.6422,32.9637,0.0000,1
"10 · Hợp thể kéo nắp H",49.9686,7.7642,1.6307,0.0000,0.0000,1
"10 · Hợp thể kéo nắp H",16.6661,7.7648,0.5565,0.0000,0.0000,1
"10 · Hợp thể kéo nắp H",16.6858,7.5784,0.6025,0.0000,0.0000,1
"10 · Hợp thể kéo nắp H",16.6632,7.5488,0.6988,0.0000,0.0000,1
"10 · Hợp thể kéo nắp H",16.6671,7.4909,0.7319,0.0000,0.0000,1
"10 · Hợp thể kéo nắp H",16.6666,7.6535,0.7006,0.0000,0.0000,1
"10 · Hợp thể kéo nắp H",16.6669,7.6242,0.7231,0.0000,0.0000,1
"10 · Hợp thể kéo nắp H",16.6804,7.7672,0.5647,0.0000,0.0000,1
"10 · Hợp thể kéo nắp H",16.6722,7.5599,0.7232,0.0000,0.0000,1
"10 · Hợp thể kéo nắp H",16.6653,7.8250,0.6746,0.0000,0.0000,1
"10 · Hợp thể kéo nắp H",16.6673,7.4782,0.6571,0.0000,0.0000,1
"10 · Hợp thể kéo nắp H",16.6665,7.6257,0.5715,0.0000,0.0000,1
"11 · Thoát ra ngoài",16.6667,7.1020,0.8796,32.8081,0.3478,1
"11 · Thoát ra ngoài",49.3281,7.1146,2.2649,0.0000,0.0000,1
"11 · Thoát ra ngoài",17.2133,6.5374,0.9526,0.0000,0.0000,1
"11 · Thoát ra ngoài",16.7851,6.6684,1.0104,0.0000,0.0000,1
"11 · Thoát ra ngoài",16.6903,6.8448,0.8802,0.0000,0.0000,1
"11 · Thoát ra ngoài",16.6666,6.7983,0.9727,0.0000,0.0000,1
"11 · Thoát ra ngoài",16.6668,6.7204,0.9869,0.0000,0.0000,1
"11 · Thoát ra ngoài",16.6665,6.7036,0.8185,0.0000,0.0000,1
"11 · Thoát ra ngoài",16.6664,6.6941,0.9025,0.0000,0.0000,1
"11 · Thoát ra ngoài",16.6672,6.7811,0.7783,0.0000,0.0000,1
"11 · Thoát ra ngoài",16.6672,6.7518,0.8181,0.0000,0.0000,1
"11 · Thoát ra ngoài",16.6663,6.9222,0.9171,0.0000,0.0000,1
"11 · Thoát ra ngoài",16.6673,7.3141,0.7850,0.0000,0.0000,1
"11 · Thoát ra ngoài",16.6663,7.2453,0.9192,0.0000,0.0000,1
"11 · Thoát ra ngoài",16.6680,7.3367,0.8317,0.0000,0.0000,1
"11 · Thoát ra ngoài",16.6653,7.1016,0.9405,0.0000,0.0000,1
"11 · Thoát ra ngoài",16.6690,7.2323,0.9042,0.0000,0.0000,1
"11 · Thoát ra ngoài",16.6682,7.2347,0.8930,0.0000,0.0000,1
"11 · Thoát ra ngoài",16.6635,7.2347,0.8451,0.0000,0.0000,1
"11 · Thoát ra ngoài",16.6668,7.5304,0.8930,0.0000,0.0000,1
"11 · Thoát ra ngoài",16.6675,7.8957,0.8662,0.0000,0.0000,1
"11 · Thoát ra ngoài",16.6683,7.7803,0.8939,0.0000,0.0000,1
"11 · Thoát ra ngoài",16.6667,7.9285,0.8601,0.0000,0.0000,1
"11 · Thoát ra ngoài",16.6671,7.6454,0.8062,0.0000,0.0000,1
"11 · Thoát ra ngoài",16.6716,7.6389,0.8482,0.0000,0.0000,1
"11 · Thoát ra ngoài",16.6593,7.7581,0.9106,0.0000,0.0000,1
"11 · Thoát ra ngoài",16.6665,7.8864,0.7692,0.0000,0.0000,1
"11 · Thoát ra ngoài",16.6675,7.8016,0.7957,0.0000,0.0000,1
"11 · Thoát ra ngoài",16.6661,7.7734,0.8897,0.0000,0.0000,1
"11 · Thoát ra ngoài",16.6684,8.3130,0.9398,0.0000,0.0000,1
"11 · Thoát ra ngoài",16.6661,8.1842,0.9316,0.0000,0.0000,1
"11 · Thoát ra ngoài",16.6656,8.0083,0.8865,0.0000,0.0000,1
"11 · Thoát ra ngoài",16.6680,8.0666,1.0054,0.0000,0.0000,1
"11 · Thoát ra ngoài",16.6661,8.0624,1.0368,0.0000,0.0000,1
"11 · Thoát ra ngoài",16.6670,7.9533,1.0052,0.0000,0.0000,1
"11 · Thoát ra ngoài",16.6661,8.0584,1.0464,0.0000,0.0000,1
"11 · Thoát ra ngoài",16.6676,7.9954,1.1105,0.0000,0.0000,1
"11 · Thoát ra ngoài",16.6664,8.0331,0.9648,0.0000,0.0000,1
"11 · Thoát ra ngoài",16.6675,7.6384,1.0924,0.0000,0.0000,1
"11 · Thoát ra ngoài",16.6653,7.8819,0.7676,0.0000,0.0000,1
"11 · Thoát ra ngoài",16.6731,7.8586,0.8948,0.0000,0.0000,1
"11 · Thoát ra ngoài",16.6612,7.7455,0.7667,0.0000,0.0000,1
"11 · Thoát ra ngoài",17.7259,8.0471,0.8182,0.0000,0.0000,1
"11 · Thoát ra ngoài",16.6660,7.8660,0.7904,0.0000,0.0000,1
"11 · Thoát ra ngoài",16.7179,7.8250,0.8188,0.0000,0.0000,1
"11 · Thoát ra ngoài",16.6641,7.8252,0.8651,0.0000,0.0000,1
"11 · Thoát ra ngoài",16.7221,7.8736,0.8163,0.0000,0.0000,1
"11 · Thoát ra ngoài",16.7300,7.7397,1.6074,0.0000,0.0000,1
"11 · Thoát ra ngoài",16.7544,7.9175,0.9280,0.0000,0.0000,1
"11 · Thoát ra ngoài",16.7815,8.0046,0.9002,0.0000,0.0000,1
"11 · Thoát ra ngoài",16.7709,7.7824,0.9643,0.0000,0.0000,1
"11 · Thoát ra ngoài",16.7814,7.8307,0.9132,0.0000,0.0000,1
"11 · Thoát ra ngoài",16.7110,7.8994,0.9024,0.0000,0.0000,1
"11 · Thoát ra ngoài",16.8526,7.9034,0.8881,0.0000,0.0000,1
"11 · Thoát ra ngoài",16.6676,7.9095,0.9035,0.0000,0.0000,1
"11 · Thoát ra ngoài",16.8315,7.8603,1.0283,0.0000,0.0000,1
"11 · Thoát ra ngoài",16.8531,7.5941,0.9624,0.0000,0.0000,1
"11 · Thoát ra ngoài",16.6671,7.6225,0.9936,0.0000,0.0000,1
"11 · Thoát ra ngoài",16.9017,7.7953,1.0471,0.0000,0.0000,1
"11 · Thoát ra ngoài",16.9141,7.6989,1.1215,0.0000,0.0000,1
"11 · Thoát ra ngoài",16.9521,7.7288,1.1121,0.0000,0.0000,1
"11 · Thoát ra ngoài",16.9881,7.5221,1.1353,0.0000,0.0000,1
"11 · Thoát ra ngoài",17.0287,7.7432,1.0978,0.0000,0.0000,1
"11 · Thoát ra ngoài",17.0946,7.5786,1.0959,0.0000,0.0000,1
"11 · Thoát ra ngoài",17.1453,7.9167,1.1103,0.0000,0.0000,1
"11 · Thoát ra ngoài",17.2239,7.6082,1.6151,0.0000,0.0000,1
"11 · Thoát ra ngoài",28.1573,7.5830,1.9984,0.0000,0.0000,1
"11 · Thoát ra ngoài",16.6705,7.2768,1.4771,0.0000,0.0000,1
"11 · Thoát ra ngoài",16.6628,7.2325,1.4072,0.0000,0.0000,1
"11 · Thoát ra ngoài",16.6666,7.1828,1.5567,0.0000,0.0000,1
"11 · Thoát ra ngoài",16.6672,7.1887,1.4956,0.0000,0.0000,1
"11 · Thoát ra ngoài",16.6665,7.3508,1.7683,0.0000,0.0000,1
"11 · Thoát ra ngoài",16.6664,7.5474,1.7772,0.0000,0.0000,1
"11 · Thoát ra ngoài",16.6673,7.5515,1.6537,0.0000,0.0000,1
"11 · Thoát ra ngoài",16.6671,7.2643,1.8030,0.0000,0.0000,1
"11 · Thoát ra ngoài",16.6693,7.2991,1.9150,0.0000,0.0000,1
"11 · Thoát ra ngoài",16.6643,8.0097,1.7959,0.0000,0.0000,1
"11 · Thoát ra ngoài",16.6659,7.9569,1.6065,0.0000,0.0000,1
"11 · Thoát ra ngoài",16.6679,7.8548,1.6562,0.0000,0.0000,1
"11 · Thoát ra ngoài",16.6758,7.9312,1.5488,0.0000,0.0000,1
"11 · Thoát ra ngoài",16.6654,7.8523,1.5963,0.0000,0.0000,1
"11 · Thoát ra ngoài",16.6677,7.8685,1.5526,0.0000,0.0000,1
"11 · Thoát ra ngoài",16.6656,8.0017,1.5091,0.0000,0.0000,1
"11 · Thoát ra ngoài",16.6722,6.6487,4.8186,0.0000,0.0000,1
"11 · Thoát ra ngoài",16.6617,6.7002,5.8121,0.0000,0.0000,1
"11 · Thoát ra ngoài",16.6670,6.5819,6.0535,0.0000,0.0000,1
"11 · Thoát ra ngoài",16.6658,6.8521,5.4965,0.0000,0.0000,1
"11 · Thoát ra ngoài",16.6673,6.6650,5.4788,0.0000,0.0000,1
"11 · Thoát ra ngoài",16.6671,6.7486,5.5804,0.0000,0.0000,1
"11 · Thoát ra ngoài",16.6668,6.5762,5.4729,0.0000,0.0000,1
"11 · Thoát ra ngoài",16.6667,6.6507,5.4810,0.0000,0.0000,1
"11 · Thoát ra ngoài",16.6663,6.6392,5.2324,0.0000,0.0000,1
"11 · Thoát ra ngoài",16.6669,6.4558,5.2273,0.0000,0.0000,1
"11 · Thoát ra ngoài",16.6665,6.7052,4.9192,0.0000,0.0000,1
"11 · Thoát ra ngoài",16.6676,6.5664,4.8608,0.0000,0.0000,1
"11 · Thoát ra ngoài",16.6673,6.5020,4.9136,0.0000,0.0000,1
"11 · Thoát ra ngoài",16.6658,6.4071,4.5897,0.0000,0.0000,1
"11 · Thoát ra ngoài",16.6672,6.4240,4.7451,0.0000,0.0000,1
"11 · Thoát ra ngoài",16.6673,6.3306,4.7909,0.0000,0.0000,1
"11 · Thoát ra ngoài",16.6788,6.4190,4.4853,0.0000,0.0000,1
"11 · Thoát ra ngoài",16.6615,6.3419,4.5856,0.0000,0.0000,1
"11 · Thoát ra ngoài",16.6668,6.2960,4.4135,0.0000,0.0000,1
"11 · Thoát ra ngoài",16.6674,6.4610,4.2596,0.0000,0.0000,1
"11 · Thoát ra ngoài",16.6675,6.2421,4.5242,0.0000,0.0000,1
"11 · Thoát ra ngoài",16.6663,6.3320,4.3872,0.0000,0.0000,1
"11 · Thoát ra ngoài",16.6661,6.3235,4.3871,0.0000,0.0000,1
"11 · Thoát ra ngoài",16.6665,6.3132,4.2745,0.0000,0.0000,1
"11 · Thoát ra ngoài",16.6672,6.5599,4.3436,0.0000,0.0000,1
"11 · Thoát ra ngoài",16.6669,6.4336,4.3175,0.0000,0.0000,1
"11 · Thoát ra ngoài",16.6668,6.3773,4.3742,0.0000,0.0000,1
"11 · Thoát ra ngoài",16.6669,6.2494,4.2867,0.0000,0.0000,1
"11 · Thoát ra ngoài",16.6663,6.4414,4.2478,0.0000,0.0000,1
"11 · Thoát ra ngoài",16.6677,6.2657,4.3677,0.0000,0.0000,1
"11 · Thoát ra ngoài",16.6658,6.3104,4.3034,0.0000,0.0000,1
"11 · Thoát ra ngoài",16.6674,6.1082,4.2104,0.0000,0.0000,1
"11 · Thoát ra ngoài",16.6674,6.0008,3.9845,0.0000,0.0000,1
"11 · Thoát ra ngoài",16.6658,6.0854,4.0465,0.0000,0.0000,1
"11 · Thoát ra ngoài",16.6665,5.9619,4.2115,0.0000,0.0000,1
"11 · Thoát ra ngoài",16.6674,6.1724,3.9247,0.0000,0.0000,1
"11 · Thoát ra ngoài",16.6688,5.9992,3.6100,0.0000,0.0000,1
"11 · Thoát ra ngoài",16.6643,6.0881,3.5755,0.0000,0.0000,1
"11 · Thoát ra ngoài",16.6675,5.9272,3.3198,0.0000,0.0000,1
"11 · Thoát ra ngoài",16.6653,5.9024,3.2786,0.0000,0.0000,1
"11 · Thoát ra ngoài",16.6682,5.7534,3.2103,0.0000,0.0000,1
"11 · Thoát ra ngoài",16.6668,5.7557,3.0388,0.0000,0.0000,1
"11 · Thoát ra ngoài",16.6658,5.5488,3.0122,0.0000,0.0000,1
"11 · Thoát ra ngoài",16.6664,5.4631,3.0139,0.0000,0.0000,1
"11 · Thoát ra ngoài",16.6688,5.8048,2.8228,0.0000,0.0000,1
"11 · Thoát ra ngoài",16.6650,5.5940,2.8599,0.0000,0.0000,1
"11 · Thoát ra ngoài",16.6663,5.4396,2.8899,0.0000,0.0000,1
"11 · Thoát ra ngoài",16.6676,5.3464,2.4694,0.0000,0.0000,1
"11 · Thoát ra ngoài",16.6656,5.2782,2.7043,0.0000,0.0000,1
"11 · Thoát ra ngoài",16.6702,5.2102,2.4768,0.0000,0.0000,1
"11 · Thoát ra ngoài",16.6630,5.1918,2.5921,0.0000,0.0000,1
"11 · Thoát ra ngoài",16.6668,5.1788,2.5687,0.0000,0.0000,1
"11 · Thoát ra ngoài",16.6673,5.1467,2.3976,0.0000,0.0000,1
"11 · Thoát ra ngoài",16.6661,5.1793,2.4897,0.0000,0.0000,1
"11 · Thoát ra ngoài",16.6669,5.2512,2.4757,0.0000,0.0000,1
"11 · Thoát ra ngoài",16.6668,5.2082,2.4297,0.0000,0.0000,1
"11 · Thoát ra ngoài",16.6670,5.0820,2.4016,0.0000,0.0000,1
"11 · Thoát ra ngoài",16.6672,5.1236,2.5324,0.0000,0.0000,1
"11 · Thoát ra ngoài",16.6668,4.9511,2.5793,0.0000,0.0000,1
"11 · Thoát ra ngoài",16.6687,4.9581,2.4286,0.0000,0.0000,1
"11 · Thoát ra ngoài",16.6693,5.0635,2.4387,0.0000,0.0000,1
"11 · Thoát ra ngoài",16.6617,5.0833,2.1965,0.0000,0.0000,1
"11 · Thoát ra ngoài",16.6687,4.8791,2.2862,0.0000,0.0000,1
"11 · Thoát ra ngoài",16.6654,4.8663,2.4569,0.0000,0.0000,1
"11 · Thoát ra ngoài",16.6701,4.8202,2.3699,0.0000,0.0000,1
"11 · Thoát ra ngoài",16.6645,4.7663,2.3639,0.0000,0.0000,1
"11 · Thoát ra ngoài",16.6657,4.7907,1.8842,0.0000,0.0000,1
"11 · Thoát ra ngoài",16.6667,4.8237,1.9415,0.0000,0.0000,1
"11 · Thoát ra ngoài",16.6672,4.7324,2.0125,0.0000,0.0000,1
"11 · Thoát ra ngoài",16.6677,4.6888,1.7892,0.0000,0.0000,1
"11 · Thoát ra ngoài",16.6662,4.6179,1.6001,0.0000,0.0000,1
"11 · Thoát ra ngoài",16.6657,4.6081,1.7845,0.0000,0.0000,1
"11 · Thoát ra ngoài",16.6675,4.7633,1.5886,0.0000,0.0000,1
"11 · Thoát ra ngoài",16.6666,4.6120,1.5833,0.0000,0.0000,1
"11 · Thoát ra ngoài",16.6659,4.6052,1.3931,0.0000,0.0000,1
"11 · Thoát ra ngoài",16.6681,4.6026,1.3201,0.0000,0.0000,1
"11 · Thoát ra ngoài",16.6675,4.5899,1.1539,0.0000,0.0000,1
"11 · Thoát ra ngoài",16.6653,4.6038,0.7228,0.0000,0.0000,1
"11 · Thoát ra ngoài",16.6669,4.4888,0.7024,0.0000,0.0000,1
"11 · Thoát ra ngoài",16.6698,4.4817,0.6322,0.0000,0.0000,1
"11 · Thoát ra ngoài",16.6660,4.5648,0.6795,0.0000,0.0000,1
"11 · Thoát ra ngoài",16.9678,6.6831,3.4010,0.0000,0.0000,1
"11 · Thoát ra ngoài",16.6668,3.9104,0.4773,0.0000,0.0000,1
"11 · Thoát ra ngoài",16.6672,3.9247,0.3682,0.0000,0.0000,1
"11 · Thoát ra ngoài",16.6802,3.9709,0.2746,0.0000,0.0000,1
"11 · Thoát ra ngoài",16.6675,4.0245,0.2741,0.0000,0.0000,1
"11 · Thoát ra ngoài",16.6679,3.8151,0.3033,0.0000,0.0000,1
"11 · Thoát ra ngoài",16.6639,3.8508,0.3081,0.0000,0.0000,1
"11 · Thoát ra ngoài",16.6676,3.7669,0.3048,0.0000,0.0000,1
"11 · Thoát ra ngoài",16.6738,3.7333,0.3391,0.0000,0.0000,1
"11 · Thoát ra ngoài",16.6690,4.0052,0.3411,0.0000,0.0000,1
"11 · Thoát ra ngoài",16.6654,4.1401,0.3061,0.0000,0.0000,1
"11 · Thoát ra ngoài",16.6676,3.8496,0.3097,0.0000,0.0000,1
"11 · Thoát ra ngoài",16.6655,3.8485,0.3088,0.0000,0.0000,1
"11 · Thoát ra ngoài",16.6661,3.8958,0.2609,0.0000,0.0000,1
"11 · Thoát ra ngoài",16.6732,3.8759,0.3206,0.0000,0.0000,1
"11 · Thoát ra ngoài",16.6657,4.0143,0.3010,0.0000,0.0000,1
"11 · Thoát ra ngoài",16.6662,4.0093,0.2583,0.0000,0.0000,1
"11 · Thoát ra ngoài",16.6673,3.8920,0.2124,0.0000,0.0000,1
"11 · Thoát ra ngoài",16.6669,3.8068,0.2697,0.0000,0.0000,1
"11 · Thoát ra ngoài",16.6679,3.8568,0.2244,0.0000,0.0000,1
"11 · Thoát ra ngoài",16.6655,3.8103,0.2804,0.0000,0.0000,1
"11 · Thoát ra ngoài",16.6698,3.9312,0.2674,0.0000,0.0000,1
"11 · Thoát ra ngoài",16.6726,3.8194,0.2774,0.0000,0.0000,1
"11 · Thoát ra ngoài",16.6823,3.8542,0.3207,0.0000,0.0000,1
"11 · Thoát ra ngoài",16.6730,3.8698,0.3707,0.0000,0.0000,1
"11 · Thoát ra ngoài",16.6564,3.7666,0.2858,0.0000,0.0000,1
"11 · Thoát ra ngoài",16.6676,3.7325,0.3622,0.0000,0.0000,1
"11 · Thoát ra ngoài",16.6657,3.7692,0.2795,0.0000,0.0000,1
"11 · Thoát ra ngoài",16.6665,3.7907,0.2671,0.0000,0.0000,1
"11 · Thoát ra ngoài",17.6277,3.8310,0.3577,0.0000,0.0000,1
"11 · Thoát ra ngoài",16.7113,3.8333,0.3179,0.0000,0.0000,1
"11 · Thoát ra ngoài",16.6938,3.8260,0.2770,0.0000,0.0000,1
"11 · Thoát ra ngoài",16.6899,3.7800,0.2799,0.0000,0.0000,1
"11 · Thoát ra ngoài",16.6957,3.8153,0.2456,0.0000,0.0000,1
"11 · Thoát ra ngoài",16.7026,3.8559,0.2767,0.0000,0.0000,1
"11 · Thoát ra ngoài",16.7373,3.7947,0.3151,0.0000,0.0000,1
"11 · Thoát ra ngoài",16.7167,3.7874,0.3734,0.0000,0.0000,1
"11 · Thoát ra ngoài",16.7698,3.7597,0.4085,0.0000,0.0000,1
"11 · Thoát ra ngoài",16.7333,3.7122,0.2994,0.0000,0.0000,1
"11 · Thoát ra ngoài",16.6693,3.8636,0.4664,0.0000,0.0000,1
"11 · Thoát ra ngoài",16.7473,3.9269,0.2859,0.0000,0.0000,1
"11 · Thoát ra ngoài",16.7771,3.8158,0.2467,0.0000,0.0000,1
"11 · Thoát ra ngoài",16.8804,4.0051,0.4110,0.0000,0.0000,1
"11 · Thoát ra ngoài",16.8155,4.0034,0.2999,0.0000,0.0000,1
"11 · Thoát ra ngoài",16.6637,3.7210,0.2813,0.0000,0.0000,1
"11 · Thoát ra ngoài",16.9000,3.8938,0.2775,0.0000,0.0000,1
"11 · Thoát ra ngoài",16.8497,4.0092,0.2354,0.0000,0.0000,1
"11 · Thoát ra ngoài",16.8812,3.7925,0.2344,0.0000,0.0000,1
"11 · Thoát ra ngoài",16.9411,3.9556,0.2379,0.0000,0.0000,1
"11 · Thoát ra ngoài",16.9769,3.8790,0.2561,0.0000,0.0000,1
"11 · Thoát ra ngoài",17.0159,3.9826,0.2922,0.0000,0.0000,1
"11 · Thoát ra ngoài",17.0816,3.7964,0.3260,0.0000,0.0000,1
"11 · Thoát ra ngoài",17.0490,3.9227,0.3114,0.0000,0.0000,1
"11 · Thoát ra ngoài",17.1576,3.7961,0.3546,0.0000,0.0000,1
"11 · Thoát ra ngoài",17.2528,3.8194,0.2977,0.0000,0.0000,1
"11 · Thoát ra ngoài",17.2977,3.9686,0.3223,0.0000,0.0000,1
"11 · Thoát ra ngoài",17.3921,3.9414,0.3937,0.0000,0.0000,1
"11 · Thoát ra ngoài",17.4818,4.3141,0.2563,0.0000,0.0000,1
"11 · Thoát ra ngoài",17.5830,3.7868,0.3086,0.0000,0.0000,1
"11 · Thoát ra ngoài",17.5033,3.7256,0.3821,0.0000,0.0000,1
"11 · Thoát ra ngoài",23.4153,3.9922,0.4491,0.0000,0.0000,1
"11 · Thoát ra ngoài",16.7776,3.7259,0.2580,0.0000,0.0000,1
"11 · Thoát ra ngoài",17.1070,3.9690,0.2551,0.0000,0.0000,1
"11 · Thoát ra ngoài",16.6666,3.7881,0.2803,0.0000,0.0000,1
"11 · Thoát ra ngoài",16.6718,3.7025,0.3615,0.0000,0.0000,1
"11 · Thoát ra ngoài",16.6635,3.7328,0.2864,0.0000,0.0000,1
"11 · Thoát ra ngoài",16.6660,3.6385,0.3276,0.0000,0.0000,1
"11 · Thoát ra ngoài",16.6722,3.8966,0.2748,0.0000,0.0000,1
"11 · Thoát ra ngoài",16.6660,3.8808,0.2613,0.0000,0.0000,1
"11 · Thoát ra ngoài",16.6672,3.9389,0.2454,0.0000,0.0000,1
"11 · Thoát ra ngoài",16.6682,3.7008,0.2410,0.0000,0.0000,1
"11 · Thoát ra ngoài",16.6655,3.7637,0.2615,0.0000,0.0000,1
"11 · Thoát ra ngoài",16.6658,3.6856,0.2542,0.0000,0.0000,1
"11 · Thoát ra ngoài",16.6684,3.7832,0.2517,0.0000,0.0000,1
"11 · Thoát ra ngoài",16.6815,3.6922,0.3355,0.0000,0.0000,1
"11 · Thoát ra ngoài",16.6692,3.7627,0.3074,0.0000,0.0000,1
"11 · Thoát ra ngoài",16.6805,3.6539,0.4011,0.0000,0.0000,1
"11 · Thoát ra ngoài",16.6643,3.8318,0.3166,0.0000,0.0000,1
"11 · Thoát ra ngoài",16.6673,3.7476,0.3267,0.0000,0.0000,1
"11 · Thoát ra ngoài",16.6691,3.6759,0.3093,0.0000,0.0000,1
"11 · Thoát ra ngoài",16.6648,3.6378,0.2993,0.0000,0.0000,1
"11 · Thoát ra ngoài",16.6707,3.6259,0.3036,0.0000,0.0000,1
"11 · Thoát ra ngoài",16.6624,3.7757,0.2648,0.0000,0.0000,1
"11 · Thoát ra ngoài",16.6654,3.7709,0.3216,0.0000,0.0000,1
"11 · Thoát ra ngoài",16.6746,3.7219,0.2735,0.0000,0.0000,1
"11 · Thoát ra ngoài",16.6600,3.6544,0.3527,0.0000,0.0000,1
"11 · Thoát ra ngoài",16.6919,3.6147,0.2798,0.0000,0.0000,1
"11 · Thoát ra ngoài",16.6671,3.6738,0.3533,0.0000,0.0000,1
"11 · Thoát ra ngoài",16.6683,3.6744,0.2841,0.0000,0.0000,1
"11 · Thoát ra ngoài",16.6636,3.6422,0.2948,0.0000,0.0000,1
"11 · Thoát ra ngoài",16.6681,3.6903,0.2682,0.0000,0.0000,1
"11 · Thoát ra ngoài",16.6654,3.7081,0.2558,0.0000,0.0000,1
"11 · Thoát ra ngoài",16.6684,3.8093,0.2814,0.0000,0.0000,1
"11 · Thoát ra ngoài",16.6660,3.6897,0.2882,0.0000,0.0000,1
"11 · Thoát ra ngoài",16.6673,3.7350,0.2740,0.0000,0.0000,1
"11 · Thoát ra ngoài",16.6666,3.7465,0.3022,0.0000,0.0000,1
"11 · Thoát ra ngoài",16.6651,3.6745,0.2490,0.0000,0.0000,1
"11 · Thoát ra ngoài",16.6698,3.7447,0.3077,0.0000,0.0000,1
"11 · Thoát ra ngoài",16.6641,3.6156,0.2516,0.0000,0.0000,1
"11 · Thoát ra ngoài",16.6670,3.8530,0.2681,0.0000,0.0000,1
"11 · Thoát ra ngoài",16.6664,3.6721,0.2544,0.0000,0.0000,1
"11 · Thoát ra ngoài",16.6681,3.6899,0.2685,0.0000,0.0000,1
"11 · Thoát ra ngoài",16.6688,3.7704,0.2752,0.0000,0.0000,1
"11 · Thoát ra ngoài",16.6666,3.6906,0.3072,0.0000,0.0000,1
"11 · Thoát ra ngoài",16.6698,3.7032,0.3054,0.0000,0.0000,1
"11 · Thoát ra ngoài",16.6627,3.7416,0.3443,0.0000,0.0000,1
"11 · Thoát ra ngoài",16.6768,3.7966,0.3667,0.0000,0.0000,1
"11 · Thoát ra ngoài",16.6870,3.7765,0.4818,0.0000,0.0000,1
"11 · Thoát ra ngoài",16.6635,4.1038,0.3044,0.0000,0.0000,1
"11 · Thoát ra ngoài",16.6660,3.8332,0.2474,0.0000,0.0000,1
"11 · Thoát ra ngoài",16.6895,3.9148,0.2403,0.0000,0.0000,1
"11 · Thoát ra ngoài",16.6674,4.0015,0.2665,0.0000,0.0000,1
"11 · Thoát ra ngoài",16.6661,4.0317,0.3092,0.0000,0.0000,1
"11 · Thoát ra ngoài",16.6667,3.7194,0.2815,0.0000,0.0000,1
"11 · Thoát ra ngoài",16.6670,3.7388,0.3067,0.0000,0.0000,1
"11 · Thoát ra ngoài",16.6663,3.7346,0.2641,0.0000,0.0000,1
"11 · Thoát ra ngoài",16.6675,3.6795,0.2505,0.0000,0.0000,1
"11 · Thoát ra ngoài",16.6669,3.7465,0.2621,0.0000,0.0000,1
"11 · Thoát ra ngoài",16.6726,3.7530,0.2817,0.0000,0.0000,1
"11 · Thoát ra ngoài",16.6648,3.8409,0.3001,0.0000,0.0000,1
"11 · Thoát ra ngoài",16.6677,3.8939,0.2918,0.0000,0.0000,1
"11 · Thoát ra ngoài",16.6680,3.6957,0.2610,0.0000,0.0000,1
"11 · Thoát ra ngoài",16.6651,3.8783,0.2406,0.0000,0.0000,1
"11 · Thoát ra ngoài",16.6668,3.7699,0.2503,0.0000,0.0000,1
"11 · Thoát ra ngoài",16.6665,3.7803,0.2786,0.0000,0.0000,1
"11 · Thoát ra ngoài",16.6666,3.7595,0.2686,0.0000,0.0000,1
"11 · Thoát ra ngoài",16.6678,3.7318,0.2696,0.0000,0.0000,1
"11 · Thoát ra ngoài",16.6657,3.8222,0.3732,0.0000,0.0000,1
"11 · Thoát ra ngoài",16.6656,4.0288,0.2563,0.0000,0.0000,1
"11 · Thoát ra ngoài",16.6682,3.8058,0.2923,0.0000,0.0000,1
"11 · Thoát ra ngoài",16.6666,3.8036,0.2673,0.0000,0.0000,1
"11 · Thoát ra ngoài",16.6667,3.6525,0.2945,0.0000,0.0000,1
"11 · Thoát ra ngoài",16.6675,3.8749,0.2579,0.0000,0.0000,1
"11 · Thoát ra ngoài",16.6678,3.7009,0.2743,0.0000,0.0000,1
"11 · Thoát ra ngoài",16.6650,3.7656,0.2647,0.0000,0.0000,1
"11 · Thoát ra ngoài",16.6692,3.8230,0.2809,0.0000,0.0000,1
"11 · Thoát ra ngoài",16.6664,3.7536,0.3030,0.0000,0.0000,1
"11 · Thoát ra ngoài",16.9897,3.7496,0.3711,0.0000,0.0000,1
"11 · Thoát ra ngoài",16.6678,3.7403,0.2654,0.0000,0.0000,1
"11 · Thoát ra ngoài",16.7780,3.9082,0.2954,0.0000,0.0000,1
"11 · Thoát ra ngoài",16.6479,3.6904,0.3826,0.0000,0.0000,1
"11 · Thoát ra ngoài",16.6862,3.7014,0.3524,0.0000,0.0000,1
"11 · Thoát ra ngoài",16.6890,3.7952,0.3155,0.0000,0.0000,1
"11 · Thoát ra ngoài",16.6840,3.7641,0.3278,0.0000,0.0000,1
"11 · Thoát ra ngoài",16.6845,3.6166,0.2992,0.0000,0.0000,1
"11 · Thoát ra ngoài",16.6705,3.7216,0.3589,0.0000,0.0000,1
"11 · Thoát ra ngoài",16.7094,3.6986,0.2653,0.0000,0.0000,1
"11 · Thoát ra ngoài",16.6681,3.7356,0.2795,0.0000,0.0000,1
"11 · Thoát ra ngoài",16.6645,3.8269,0.2491,0.0000,0.0000,1
"11 · Thoát ra ngoài",16.7256,3.8506,0.2607,0.0000,0.0000,1
"11 · Thoát ra ngoài",16.6846,3.7407,0.2907,0.0000,0.0000,1
"11 · Thoát ra ngoài",16.6638,3.6722,0.2641,0.0000,0.0000,1
"11 · Thoát ra ngoài",16.6790,3.7676,0.3274,0.0000,0.0000,1
"11 · Thoát ra ngoài",16.6819,4.0128,0.2397,0.0000,0.0000,1
"11 · Thoát ra ngoài",16.6651,3.7342,0.2354,0.0000,0.0000,1
"11 · Thoát ra ngoài",16.7414,3.9902,0.3194,0.0000,0.0000,1
"11 · Thoát ra ngoài",16.6754,3.9441,0.5393,0.0000,0.0000,1
"11 · Thoát ra ngoài",16.7133,3.7653,0.2831,0.0000,0.0000,1
"11 · Thoát ra ngoài",16.6943,3.8426,0.3754,0.0000,0.0000,1
"11 · Thoát ra ngoài",16.7185,3.9761,0.3740,0.0000,0.0000,1
"11 · Thoát ra ngoài",16.7291,3.7783,0.3628,0.0000,0.0000,1
"11 · Thoát ra ngoài",16.7456,3.8555,0.4078,0.0000,0.0000,1
"11 · Thoát ra ngoài",16.7374,3.8771,0.5126,0.0000,0.0000,1
"11 · Thoát ra ngoài",16.7545,3.7812,0.4616,0.0000,0.0000,1
"11 · Thoát ra ngoài",16.7756,3.8497,0.5884,0.0000,0.0000,1
"11 · Thoát ra ngoài",16.7897,3.8130,0.8571,0.0000,0.0000,1
"11 · Thoát ra ngoài",16.7941,3.8465,0.3304,0.0000,0.0000,1
"11 · Thoát ra ngoài",16.8675,3.8046,0.4949,0.0000,0.0000,1
"11 · Thoát ra ngoài",16.8343,3.7663,0.2539,0.0000,0.0000,1
"11 · Thoát ra ngoài",16.8679,3.6800,0.4992,0.0000,0.0000,1
"11 · Thoát ra ngoài",16.9628,3.7536,0.3414,0.0000,0.0000,1
"11 · Thoát ra ngoài",16.6654,3.8116,0.3528,0.0000,0.0000,1
"11 · Thoát ra ngoài",16.9459,3.7617,0.2570,0.0000,0.0000,1
"11 · Thoát ra ngoài",16.9810,3.7922,0.2552,0.0000,0.0000,1
"11 · Thoát ra ngoài",16.9800,3.8381,0.2622,0.0000,0.0000,1
"11 · Thoát ra ngoài",17.0305,3.7883,0.2991,0.0000,0.0000,1
"11 · Thoát ra ngoài",17.0558,4.0569,0.2617,0.0000,0.0000,1
"11 · Thoát ra ngoài",17.1142,3.6577,0.5238,0.0000,0.0000,1
"11 · Thoát ra ngoài",16.7887,3.8754,0.3920,0.0000,0.0000,1
"11 · Thoát ra ngoài",17.2095,3.7176,0.2465,0.0000,0.0000,1
"11 · Thoát ra ngoài",17.2742,3.7065,0.2427,0.0000,0.0000,1
"11 · Thoát ra ngoài",17.3691,3.7461,0.2403,0.0000,0.0000,1
"11 · Thoát ra ngoài",17.4631,3.9401,0.2401,0.0000,0.0000,1
"11 · Thoát ra ngoài",17.5812,3.7000,0.3116,0.0000,0.0000,1
"11 · Thoát ra ngoài",17.5745,3.6358,0.2499,0.0000,0.0000,1
"11 · Thoát ra ngoài",17.5792,3.6494,0.2864,0.0000,0.0000,1
"11 · Thoát ra ngoài",22.9463,3.7189,0.3705,0.0000,0.0000,1
"11 · Thoát ra ngoài",16.6654,3.7700,0.2625,0.0000,0.0000,1
"11 · Thoát ra ngoài",16.6937,3.6405,0.2662,0.0000,0.0000,1
"11 · Thoát ra ngoài",16.6657,3.6714,0.2429,0.0000,0.0000,1
"11 · Thoát ra ngoài",16.6670,3.7796,0.2328,0.0000,0.0000,1
"11 · Thoát ra ngoài",16.6675,3.7114,0.2369,0.0000,0.0000,1
"11 · Thoát ra ngoài",16.6670,3.6816,0.2488,0.0000,0.0000,1
"11 · Thoát ra ngoài",16.6671,3.8357,0.2546,0.0000,0.0000,1
"11 · Thoát ra ngoài",16.6662,3.8010,0.2382,0.0000,0.0000,1
"11 · Thoát ra ngoài",16.6670,3.7267,0.2586,0.0000,0.0000,1
"11 · Thoát ra ngoài",16.6658,4.0087,0.2422,0.0000,0.0000,1
"11 · Thoát ra ngoài",16.6682,3.8205,0.2511,0.0000,0.0000,1
"11 · Thoát ra ngoài",16.6655,3.7535,0.2476,0.0000,0.0000,1
"11 · Thoát ra ngoài",16.6672,3.8789,0.2495,0.0000,0.0000,1
"11 · Thoát ra ngoài",16.9345,3.6882,0.2449,0.0000,0.0000,1
"11 · Thoát ra ngoài",16.6667,3.8581,0.2481,0.0000,0.0000,1
"11 · Thoát ra ngoài",16.6667,3.7582,0.2525,0.0000,0.0000,1
"11 · Thoát ra ngoài",16.6676,3.8893,0.2382,0.0000,0.0000,1
"11 · Thoát ra ngoài",16.6658,3.9953,0.2545,0.0000,0.0000,1
"11 · Thoát ra ngoài",16.6670,3.9932,0.2920,0.0000,0.0000,1
"11 · Thoát ra ngoài",16.6665,4.1805,0.2326,0.0000,0.0000,1
"11 · Thoát ra ngoài",16.6676,4.0766,0.2406,0.0000,0.0000,1
"11 · Thoát ra ngoài",16.6666,3.9473,0.2910,0.0000,0.0000,1
"11 · Thoát ra ngoài",16.6672,3.8168,0.2801,0.0000,0.0000,1
"11 · Thoát ra ngoài",16.6668,3.9266,0.2528,0.0000,0.0000,1
"11 · Thoát ra ngoài",16.6667,3.9165,0.2550,0.0000,0.0000,1
"11 · Thoát ra ngoài",16.6670,3.8455,0.3498,0.0000,0.0000,1
"11 · Thoát ra ngoài",16.6663,3.9063,0.2572,0.0000,0.0000,1
"11 · Thoát ra ngoài",16.6665,4.1759,0.2570,0.0000,0.0000,1
"11 · Thoát ra ngoài",16.6680,3.9105,0.2765,0.0000,0.0000,1
"11 · Thoát ra ngoài",16.6666,3.9467,0.2689,0.0000,0.0000,1
"11 · Thoát ra ngoài",16.6674,3.7336,0.2510,0.0000,0.0000,1
"11 · Thoát ra ngoài",16.6652,3.8759,0.2612,0.0000,0.0000,1
"11 · Thoát ra ngoài",16.6673,3.8965,0.2811,0.0000,0.0000,1
"11 · Thoát ra ngoài",16.6658,4.0052,0.2546,0.0000,0.0000,1
"11 · Thoát ra ngoài",16.6683,3.7339,0.2863,0.0000,0.0000,1
"11 · Thoát ra ngoài",16.6804,3.7060,0.2581,0.0000,0.0000,1
"11 · Thoát ra ngoài",16.6642,3.7632,0.2541,0.0000,0.0000,1
"11 · Thoát ra ngoài",16.6674,3.9186,0.2611,0.0000,0.0000,1
"11 · Thoát ra ngoài",16.6670,4.1738,0.2474,0.0000,0.0000,1
"11 · Thoát ra ngoài",16.6673,3.7471,0.2682,0.0000,0.0000,1
"11 · Thoát ra ngoài",16.6717,3.8207,0.2716,0.0000,0.0000,1
"11 · Thoát ra ngoài",16.6700,3.8596,0.3073,0.0000,0.0000,1
"11 · Thoát ra ngoài",16.6639,3.8587,0.2628,0.0000,0.0000,1
"11 · Thoát ra ngoài",16.6664,3.9588,0.2405,0.0000,0.0000,1
"11 · Thoát ra ngoài",16.6678,3.9042,0.2500,0.0000,0.0000,1
"11 · Thoát ra ngoài",16.6663,3.7203,0.2588,0.0000,0.0000,1
"11 · Thoát ra ngoài",16.6679,3.7852,0.2559,0.0000,0.0000,1
"11 · Thoát ra ngoài",16.6729,3.8731,0.3664,0.0000,0.0000,1
"11 · Thoát ra ngoài",16.6735,4.1260,0.3452,0.0000,0.0000,1
"11 · Thoát ra ngoài",16.6566,3.7635,0.3109,0.0000,0.0000,1
"11 · Thoát ra ngoài",16.6670,3.7471,0.2368,0.0000,0.0000,1
"11 · Thoát ra ngoài",16.6672,3.7434,0.2449,0.0000,0.0000,1
"11 · Thoát ra ngoài",16.6673,3.9225,0.2447,0.0000,0.0000,1
"11 · Thoát ra ngoài",16.6668,3.7916,0.2719,0.0000,0.0000,1
"11 · Thoát ra ngoài",16.6666,3.7876,0.2577,0.0000,0.0000,1
"11 · Thoát ra ngoài",16.6670,3.7308,0.2824,0.0000,0.0000,1
"11 · Thoát ra ngoài",16.6712,3.9250,0.3982,0.0000,0.0000,1
"11 · Thoát ra ngoài",16.6637,3.8144,0.2822,0.0000,0.0000,1
"11 · Thoát ra ngoài",16.6659,3.9517,0.2416,0.0000,0.0000,1
"11 · Thoát ra ngoài",16.6672,3.9849,0.2793,0.0000,0.0000,1
"11 · Thoát ra ngoài",16.6645,3.7939,0.2396,0.0000,0.0000,1
"11 · Thoát ra ngoài",16.6682,3.9638,0.2718,0.0000,0.0000,1
"11 · Thoát ra ngoài",16.6680,3.8145,0.2528,0.0000,0.0000,1
"11 · Thoát ra ngoài",16.6650,3.9642,0.2629,0.0000,0.0000,1
"11 · Thoát ra ngoài",16.6665,3.8612,0.2478,0.0000,0.0000,1
"11 · Thoát ra ngoài",16.6676,4.0723,0.2863,0.0000,0.0000,1
"11 · Thoát ra ngoài",17.0749,3.8105,0.2545,0.0000,0.0000,1
"11 · Thoát ra ngoài",16.6660,3.8645,0.2794,0.0000,0.0000,1
"11 · Thoát ra ngoài",16.6666,3.8674,0.2646,0.0000,0.0000,1
"11 · Thoát ra ngoài",16.6678,3.8367,0.2663,0.0000,0.0000,1
"11 · Thoát ra ngoài",16.6657,3.7277,0.2459,0.0000,0.0000,1
"11 · Thoát ra ngoài",16.7318,3.6762,0.2439,0.0000,0.0000,1
"11 · Thoát ra ngoài",16.6972,3.7306,0.3719,0.0000,0.0000,1
"11 · Thoát ra ngoài",16.6667,3.8239,0.2446,0.0000,0.0000,1
"11 · Thoát ra ngoài",16.6700,3.8673,0.2850,0.0000,0.0000,1
"11 · Thoát ra ngoài",16.6656,3.7972,0.2869,0.0000,0.0000,1
"11 · Thoát ra ngoài",16.7370,4.1721,0.2620,0.0000,0.0000,1
"11 · Thoát ra ngoài",16.6886,3.6757,0.2766,0.0000,0.0000,1
"11 · Thoát ra ngoài",16.6975,3.8103,0.3014,0.0000,0.0000,1
"11 · Thoát ra ngoài",16.7670,3.8478,0.3232,0.0000,0.0000,1
"11 · Thoát ra ngoài",16.7105,3.6732,0.3417,0.0000,0.0000,1
"11 · Thoát ra ngoài",16.7886,3.8481,0.2561,0.0000,0.0000,1
"11 · Thoát ra ngoài",16.6650,3.6317,0.2518,0.0000,0.0000,1
"11 · Thoát ra ngoài",16.8046,3.9065,0.2926,0.0000,0.0000,1
"11 · Thoát ra ngoài",16.6926,3.7978,0.2434,0.0000,0.0000,1
"11 · Thoát ra ngoài",16.7750,3.8234,0.2524,0.0000,0.0000,1
"11 · Thoát ra ngoài",16.7110,3.9836,0.2452,0.0000,0.0000,1
"11 · Thoát ra ngoài",16.8397,3.7895,0.3270,0.0000,0.0000,1
"11 · Thoát ra ngoài",16.8155,3.8235,0.2721,0.0000,0.0000,1
"11 · Thoát ra ngoài",16.8481,3.9543,0.2571,0.0000,0.0000,1
"11 · Thoát ra ngoài",16.7834,4.0158,0.2771,0.0000,0.0000,1
"11 · Thoát ra ngoài",16.8162,3.6834,0.2505,0.0000,0.0000,1
"11 · Thoát ra ngoài",16.8190,3.7712,0.2426,0.0000,0.0000,1
"11 · Thoát ra ngoài",16.8340,3.7007,0.2456,0.0000,0.0000,1
"11 · Thoát ra ngoài",16.8993,3.6985,0.2445,0.0000,0.0000,1
"11 · Thoát ra ngoài",16.8941,3.7874,0.2399,0.0000,0.0000,1
"11 · Thoát ra ngoài",16.9275,3.6932,0.2452,0.0000,0.0000,1
"11 · Thoát ra ngoài",16.9644,3.6745,0.2414,0.0000,0.0000,1
"11 · Thoát ra ngoài",17.0278,3.7035,0.2388,0.0000,0.0000,1
"11 · Thoát ra ngoài",16.6667,3.6926,0.2386,0.0000,0.0000,1
"11 · Thoát ra ngoài",17.0708,3.6563,0.2428,0.0000,0.0000,1
"11 · Thoát ra ngoài",17.1268,3.7122,0.3963,0.0000,0.0000,1
"11 · Thoát ra ngoài",17.1822,3.7196,0.2712,0.0000,0.0000,1
"11 · Thoát ra ngoài",17.2194,3.8208,0.3210,0.0000,0.0000,1
"11 · Thoát ra ngoài",17.2644,3.7776,0.3195,0.0000,0.0000,1
"11 · Thoát ra ngoài",17.4310,3.7112,0.2797,0.0000,0.0000,1
"11 · Thoát ra ngoài",17.2500,3.7712,0.2554,0.0000,0.0000,1
"11 · Thoát ra ngoài",17.5881,3.7680,0.2690,0.0000,0.0000,1
"11 · Thoát ra ngoài",17.0620,3.7185,0.2460,0.0000,0.0000,1
"11 · Thoát ra ngoài",17.5742,3.6917,0.2434,0.0000,0.0000,1
"11 · Thoát ra ngoài",23.1163,3.9377,0.3619,0.0000,0.0000,1
